,fecha_scrapeo,temperatura,lluvia,d_viento,v_viento,racha_max,presion_hpa,dur_sol,estado_clima
0,2025-11-16 01:00:00,13.3,1.3,270.0,13.3,27.8,1007.9,0.0,9.0
1,2025-11-16 02:00:00,13.5,2.1,232.0,11.2,31.5,1007.3,0.0,9.0
2,2025-11-16 03:00:00,14.6,0.9,211.0,21.6,35.2,1006.2,0.0,8.0
3,2025-11-16 04:00:00,15.7,0.0,230.0,27.0,35.2,1005.6,0.0,3.0
4,2025-11-16 05:00:00,15.2,0.0,256.0,18.7,35.2,1005.9,0.0,3.0
5,2025-11-16 06:00:00,14.4,0.0,272.0,13.0,31.5,1005.6,0.0,3.0
6,2025-11-16 07:00:00,13.7,0.0,288.0,15.1,33.3,1006.1,0.0,3.0
7,2025-11-16 08:00:00,14.3,0.0,289.0,15.5,31.5,1006.8,21.0,3.0
8,2025-11-16 09:00:00,15.5,0.0,285.0,14.0,33.3,1007.3,30.0,1.0
9,2025-11-16 10:00:00,16.6,0.0,281.0,14.4,35.2,1007.4,36.0,1.0
10,2025-11-16 11:00:00,17.5,0.0,283.0,15.8,37.0,1007.2,41.0,1.0
11,2025-11-16 12:00:00,18.2,0.0,278.0,16.2,38.9,1006.6,45.0,1.0
12,2025-11-16 13:00:00,18.5,0.0,276.0,15.5,40.8,1006.3,51.0,2.0
13,2025-11-16 14:00:00,18.3,0.0,274.0,15.1,42.6,1006.1,54.0,3.0
14,2025-11-16 15:00:00,17.8,0.0,271.0,14.8,42.6,1006.3,48.0,3.0
15,2025-11-16 16:00:00,16.7,0.0,267.0,13.0,38.9,1006.9,38.0,1.0
16,2025-11-16 17:00:00,15.1,0.0,265.0,11.2,33.3,1007.6,22.0,2.0
17,2025-11-16 18:00:00,13.7,0.0,268.0,7.9,29.6,1008.5,0.0,2.0
18,2025-11-16 19:00:00,12.7,0.0,280.0,7.9,25.9,1009.3,0.0,1.0
19,2025-11-16 20:00:00,11.9,0.0,280.0,7.2,24.1,1009.6,0.0,1.0
20,2025-11-16 21:00:00,11.0,0.0,288.0,6.5,24.1,1009.9,0.0,1.0
21,2025-11-16 22:00:00,10.3,0.0,294.0,7.2,22.2,1010.1,0.0,1.0
22,2025-11-16 23:00:00,10.0,0.0,298.0,7.9,20.4,1010.2,0.0,1.0
23,2025-11-17 01:00:00,10.0,0.0,284.0,9.0,20.4,1009.8,0.0,1.0
24,2025-11-17 02:00:00,10.2,0.0,289.0,9.7,22.2,1009.9,0.0,1.0
25,2025-11-17 03:00:00,10.5,0.0,288.0,9.7,24.1,1009.8,0.0,1.0
26,2025-11-17 04:00:00,10.5,0.0,297.0,9.7,24.1,1010.0,0.0,1.0
27,2025-11-17 05:00:00,10.0,0.0,305.0,10.4,24.1,1010.3,0.0,1.0
28,2025-11-17 06:00:00,9.6,0.0,314.0,10.4,22.2,1010.7,0.0,1.0
29,2025-11-17 07:00:00,9.0,0.0,316.0,10.4,24.1,1011.1,0.0,1.0
30,2025-11-17 08:00:00,9.9,0.0,316.0,10.1,22.2,1011.7,37.0,1.0
31,2025-11-17 09:00:00,12.5,0.0,312.0,7.6,22.2,1012.3,50.0,1.0
32,2025-11-17 10:00:00,15.1,0.0,307.0,6.1,22.2,1012.5,55.0,1.0
33,2025-11-17 11:00:00,16.6,0.0,65.0,6.8,20.4,1012.1,54.0,3.0
34,2025-11-17 12:00:00,17.2,0.0,109.0,7.6,20.4,1011.2,54.0,3.0
35,2025-11-17 13:00:00,17.4,0.0,113.0,7.2,20.4,1011.0,55.0,1.0
36,2025-11-17 14:00:00,17.0,0.0,133.0,7.9,20.4,1011.1,51.0,1.0
37,2025-11-17 15:00:00,15.9,0.0,113.0,8.3,18.5,1011.6,44.0,3.0
38,2025-11-17 16:00:00,14.5,0.0,41.0,7.2,16.7,1012.2,34.0,3.0
39,2025-11-17 17:00:00,12.8,0.0,20.0,6.5,13.0,1012.7,18.0,3.0
40,2025-11-17 18:00:00,12.3,0.0,318.0,4.7,9.3,1013.1,0.0,3.0
41,2025-11-17 19:00:00,11.2,0.0,308.0,6.5,11.1,1013.4,0.0,2.0
42,2025-11-17 20:00:00,10.3,0.0,304.0,6.1,11.1,1013.6,0.0,1.0
43,2025-11-17 21:00:00,9.9,0.0,298.0,7.2,13.0,1013.8,0.0,1.0
44,2025-11-17 22:00:00,9.4,0.0,293.0,6.5,11.1,1014.0,0.0,1.0
45,2025-11-17 23:00:00,9.0,0.0,310.0,6.5,9.3,1014.1,0.0,1.0
46,2025-11-18 01:00:00,8.0,0.0,290.0,2.0,16.7,1014.0,0.0,1.0
47,2025-11-18 02:00:00,8.0,0.0,0.0,0.0,14.8,1014.0,0.0,2.0
48,2025-11-18 03:00:00,8.0,0.0,280.0,3.0,18.5,1014.0,0.0,2.0
49,2025-11-18 04:00:00,8.0,0.0,0.0,0.0,16.7,1014.0,0.0,1.0
50,2025-11-18 05:00:00,7.0,0.0,299.0,1.0,18.5,1014.0,0.0,2.0
51,2025-11-18 06:00:00,8.0,0.0,0.0,0.0,22.0,1014.0,0.0,1.0
52,2025-11-18 07:00:00,9.0,0.0,280.0,4.0,24.0,1015.0,0.0,1.0
53,2025-11-18 08:00:00,11.0,0.0,230.0,3.0,27.0,1016.0,30.0,2.0
54,2025-11-18 09:00:00,11.0,0.0,260.0,9.0,18.5,1017.0,44.0,2.0
55,2025-11-18 10:00:00,12.0,0.0,260.0,9.0,25.0,1017.0,50.0,1.0
56,2025-11-18 11:00:00,13.0,0.0,320.0,5.0,23.0,1017.0,52.0,1.0
57,2025-11-18 12:00:00,14.0,0.0,270.0,8.0,20.0,1016.0,52.0,1.0
58,2025-11-18 13:00:00,14.0,0.0,270.0,11.0,14.8,1016.0,54.0,1.0
59,2025-11-18 14:00:00,14.0,0.0,280.0,11.0,13.0,1016.0,55.0,1.0
60,2025-11-18 15:00:00,14.0,0.0,270.0,10.0,11.1,1015.0,51.0,1.0
61,2025-11-18 16:00:00,13.0,0.0,270.0,8.0,16.7,1015.0,42.0,1.0
62,2025-11-18 17:00:00,12.0,0.0,320.0,8.0,13.0,1016.0,22.0,1.0
63,2025-11-18 18:00:00,11.2,0.0,247.0,7.6,21.0,1017.1,0.0,1.0
64,2025-11-18 19:00:00,10.6,0.2,299.0,5.4,13.0,1017.6,0.0,17.0
65,2025-11-18 20:00:00,9.7,0.0,307.0,6.8,11.1,1017.8,0.0,3.0
66,2025-11-18 21:00:00,8.7,0.0,318.0,6.5,13.0,1017.7,0.0,3.0
67,2025-11-18 22:00:00,8.3,0.0,307.0,8.3,16.7,1017.4,0.0,3.0
68,2025-11-18 23:00:00,8.8,0.0,303.0,9.0,14.8,1017.2,0.0,3.0
69,2025-11-19 01:00:00,5.0,0.0,0.0,0.0,16.7,1016.0,0.0,3.0
70,2025-11-19 02:00:00,6.0,0.0,300.0,3.0,16.7,1016.0,0.0,3.0
71,2025-11-19 03:00:00,5.0,0.0,140.0,1.0,20.4,1015.0,0.0,3.0
72,2025-11-19 04:00:00,4.0,0.0,150.0,2.0,18.5,1015.0,0.0,2.0
73,2025-11-19 05:00:00,3.0,0.0,300.0,1.0,20.4,1015.0,0.0,1.0
74,2025-11-19 06:00:00,5.0,0.0,290.0,3.0,14.8,1015.0,0.0,1.0
75,2025-11-19 07:00:00,5.0,0.0,270.0,7.0,20.4,1015.0,0.0,1.0
76,2025-11-19 08:00:00,7.0,0.0,260.0,6.0,24.0,1015.0,41.0,1.0
77,2025-11-19 09:00:00,9.0,0.0,270.0,11.0,24.0,1015.0,55.0,2.0
78,2025-11-19 10:00:00,9.0,0.0,260.0,8.0,25.0,1014.0,60.0,3.0
79,2025-11-19 11:00:00,10.0,0.0,270.0,11.0,22.2,1014.0,60.0,3.0
80,2025-11-19 12:00:00,11.0,0.0,280.0,11.0,19.0,1013.0,60.0,3.0
81,2025-11-19 13:00:00,12.0,0.0,290.0,11.0,17.0,1012.0,60.0,2.0
82,2025-11-19 14:00:00,11.0,0.0,270.0,15.0,22.2,1011.0,57.0,1.0
83,2025-11-19 15:00:00,11.0,0.0,280.0,9.0,23.0,1011.0,49.0,1.0
84,2025-11-19 16:00:00,9.9,0.0,300.0,13.7,27.8,1012.1,42.0,3.0
85,2025-11-19 17:00:00,8.2,0.0,300.0,12.6,25.9,1012.6,20.0,2.0
86,2025-11-19 18:00:00,7.4,0.0,302.0,10.1,24.1,1012.8,0.0,2.0
87,2025-11-19 19:00:00,6.8,0.0,324.0,10.8,22.2,1013.2,0.0,3.0
88,2025-11-19 20:00:00,6.1,0.0,318.0,9.4,22.2,1013.2,0.0,3.0
89,2025-11-19 21:00:00,5.1,0.0,300.0,7.6,22.2,1013.1,0.0,2.0
90,2025-11-19 22:00:00,4.5,0.0,301.0,7.6,22.2,1013.0,0.0,1.0
91,2025-11-19 23:00:00,4.0,0.0,293.0,8.3,20.4,1012.8,0.0,1.0
92,2025-11-20 00:00:00,7.0,0.0,320.0,17.0,20.4,1013.0,0.0,1.0
93,2025-11-20 01:00:00,6.9,0.0,330.0,13.0,20.4,1013.1,0.0,1.0
94,2025-11-20 02:00:00,7.0,0.0,330.0,15.0,22.2,1013.0,0.0,1.0
95,2025-11-20 03:00:00,6.0,0.0,320.0,19.0,20.4,1012.0,0.0,1.0
96,2025-11-20 04:00:00,6.0,0.0,330.0,24.0,25.9,1012.0,0.0,1.0
97,2025-11-20 05:00:00,5.0,0.0,320.0,22.0,27.8,1012.0,0.0,2.0
98,2025-11-20 06:00:00,6.0,0.0,320.0,22.0,27.8,1012.0,0.0,2.0
99,2025-11-20 07:00:00,5.9,0.0,340.0,21.0,24.1,1013.0,0.0,2.0
100,2025-11-20 08:00:00,6.0,0.0,320.0,22.0,25.9,1013.0,0.0,2.0
101,2025-11-20 09:00:00,7.0,0.0,330.0,24.0,26.0,1013.0,20.0,2.0
102,2025-11-20 10:00:00,8.0,0.0,340.0,20.0,22.0,1014.0,23.0,2.0
103,2025-11-20 11:00:00,9.0,0.0,320.0,22.0,23.0,1014.0,21.0,3.0
104,2025-11-20 12:00:00,11.0,0.0,340.0,24.0,20.0,1013.0,22.0,3.0
105,2025-11-20 13:00:00,12.3,0.0,360.0,21.0,20.4,1013.5,25.0,3.0
106,2025-11-20 14:00:00,13.0,0.0,300.0,7.0,18.5,1013.0,31.0,3.0
107,2025-11-20 15:00:00,13.0,0.0,140.0,9.0,18.5,1012.0,36.0,2.0
108,2025-11-20 16:00:00,13.0,0.0,140.0,7.0,16.7,1013.0,31.0,2.0
109,2025-11-20 17:00:00,13.0,0.0,173.0,4.0,16.7,1013.0,28.0,1.0
110,2025-11-20 18:00:00,13.0,0.0,200.0,4.0,16.7,1013.0,13.0,2.0
111,2025-11-20 19:00:00,10.3,0.0,320.0,11.0,14.8,1013.9,0.0,2.0
112,2025-11-20 20:00:00,9.0,0.0,320.0,9.0,14.8,1014.0,0.0,2.0
113,2025-11-20 21:00:00,8.0,0.0,290.0,7.0,16.7,1014.0,0.0,2.0
114,2025-11-20 22:00:00,9.0,0.0,300.0,17.0,18.5,1014.0,0.0,2.0
115,2025-11-20 23:00:00,9.0,0.0,10.0,4.0,16.7,1013.0,0.0,2.0
116,2025-11-21 01:00:00,6.4,0.0,7.0,13.0,14.8,1013.9,0.0,2.0
117,2025-11-21 02:00:00,6.0,0.0,1.0,14.8,14.8,1014.0,0.0,2.0
118,2025-11-21 03:00:00,5.5,0.0,3.0,16.7,14.8,1014.1,0.0,2.0
119,2025-11-21 04:00:00,5.3,0.0,2.0,16.7,16.7,1014.3,0.0,2.0
120,2025-11-21 05:00:00,5.1,0.0,359.0,16.7,16.7,1014.7,0.0,2.0
121,2025-11-21 06:00:00,4.8,0.0,353.0,16.7,13.0,1015.2,0.0,2.0
122,2025-11-21 07:00:00,5.0,0.0,351.0,18.5,18.5,1015.7,0.0,2.0
123,2025-11-21 08:00:00,5.8,0.0,349.0,18.5,20.4,1016.4,39.0,2.0
124,2025-11-21 09:00:00,7.2,0.0,350.0,20.4,20.4,1016.8,55.0,2.0
125,2025-11-21 10:00:00,8.9,0.0,349.0,20.4,27.8,1017.3,60.0,2.0
126,2025-11-21 11:00:00,10.3,0.0,351.0,22.2,29.6,1017.7,60.0,2.0
127,2025-11-21 12:00:00,11.5,0.0,349.0,22.2,31.5,1017.6,60.0,2.0
128,2025-11-21 13:00:00,12.3,0.0,343.0,22.2,31.5,1017.7,60.0,2.0
129,2025-11-21 14:00:00,12.7,0.0,334.0,22.2,33.3,1017.8,60.0,2.0
130,2025-11-21 15:00:00,12.5,0.0,329.0,22.2,33.3,1018.1,56.0,2.0
131,2025-11-21 16:00:00,11.5,0.0,325.0,20.4,33.3,1018.8,45.0,2.0
132,2025-11-21 17:00:00,10.5,0.0,325.0,20.4,31.5,1019.2,25.0,2.0
133,2025-11-21 18:00:00,7.9,0.0,324.0,18.5,35.2,1019.7,0.0,1.0
134,2025-11-21 19:00:00,7.7,0.0,326.0,18.5,33.3,1020.5,0.0,1.0
135,2025-11-21 20:00:00,7.5,0.0,329.0,18.5,33.3,1020.9,0.0,1.0
136,2025-11-21 21:00:00,7.2,0.0,326.0,16.7,29.6,1021.4,0.0,1.0
137,2025-11-21 22:00:00,6.7,0.0,327.0,16.7,31.5,1021.5,0.0,1.0
138,2025-11-21 23:00:00,6.5,0.0,330.0,16.7,27.8,1021.7,0.0,1.0
139,2025-11-22 01:00:00,5.0,0.0,260.0,5.0,27.8,1022.0,0.0,1.0
140,2025-11-22 02:00:00,6.0,0.0,290.0,7.0,31.5,1022.0,0.0,1.0
141,2025-11-22 03:00:00,6.0,0.0,330.0,7.0,29.6,1022.0,0.0,1.0
142,2025-11-22 04:00:00,6.0,0.0,310.0,19.0,33.3,1021.0,0.0,1.0
143,2025-11-22 05:00:00,7.0,0.0,320.0,12.0,33.3,1022.0,0.0,1.0
144,2025-11-22 06:00:00,6.3,0.0,340.0,28.0,27.0,1021.8,0.0,1.0
145,2025-11-22 07:00:00,6.0,0.0,340.0,15.0,27.0,1022.0,0.0,1.0
146,2025-11-22 08:00:00,6.0,0.0,330.0,14.0,33.3,1023.0,50.0,1.0
147,2025-11-22 09:00:00,9.0,0.0,320.0,10.0,33.3,1023.0,60.0,1.0
148,2025-11-22 10:00:00,11.0,0.0,340.0,16.0,23.0,1023.0,60.0,1.0
149,2025-11-22 11:00:00,13.0,0.0,330.0,14.0,30.0,1023.0,60.0,1.0
150,2025-11-22 12:00:00,13.0,0.0,320.0,13.0,33.3,1022.0,60.0,1.0
151,2025-11-22 13:00:00,14.1,0.0,298.0,14.8,29.6,1022.9,60.0,1.0
152,2025-11-22 14:00:00,14.4,0.0,284.0,14.8,29.6,1022.8,60.0,2.0
153,2025-11-22 15:00:00,14.0,0.0,281.0,13.0,27.8,1022.8,53.0,2.0
154,2025-11-22 16:00:00,12.7,0.0,294.0,13.0,25.9,1022.8,40.0,2.0
155,2025-11-22 17:00:00,11.2,0.0,310.0,11.1,24.1,1022.9,21.0,2.0
156,2025-11-22 18:00:00,9.2,0.0,319.0,11.1,20.4,1023.1,0.0,2.0
157,2025-11-22 19:00:00,8.6,0.0,330.0,11.1,20.4,1023.1,0.0,2.0
158,2025-11-22 20:00:00,7.7,0.0,336.0,11.1,20.4,1023.2,0.0,2.0
159,2025-11-22 21:00:00,7.4,0.0,335.0,13.0,20.4,1023.2,0.0,1.0
160,2025-11-22 22:00:00,7.0,0.0,342.0,13.0,20.4,1023.1,0.0,2.0
161,2025-11-22 23:00:00,6.8,0.0,340.0,14.8,20.4,1023.0,0.0,2.0
162,2025-11-23 01:00:00,5.0,0.0,290.0,3.0,18.5,1022.0,0.0,2.0
163,2025-11-23 02:00:00,5.0,0.0,340.0,7.0,22.2,1021.0,0.0,2.0
164,2025-11-23 03:00:00,5.0,0.0,330.0,10.0,22.2,1021.0,0.0,2.0
165,2025-11-23 04:00:00,6.0,0.0,340.0,10.0,22.2,1021.0,0.0,2.0
166,2025-11-23 05:00:00,6.0,0.0,340.0,10.0,22.2,1020.0,0.0,2.0
167,2025-11-23 06:00:00,6.3,0.0,350.0,17.0,19.0,1020.5,0.0,2.0
168,2025-11-23 07:00:00,5.0,0.0,340.0,8.0,22.0,1020.0,0.0,2.0
169,2025-11-23 08:00:00,7.0,0.0,330.0,9.0,20.0,1020.0,29.0,2.0
170,2025-11-23 09:00:00,8.0,0.0,340.0,8.0,25.9,1020.0,42.0,2.0
171,2025-11-23 10:00:00,10.0,0.0,340.0,7.0,25.9,1021.0,55.0,1.0
172,2025-11-23 11:00:00,12.7,0.0,328.0,13.0,27.8,1020.1,54.0,2.0
173,2025-11-23 12:00:00,14.1,0.0,288.0,13.0,25.9,1019.4,50.0,2.0
174,2025-11-23 13:00:00,15.3,0.0,260.0,13.0,25.9,1018.6,50.0,2.0
175,2025-11-23 14:00:00,15.8,0.0,256.0,14.8,25.9,1018.1,43.0,2.0
176,2025-11-23 15:00:00,15.8,0.0,258.0,14.8,27.8,1017.7,33.0,2.0
177,2025-11-23 16:00:00,15.3,0.0,265.0,13.0,25.9,1017.5,24.0,2.0
178,2025-11-23 17:00:00,14.5,0.0,275.0,11.1,24.1,1017.5,11.0,2.0
179,2025-11-23 18:00:00,13.7,0.0,272.0,11.1,24.1,1017.5,0.0,2.0
180,2025-11-23 19:00:00,13.4,0.0,280.0,9.3,24.1,1017.3,0.0,2.0
181,2025-11-23 20:00:00,13.0,0.0,285.0,9.3,25.9,1017.1,0.0,2.0
182,2025-11-23 21:00:00,12.7,0.0,285.0,9.3,24.1,1016.9,0.0,2.0
183,2025-11-23 22:00:00,12.5,0.0,293.0,9.3,25.9,1016.3,0.0,2.0
184,2025-11-23 23:00:00,12.4,0.0,299.0,9.3,24.1,1015.7,0.0,2.0
185,2025-11-24 01:00:00,14.0,0.0,300.0,7.0,27.8,1014.0,0.0,2.0
186,2025-11-24 02:00:00,15.0,0.0,230.0,5.0,29.6,1013.0,0.0,2.0
187,2025-11-24 03:00:00,12.0,0.0,310.0,3.0,29.6,1012.0,0.0,2.0
188,2025-11-24 04:00:00,14.0,0.0,40.0,2.0,20.4,1011.0,0.0,2.0
189,2025-11-24 05:00:00,14.0,0.0,40.0,4.0,24.1,1010.0,0.0,2.0
190,2025-11-24 06:00:00,15.0,0.0,250.0,28.0,25.9,1010.1,0.0,3.0
191,2025-11-24 07:00:00,14.0,0.0,90.0,2.0,29.6,1010.0,0.0,2.0
192,2025-11-24 08:00:00,14.0,0.0,240.0,9.0,33.3,1009.0,22.0,2.0
193,2025-11-24 09:00:00,15.3,0.0,272.0,16.7,35.2,1009.7,33.0,2.0
194,2025-11-24 10:00:00,16.9,0.0,267.0,22.2,42.6,1009.0,38.0,2.0
195,2025-11-24 11:00:00,18.1,0.0,265.0,24.1,46.3,1007.9,42.0,2.0
196,2025-11-24 12:00:00,18.6,0.0,261.0,29.6,50.0,1006.9,41.0,2.0
197,2025-11-24 13:00:00,19.0,0.0,262.0,31.5,53.7,1005.8,44.0,2.0
198,2025-11-24 14:00:00,18.6,0.0,259.0,31.5,55.5,1005.1,36.0,2.0
199,2025-11-24 15:00:00,18.1,0.0,261.0,29.6,53.7,1004.7,26.0,2.0
200,2025-11-24 16:00:00,17.6,0.0,261.0,25.9,50.0,1004.5,21.0,2.0
201,2025-11-24 17:00:00,17.0,0.0,266.0,20.4,48.2,1004.5,11.0,2.0
202,2025-11-24 18:00:00,16.5,0.0,271.0,18.5,44.5,1004.5,0.0,2.0
203,2025-11-24 19:00:00,16.0,0.0,273.0,18.5,40.8,1004.9,0.0,2.0
204,2025-11-24 20:00:00,15.6,0.0,279.0,16.7,42.6,1005.3,0.0,2.0
205,2025-11-24 21:00:00,15.2,0.0,278.0,16.7,37.0,1005.6,0.0,2.0
206,2025-11-24 22:00:00,15.0,0.0,278.0,14.8,37.0,1005.9,0.0,2.0
207,2025-11-24 23:00:00,14.8,0.0,283.0,14.8,35.2,1005.9,0.0,2.0
208,2025-11-25 01:00:00,13.9,0.0,294.0,16.7,38.9,1006.1,0.0,2.0
209,2025-11-25 02:00:00,13.5,0.0,301.0,16.7,42.6,1006.2,0.0,2.0
210,2025-11-25 03:00:00,13.0,0.0,303.0,14.8,40.8,1006.3,0.0,2.0
211,2025-11-25 04:00:00,12.5,0.0,315.0,14.8,40.8,1006.7,0.0,2.0
212,2025-11-25 05:00:00,11.9,0.0,324.0,14.8,38.9,1007.1,0.0,2.0
213,2025-11-25 06:00:00,12.4,0.0,334.0,14.8,35.2,1007.7,0.0,2.0
214,2025-11-25 07:00:00,12.4,0.0,341.0,16.7,35.2,1008.4,0.0,2.0
215,2025-11-25 08:00:00,12.5,0.0,346.0,16.7,35.2,1009.1,36.0,2.0
216,2025-11-25 09:00:00,12.8,0.0,347.0,18.5,33.3,1009.8,49.0,2.0
217,2025-11-25 10:00:00,13.6,0.0,350.0,18.5,33.3,1010.2,52.0,2.0
218,2025-11-25 11:00:00,14.4,0.0,350.0,16.7,31.5,1010.1,47.0,2.0
219,2025-11-25 12:00:00,15.2,0.0,344.0,14.8,31.5,1009.8,42.0,2.0
220,2025-11-25 13:00:00,15.6,0.0,342.0,13.0,29.6,1009.6,41.0,2.0
221,2025-11-25 14:00:00,15.7,0.0,330.0,13.0,27.8,1009.5,37.0,2.0
222,2025-11-25 15:00:00,15.5,0.0,326.0,11.1,25.9,1009.6,33.0,2.0
223,2025-11-25 16:00:00,14.9,0.0,345.0,11.1,22.2,1010.0,25.0,2.0
224,2025-11-25 17:00:00,14.0,0.0,357.0,11.1,20.4,1010.6,13.0,2.0
225,2025-11-25 18:00:00,11.1,0.0,2.0,9.3,20.4,1011.2,0.0,2.0
226,2025-11-25 19:00:00,10.1,0.0,359.0,11.1,18.5,1011.7,0.0,2.0
227,2025-11-25 20:00:00,9.9,0.0,358.0,11.1,18.5,1012.3,0.0,2.0
228,2025-11-25 21:00:00,9.7,0.0,355.0,11.1,16.7,1013.0,0.0,2.0
229,2025-11-25 22:00:00,9.4,0.0,356.0,11.1,16.7,1013.3,0.0,2.0
230,2025-11-26 01:00:00,9.0,0.0,290.0,9.0,18.5,1013.0,0.0,2.0
231,2025-11-26 02:00:00,9.0,0.0,300.0,8.0,18.5,1014.0,0.0,2.0
232,2025-11-26 03:00:00,8.0,0.0,330.0,7.0,16.7,1014.0,0.0,2.0
233,2025-11-26 04:00:00,8.0,0.0,330.0,13.0,18.5,1013.0,0.0,2.0
234,2025-11-26 05:00:00,7.7,0.0,357.0,18.5,16.7,1015.7,0.0,2.0
235,2025-11-26 06:00:00,8.7,0.0,357.0,18.5,16.7,1016.1,0.0,2.0
236,2025-11-26 07:00:00,8.7,0.0,356.0,18.5,18.5,1016.6,0.0,2.0
237,2025-11-26 08:00:00,8.9,0.0,356.0,20.4,18.5,1017.0,35.0,2.0
238,2025-11-26 09:00:00,9.6,0.0,354.0,20.4,20.4,1017.6,46.0,2.0
239,2025-11-26 10:00:00,11.1,0.0,355.0,20.4,24.1,1017.6,51.0,2.0
240,2025-11-26 11:00:00,12.5,0.0,352.0,18.5,25.9,1017.8,50.0,2.0
241,2025-11-26 12:00:00,13.6,0.0,343.0,18.5,29.6,1017.5,47.0,2.0
242,2025-11-26 13:00:00,14.4,0.0,336.0,18.5,31.5,1017.1,47.0,2.0
243,2025-11-26 14:00:00,14.7,0.0,323.0,16.7,31.5,1016.7,46.0,2.0
244,2025-11-26 15:00:00,14.5,0.0,320.0,16.7,27.8,1017.0,44.0,2.0
245,2025-11-26 16:00:00,14.0,0.0,324.0,14.8,24.1,1017.3,33.0,2.0
246,2025-11-26 17:00:00,12.6,0.0,332.0,13.0,22.2,1018.0,18.0,2.0
247,2025-11-26 18:00:00,8.3,0.0,347.0,11.1,16.7,1018.4,0.0,1.0
248,2025-11-26 19:00:00,7.9,0.0,347.0,13.0,18.5,1018.7,0.0,1.0
249,2025-11-26 20:00:00,7.7,0.0,351.0,14.8,18.5,1018.9,0.0,1.0
250,2025-11-26 21:00:00,7.6,0.0,353.0,14.8,16.7,1019.3,0.0,1.0
251,2025-11-26 22:00:00,7.3,0.0,356.0,14.8,18.5,1019.6,0.0,1.0
252,2025-11-27 01:00:00,6.0,0.0,330.0,8.0,20.4,1019.0,0.0,1.0
253,2025-11-27 02:00:00,5.6,0.0,357.0,20.4,20.4,1019.3,0.0,1.0
254,2025-11-27 03:00:00,5.2,0.0,359.0,20.4,22.2,1019.3,0.0,1.0
255,2025-11-27 04:00:00,4.9,0.0,358.0,20.4,22.2,1019.3,0.0,1.0
256,2025-11-27 05:00:00,4.5,0.0,359.0,20.4,22.2,1019.5,0.0,1.0
257,2025-11-27 06:00:00,6.2,0.0,359.0,20.4,18.5,1019.7,0.0,1.0
258,2025-11-27 07:00:00,6.2,0.0,1.0,22.2,20.4,1020.0,0.0,1.0
259,2025-11-27 08:00:00,6.4,0.0,360.0,22.2,18.5,1020.3,46.0,1.0
260,2025-11-27 09:00:00,7.2,0.0,1.0,22.2,16.7,1020.6,60.0,1.0
261,2025-11-27 10:00:00,9.0,0.0,358.0,20.4,18.5,1020.7,60.0,1.0
262,2025-11-27 11:00:00,11.0,0.0,358.0,16.7,16.7,1020.5,60.0,1.0
263,2025-11-27 12:00:00,12.5,0.0,2.0,14.8,13.0,1020.0,60.0,1.0
264,2025-11-27 13:00:00,13.6,0.0,356.0,11.1,13.0,1019.7,60.0,1.0
265,2025-11-27 14:00:00,13.9,0.0,213.0,11.1,9.3,1019.6,60.0,1.0
266,2025-11-27 15:00:00,13.3,0.0,200.0,11.1,11.1,1019.8,55.0,1.0
267,2025-11-27 16:00:00,12.5,0.0,224.0,9.3,11.1,1020.1,40.0,1.0
268,2025-11-27 17:00:00,11.5,0.0,271.0,7.4,9.3,1020.5,22.0,1.0
269,2025-11-27 18:00:00,10.0,0.0,307.0,7.4,9.3,1020.9,0.0,1.0
270,2025-11-27 19:00:00,8.9,0.0,330.0,9.3,13.0,1021.3,0.0,1.0
271,2025-11-27 20:00:00,8.0,0.0,349.0,11.1,13.0,1021.5,0.0,1.0
272,2025-11-27 21:00:00,7.9,0.0,358.0,14.8,14.8,1021.9,0.0,1.0
273,2025-11-27 22:00:00,6.9,0.0,359.0,16.7,16.7,1021.9,0.0,1.0
274,2025-11-28 01:00:00,6.0,0.0,360.0,18.5,9.3,1021.7,0.0,1.0
275,2025-11-28 02:00:00,5.5,0.0,359.0,18.5,7.4,1021.5,0.0,1.0
276,2025-11-28 03:00:00,5.5,0.0,359.0,20.4,5.5,1021.3,0.0,1.0
277,2025-11-28 04:00:00,5.3,0.0,359.0,20.4,3.7,1021.3,0.0,1.0
278,2025-11-28 05:00:00,5.1,0.0,358.0,22.2,7.4,1021.2,0.0,2.0
279,2025-11-28 06:00:00,8.0,0.0,358.0,22.2,0.0,1021.4,0.0,2.0
280,2025-11-28 07:00:00,8.1,0.0,358.0,22.2,5.5,1021.7,0.0,2.0
281,2025-11-28 08:00:00,8.3,0.0,358.0,22.2,3.7,1021.9,26.0,2.0
282,2025-11-28 09:00:00,9.1,0.0,356.0,20.4,0.0,1021.8,39.0,2.0
283,2025-11-28 10:00:00,10.4,0.0,353.0,18.5,5.5,1021.8,47.0,2.0
284,2025-11-28 11:00:00,12.7,0.0,341.0,14.8,3.7,1021.4,47.0,2.0
285,2025-11-28 12:00:00,14.6,0.0,306.0,13.0,9.3,1020.9,43.0,2.0
286,2025-11-28 13:00:00,15.7,0.0,253.0,13.0,11.1,1020.2,45.0,2.0
287,2025-11-28 14:00:00,16.1,0.0,243.0,14.8,9.3,1020.0,43.0,2.0
288,2025-11-28 15:00:00,15.9,0.0,242.0,14.8,11.1,1019.8,41.0,2.0
289,2025-11-28 16:00:00,15.1,0.0,250.0,13.0,9.3,1019.8,31.0,2.0
290,2025-11-28 17:00:00,14.0,0.0,264.0,11.1,9.3,1019.9,17.0,2.0
291,2025-11-28 18:00:00,10.4,0.0,289.0,9.3,7.4,1019.9,0.0,2.0
292,2025-11-28 19:00:00,10.3,0.0,312.0,9.3,9.3,1020.2,0.0,2.0
293,2025-11-28 20:00:00,10.1,0.0,339.0,9.3,9.3,1020.3,0.0,2.0
294,2025-11-28 21:00:00,9.9,0.0,350.0,11.1,11.1,1020.4,0.0,2.0
295,2025-11-28 22:00:00,9.7,0.0,354.0,13.0,13.0,1020.3,0.0,2.0
296,2025-11-29 01:00:00,9.0,0.0,330.0,9.0,24.1,1018.0,0.0,1.0
297,2025-11-29 02:00:00,8.0,0.0,330.0,11.0,25.9,1018.0,0.0,1.0
298,2025-11-29 03:00:00,8.0,0.0,330.0,12.0,25.9,1017.0,0.0,2.0
299,2025-11-29 04:00:00,8.0,0.0,330.0,9.0,25.9,1017.0,0.0,2.0
300,2025-11-29 05:00:00,7.0,0.0,320.0,8.0,27.8,1017.0,0.0,2.0
301,2025-11-29 06:00:00,6.9,0.0,360.0,18.0,24.0,1017.1,0.0,1.0
302,2025-11-29 07:00:00,6.0,0.0,330.0,8.0,27.8,1017.0,0.0,2.0
303,2025-11-29 08:00:00,7.0,0.0,330.0,11.0,25.9,1017.0,17.0,2.0
304,2025-11-29 09:00:00,9.0,0.0,320.0,10.0,27.8,1017.0,28.0,2.0
305,2025-11-29 10:00:00,12.0,0.0,320.0,7.0,16.0,1016.0,33.0,2.0
306,2025-11-29 11:00:00,14.0,0.0,310.0,5.0,31.5,1016.0,35.0,2.0
307,2025-11-29 12:00:00,16.1,0.0,240.0,9.0,33.3,1015.0,38.0,3.0
308,2025-11-29 13:00:00,16.0,0.0,230.0,9.0,31.5,1014.0,38.0,2.0
309,2025-11-29 14:00:00,16.0,0.0,230.0,14.0,33.3,1013.0,37.0,2.0
310,2025-11-29 15:00:00,15.0,0.0,230.0,15.0,31.5,1012.0,34.0,2.0
311,2025-11-29 16:00:00,15.0,0.0,240.0,11.0,31.5,1012.0,27.0,2.0
312,2025-11-29 17:00:00,14.0,0.0,250.0,9.0,29.6,1012.0,14.0,2.0
313,2025-11-29 18:00:00,12.5,0.0,270.0,8.0,27.8,1012.7,0.0,3.0
314,2025-11-29 19:00:00,12.0,0.0,280.0,5.0,24.1,1013.0,0.0,2.0
315,2025-11-29 20:00:00,11.4,0.0,282.0,9.3,24.1,1012.9,0.0,2.0
316,2025-11-29 21:00:00,11.2,0.0,303.0,7.4,24.1,1012.8,0.0,2.0
317,2025-11-29 22:00:00,10.8,0.0,326.0,9.3,22.2,1012.6,0.0,2.0
318,2025-11-30 01:00:00,9.0,0.0,330.0,8.0,25.9,1011.0,0.0,2.0
319,2025-11-30 02:00:00,8.0,0.0,330.0,8.0,25.9,1011.0,0.0,2.0
320,2025-11-30 03:00:00,8.0,0.0,320.0,9.0,25.9,1011.0,0.0,2.0
321,2025-11-30 04:00:00,8.0,0.0,330.0,9.0,25.9,1011.0,0.0,2.0
322,2025-11-30 05:00:00,8.0,0.0,340.0,12.0,25.9,1011.0,0.0,2.0
323,2025-11-30 06:00:00,7.3,0.0,360.0,22.0,24.0,1012.1,0.0,2.0
324,2025-11-30 07:00:00,8.0,0.0,330.0,11.0,24.0,1012.0,0.0,2.0
325,2025-11-30 08:00:00,8.0,0.0,330.0,10.0,20.0,1013.0,30.0,2.0
326,2025-11-30 09:00:00,9.0,0.0,320.0,11.0,29.6,1014.0,36.0,2.0
327,2025-11-30 10:00:00,11.0,0.0,330.0,10.0,31.5,1015.0,40.0,2.0
328,2025-11-30 11:00:00,12.0,0.0,320.0,11.0,31.5,1015.0,43.0,2.0
329,2025-11-30 12:00:00,13.3,0.0,350.0,17.0,25.0,1015.3,44.0,2.0
330,2025-11-30 13:00:00,14.0,0.0,320.0,7.0,33.3,1014.0,45.0,2.0
331,2025-11-30 14:00:00,15.0,0.0,20.0,3.0,33.3,1015.0,44.0,2.0
332,2025-11-30 15:00:00,16.0,0.0,40.0,4.0,31.5,1015.0,40.0,2.0
333,2025-11-30 16:00:00,15.0,0.0,40.0,4.0,14.8,1015.0,16.0,2.0
334,2025-11-30 17:00:00,14.0,0.0,310.0,2.0,14.0,1016.0,7.0,2.0
335,2025-11-30 18:00:00,10.9,0.0,25.0,7.4,9.3,1016.9,0.0,2.0
336,2025-11-30 19:00:00,10.8,0.0,12.0,9.3,13.0,1017.6,0.0,2.0
337,2025-11-30 20:00:00,10.6,0.0,4.0,11.1,11.1,1018.0,0.0,2.0
338,2025-11-30 21:00:00,10.2,0.0,360.0,13.0,14.8,1018.5,0.0,2.0
339,2025-11-30 22:00:00,10.0,0.0,357.0,13.0,14.8,1018.8,0.0,2.0
340,2025-12-01 01:00:00,9.0,0.0,330.0,9.0,25.9,1019.0,0.0,2.0
341,2025-12-01 02:00:00,8.0,0.0,330.0,10.0,25.9,1019.0,0.0,2.0
342,2025-12-01 03:00:00,8.0,0.0,330.0,10.0,25.9,1019.0,0.0,2.0
343,2025-12-01 04:00:00,7.0,0.0,330.0,12.0,25.9,1019.0,0.0,2.0
344,2025-12-01 05:00:00,7.0,0.0,330.0,11.0,25.9,1019.0,0.0,2.0
345,2025-12-01 06:00:00,7.1,0.0,360.0,22.0,24.0,1019.7,0.0,2.0
346,2025-12-01 07:00:00,7.0,0.0,330.0,13.0,23.0,1020.0,0.0,2.0
347,2025-12-01 08:00:00,7.0,0.0,330.0,14.0,25.0,1020.0,27.0,2.0
348,2025-12-01 09:00:00,9.0,0.0,330.0,14.0,25.9,1020.0,38.0,2.0
349,2025-12-01 10:00:00,11.0,0.0,320.0,13.0,24.1,1020.0,53.0,1.0
350,2025-12-01 11:00:00,12.0,0.0,330.0,10.0,22.2,1019.0,58.0,1.0
351,2025-12-01 12:00:00,13.9,0.0,360.0,9.0,17.0,1018.9,58.0,1.0
352,2025-12-01 13:00:00,15.0,0.0,250.0,3.0,14.8,1018.0,60.0,1.0
353,2025-12-01 14:00:00,16.0,0.0,320.0,2.0,16.7,1017.0,59.0,2.0
354,2025-12-01 15:00:00,15.0,0.0,350.0,2.0,18.5,1017.0,52.0,2.0
355,2025-12-01 16:00:00,14.1,0.0,244.0,16.7,20.4,1017.2,37.0,2.0
356,2025-12-01 17:00:00,13.1,0.0,254.0,14.8,20.4,1017.4,19.0,2.0
357,2025-12-01 18:00:00,10.9,0.0,261.0,13.0,18.5,1017.6,0.0,2.0
358,2025-12-01 19:00:00,10.8,0.0,267.0,11.1,18.5,1017.5,0.0,2.0
359,2025-12-01 20:00:00,10.6,0.0,289.0,9.3,20.4,1017.5,0.0,2.0
360,2025-12-01 21:00:00,10.4,0.0,303.0,9.3,18.5,1017.3,0.0,2.0
361,2025-12-01 22:00:00,10.2,0.0,324.0,9.3,18.5,1016.9,0.0,2.0
362,2025-12-02 01:00:00,9.5,0.0,350.0,11.1,20.4,1015.5,0.0,2.0
363,2025-12-02 02:00:00,9.3,0.0,348.0,11.1,20.4,1015.0,0.0,2.0
364,2025-12-02 03:00:00,9.0,0.0,348.0,11.1,20.4,1014.5,0.0,2.0
365,2025-12-02 04:00:00,8.9,0.0,349.0,9.3,20.4,1014.2,0.0,2.0
366,2025-12-02 05:00:00,8.6,0.0,359.0,11.1,20.4,1013.8,0.0,2.0
367,2025-12-02 06:00:00,8.4,0.0,2.0,11.1,16.7,1013.7,0.0,2.0
368,2025-12-02 07:00:00,8.5,0.0,358.0,13.0,18.5,1013.5,0.0,2.0
369,2025-12-02 08:00:00,8.8,0.0,3.0,14.8,18.5,1013.8,14.0,2.0
370,2025-12-02 09:00:00,9.6,0.0,3.0,14.8,14.8,1013.9,22.0,2.0
371,2025-12-02 10:00:00,11.3,0.0,357.0,14.8,16.7,1013.6,26.0,2.0
372,2025-12-02 11:00:00,12.8,0.0,352.0,13.0,14.8,1013.1,27.0,2.0
373,2025-12-02 12:00:00,13.9,0.0,334.0,11.1,14.8,1012.6,31.0,2.0
374,2025-12-02 13:00:00,14.9,0.0,324.0,11.1,14.8,1011.8,30.0,2.0
375,2025-12-02 14:00:00,14.9,0.0,302.0,11.1,13.0,1011.2,27.0,2.0
376,2025-12-02 15:00:00,14.5,0.0,317.0,11.1,16.7,1011.1,26.0,2.0
377,2025-12-02 16:00:00,13.8,0.0,314.0,11.1,16.7,1011.0,18.0,2.0
378,2025-12-02 17:00:00,12.9,0.0,331.0,11.1,16.7,1011.2,9.0,2.0
379,2025-12-02 18:00:00,9.7,0.0,336.0,11.1,16.7,1011.6,0.0,2.0
380,2025-12-02 19:00:00,9.6,0.0,340.0,11.1,20.4,1011.6,0.0,2.0
381,2025-12-02 20:00:00,9.5,0.0,344.0,11.1,20.4,1011.7,0.0,2.0
382,2025-12-02 21:00:00,9.4,0.0,352.0,13.0,20.4,1011.7,0.0,2.0
383,2025-12-02 22:00:00,9.3,0.0,354.0,13.0,20.4,1011.7,0.0,2.0
384,2025-12-03 01:00:00,8.0,0.0,310.0,7.0,20.4,1010.0,0.0,2.0
385,2025-12-03 02:00:00,8.0,0.0,320.0,10.0,18.5,1010.0,0.0,2.0
386,2025-12-03 03:00:00,8.0,0.0,330.0,13.0,20.4,1010.0,0.0,2.0
387,2025-12-03 04:00:00,9.0,0.0,330.0,13.0,16.7,1010.0,0.0,2.0
388,2025-12-03 05:00:00,8.0,0.0,330.0,12.0,16.7,1009.0,0.0,2.0
389,2025-12-03 06:00:00,8.0,0.0,340.0,21.0,26.0,1010.4,0.0,1.0
390,2025-12-03 07:00:00,8.0,0.0,330.0,12.0,24.0,1010.0,0.0,2.0
391,2025-12-03 08:00:00,8.0,0.0,330.0,12.0,25.0,1011.0,31.0,2.0
392,2025-12-03 09:00:00,9.0,0.0,330.0,13.0,9.3,1012.0,46.0,2.0
393,2025-12-03 10:00:00,11.0,0.0,330.0,13.0,25.0,1012.0,41.0,2.0
394,2025-12-03 11:00:00,11.7,0.0,339.0,18.5,22.2,1012.8,46.0,2.0
395,2025-12-03 12:00:00,13.1,0.0,317.0,16.7,20.4,1012.4,47.0,2.0
396,2025-12-03 13:00:00,14.2,0.0,299.0,16.7,20.4,1012.2,54.0,2.0
397,2025-12-03 14:00:00,14.7,0.0,284.0,16.7,22.2,1012.1,60.0,2.0
398,2025-12-03 15:00:00,14.3,0.0,279.0,16.7,22.2,1012.5,51.0,2.0
399,2025-12-03 16:00:00,13.6,0.0,283.0,14.8,24.1,1012.8,38.0,2.0
400,2025-12-03 17:00:00,12.6,0.0,296.0,13.0,22.2,1013.3,20.0,1.0
401,2025-12-03 18:00:00,9.9,0.0,311.0,11.1,18.5,1013.6,0.0,1.0
402,2025-12-03 19:00:00,9.7,0.0,330.0,13.0,20.4,1014.0,0.0,1.0
403,2025-12-03 20:00:00,9.4,0.0,342.0,13.0,20.4,1014.3,0.0,1.0
404,2025-12-03 21:00:00,9.0,0.0,346.0,13.0,20.4,1014.5,0.0,1.0
405,2025-12-03 22:00:00,8.5,0.0,353.0,13.0,18.5,1014.6,0.0,1.0
406,2025-12-04 01:00:00,7.0,0.0,300.0,4.0,16.7,1014.0,0.0,2.0
407,2025-12-04 02:00:00,7.0,0.0,320.0,9.0,16.7,1014.0,0.0,2.0
408,2025-12-04 03:00:00,6.0,0.0,330.0,9.0,18.5,1013.0,0.0,2.0
409,2025-12-04 04:00:00,6.0,0.0,330.0,9.0,25.9,1013.0,0.0,2.0
410,2025-12-04 05:00:00,6.0,0.0,320.0,9.0,25.9,1013.0,0.0,2.0
411,2025-12-04 06:00:00,5.1,0.0,350.0,17.0,20.0,1013.2,0.0,1.0
412,2025-12-04 07:00:00,5.0,0.0,330.0,5.0,17.0,1013.0,0.0,2.0
413,2025-12-04 08:00:00,7.0,0.0,320.0,9.0,19.0,1012.0,20.0,2.0
414,2025-12-04 09:00:00,9.0,0.0,336.0,11.1,25.9,1012.6,24.0,2.0
415,2025-12-04 10:00:00,9.8,0.0,315.0,13.0,29.6,1012.5,26.0,3.0
416,2025-12-04 11:00:00,10.9,0.0,308.0,13.0,31.5,1011.8,24.0,3.0
417,2025-12-04 12:00:00,11.7,0.0,306.0,13.0,33.3,1011.2,20.0,3.0
418,2025-12-04 13:00:00,12.2,0.0,304.0,13.0,31.5,1010.6,19.0,3.0
419,2025-12-04 14:00:00,12.5,0.0,308.0,14.8,31.5,1010.1,19.0,3.0
420,2025-12-04 15:00:00,12.2,0.0,326.0,14.8,31.5,1009.9,12.0,3.0
421,2025-12-04 16:00:00,11.6,0.0,342.0,13.0,27.8,1009.9,10.0,2.0
422,2025-12-04 17:00:00,10.8,0.0,352.0,13.0,25.9,1010.3,3.0,2.0
423,2025-12-04 18:00:00,10.3,0.0,352.0,11.1,24.1,1010.4,0.0,2.0
424,2025-12-04 19:00:00,9.6,0.0,351.0,11.1,22.2,1010.5,0.0,2.0
425,2025-12-04 20:00:00,9.0,0.0,345.0,11.1,22.2,1010.5,0.0,2.0
426,2025-12-04 21:00:00,8.6,0.0,343.0,11.1,22.2,1010.7,0.0,2.0
427,2025-12-04 22:00:00,8.4,0.0,341.0,9.3,22.2,1010.5,0.0,2.0
428,2025-12-05 01:00:00,7.0,0.0,340.0,8.0,24.1,1009.0,0.0,2.0
429,2025-12-05 02:00:00,6.0,0.0,350.0,8.0,27.8,1009.0,0.0,2.0
430,2025-12-05 03:00:00,7.0,0.0,330.0,8.0,29.6,1009.0,0.0,2.0
431,2025-12-05 04:00:00,9.0,0.0,320.0,10.0,25.9,1009.0,0.0,2.0
432,2025-12-05 05:00:00,9.0,0.0,340.0,6.0,27.8,1010.0,0.0,2.0
433,2025-12-05 06:00:00,9.0,0.0,350.0,10.0,27.8,1010.0,0.0,2.0
434,2025-12-05 07:00:00,8.8,0.0,5.0,14.8,27.8,1011.6,0.0,2.0
435,2025-12-05 08:00:00,9.0,0.0,8.0,16.7,27.8,1012.4,27.0,2.0
436,2025-12-05 09:00:00,9.8,0.0,10.0,16.7,25.9,1013.2,40.0,2.0
437,2025-12-05 10:00:00,11.2,0.0,10.0,14.8,29.6,1013.7,48.0,2.0
438,2025-12-05 11:00:00,12.5,0.0,7.0,13.0,27.8,1013.8,55.0,2.0
439,2025-12-05 12:00:00,13.7,0.0,7.0,13.0,24.1,1013.6,55.0,2.0
440,2025-12-05 13:00:00,14.8,0.0,8.0,11.1,22.2,1013.6,55.0,2.0
441,2025-12-05 14:00:00,15.0,0.0,240.0,11.1,20.4,1013.7,56.0,2.0
442,2025-12-05 15:00:00,14.9,0.0,257.0,11.1,18.5,1013.9,50.0,2.0
443,2025-12-05 16:00:00,14.2,0.0,331.0,9.3,16.7,1014.4,34.0,2.0
444,2025-12-05 17:00:00,13.2,0.0,341.0,9.3,16.7,1015.1,16.0,2.0
445,2025-12-05 18:00:00,12.1,0.0,345.0,9.3,16.7,1015.7,0.0,2.0
446,2025-12-05 19:00:00,11.3,0.0,351.0,9.3,16.7,1015.9,0.0,2.0
447,2025-12-05 20:00:00,10.6,0.0,355.0,9.3,16.7,1016.2,0.0,2.0
448,2025-12-05 21:00:00,10.2,0.0,354.0,9.3,16.7,1016.4,0.0,2.0
449,2025-12-05 22:00:00,10.0,0.0,358.0,9.3,16.7,1016.6,0.0,2.0
450,2025-12-06 01:00:00,9.6,0.0,360.0,11.1,20.4,1016.6,0.0,2.0
451,2025-12-06 02:00:00,9.5,0.0,357.0,11.1,20.4,1016.6,0.0,2.0
452,2025-12-06 03:00:00,9.4,0.0,354.0,11.1,20.4,1016.6,0.0,2.0
453,2025-12-06 04:00:00,9.6,0.0,352.0,11.1,22.2,1016.8,0.0,2.0
454,2025-12-06 05:00:00,9.6,0.0,355.0,11.1,22.2,1016.9,0.0,2.0
455,2025-12-06 06:00:00,11.7,0.0,358.0,13.0,18.5,1017.4,0.0,2.0
456,2025-12-06 07:00:00,11.7,0.0,359.0,11.1,20.4,1017.5,0.0,2.0
457,2025-12-06 08:00:00,12.1,0.0,360.0,13.0,22.2,1017.8,23.0,2.0
458,2025-12-06 09:00:00,12.8,0.0,358.0,14.8,22.2,1018.1,36.0,2.0
459,2025-12-06 10:00:00,14.4,0.0,349.0,13.0,25.9,1018.0,41.0,2.0
460,2025-12-06 11:00:00,15.9,0.0,332.0,11.1,24.1,1017.9,44.0,2.0
461,2025-12-06 12:00:00,17.2,0.0,304.0,11.1,24.1,1017.5,46.0,2.0
462,2025-12-06 13:00:00,17.9,0.0,265.0,11.1,24.1,1017.1,47.0,2.0
463,2025-12-06 14:00:00,18.2,0.0,243.0,11.1,22.2,1017.0,46.0,2.0
464,2025-12-06 15:00:00,18.0,0.0,263.0,11.1,22.2,1017.1,46.0,2.0
465,2025-12-06 16:00:00,17.4,0.0,313.0,9.3,20.4,1017.6,31.0,2.0
466,2025-12-06 17:00:00,16.3,0.0,349.0,7.4,18.5,1018.1,15.0,2.0
467,2025-12-06 18:00:00,13.1,0.0,357.0,7.4,18.5,1018.6,0.0,2.0
468,2025-12-06 19:00:00,13.0,0.0,360.0,7.4,16.7,1019.0,0.0,2.0
469,2025-12-06 20:00:00,12.8,0.0,6.0,9.3,16.7,1019.4,0.0,2.0
470,2025-12-06 21:00:00,12.5,0.0,3.0,11.1,16.7,1019.6,0.0,2.0
471,2025-12-06 22:00:00,12.2,0.0,4.0,11.1,16.7,1019.7,0.0,2.0
472,2025-12-07 01:00:00,10.0,0.0,330.0,9.0,16.7,1019.0,0.0,2.0
473,2025-12-07 02:00:00,10.0,0.0,330.0,10.0,16.7,1019.0,0.0,2.0
474,2025-12-07 03:00:00,10.2,0.0,7.0,13.0,20.4,1019.4,0.0,2.0
475,2025-12-07 04:00:00,10.0,0.0,7.0,14.8,18.5,1019.3,0.0,2.0
476,2025-12-07 05:00:00,10.0,0.0,6.0,14.8,22.2,1019.3,0.0,2.0
477,2025-12-07 06:00:00,12.4,0.0,3.0,14.8,18.5,1019.5,0.0,2.0
478,2025-12-07 07:00:00,12.4,0.0,2.0,14.8,20.4,1019.6,0.0,2.0
479,2025-12-07 08:00:00,12.6,0.0,358.0,14.8,20.4,1019.8,24.0,2.0
480,2025-12-07 09:00:00,13.4,0.0,354.0,14.8,20.4,1020.0,35.0,2.0
481,2025-12-07 10:00:00,14.6,0.0,341.0,13.0,24.1,1020.2,40.0,2.0
482,2025-12-07 11:00:00,16.3,0.0,308.0,13.0,24.1,1020.1,42.0,2.0
483,2025-12-07 12:00:00,17.6,0.0,264.0,13.0,24.1,1019.7,45.0,2.0
484,2025-12-07 13:00:00,18.6,0.0,248.0,14.8,25.9,1019.4,49.0,2.0
485,2025-12-07 14:00:00,18.7,0.0,248.0,16.7,25.9,1019.0,46.0,2.0
486,2025-12-07 15:00:00,18.4,0.0,255.0,14.8,24.1,1018.9,40.0,2.0
487,2025-12-07 16:00:00,17.8,0.0,257.0,13.0,24.1,1019.0,28.0,2.0
488,2025-12-07 17:00:00,16.5,0.0,284.0,9.3,22.2,1019.5,15.0,2.0
489,2025-12-07 18:00:00,15.5,0.0,309.0,9.3,22.2,1019.8,0.0,2.0
490,2025-12-07 19:00:00,14.5,0.0,334.0,9.3,20.4,1020.2,0.0,1.0
491,2025-12-07 20:00:00,13.5,0.0,351.0,11.1,18.5,1020.5,0.0,1.0
492,2025-12-07 21:00:00,13.1,0.0,351.0,11.1,20.4,1020.8,0.0,1.0
493,2025-12-07 22:00:00,12.6,0.0,358.0,13.0,18.5,1021.0,0.0,1.0
494,2025-12-07 00:00:00,10.0,0.0,330.0,13.0,14.8,1019.0,0.0,2.0
495,2025-12-07 23:00:00,13.0,0.0,320.0,17.0,22.2,1020.0,0.0,2.0
496,2025-12-08 00:00:00,12.0,0.0,320.0,19.0,20.4,1021.0,0.0,2.0
497,2025-12-08 01:00:00,11.3,0.0,340.0,17.0,22.2,1021.0,0.0,3.0
498,2025-12-08 02:00:00,11.0,0.0,320.0,20.0,22.2,1020.0,0.0,2.0
499,2025-12-08 03:00:00,11.0,0.0,330.0,20.0,20.4,1020.0,0.0,2.0
500,2025-12-08 04:00:00,10.0,0.0,330.0,24.0,27.8,1020.0,0.0,2.0
501,2025-12-08 05:00:00,10.0,0.0,330.0,22.0,24.1,1020.0,0.0,2.0
502,2025-12-08 06:00:00,10.0,0.0,330.0,22.0,24.1,1020.0,0.0,2.0
503,2025-12-08 07:00:00,9.7,0.0,350.0,21.0,20.4,1020.9,0.0,1.0
504,2025-12-08 08:00:00,9.0,0.0,320.0,20.0,26.0,1021.0,0.0,2.0
505,2025-12-08 09:00:00,9.0,0.0,330.0,24.0,16.7,1021.0,30.0,1.0
506,2025-12-08 10:00:00,11.0,0.0,330.0,22.0,14.8,1022.0,44.0,1.0
507,2025-12-08 11:00:00,13.0,0.0,330.0,20.0,21.0,1022.0,52.0,1.0
508,2025-12-08 12:00:00,15.0,0.0,320.0,17.0,13.0,1022.0,55.0,1.0
509,2025-12-08 13:00:00,17.5,0.0,220.0,9.0,9.3,1021.4,54.0,1.0
510,2025-12-08 14:00:00,17.0,0.0,220.0,13.0,9.3,1020.0,56.0,1.0
511,2025-12-08 15:00:00,17.0,0.0,210.0,22.0,9.3,1020.0,58.0,1.0
512,2025-12-08 16:00:00,17.0,0.0,220.0,19.0,11.1,1020.0,53.0,1.0
513,2025-12-08 17:00:00,16.0,0.0,210.0,19.0,14.8,1020.0,39.0,1.0
514,2025-12-08 18:00:00,15.0,0.0,220.0,13.0,14.8,1020.0,21.0,1.0
515,2025-12-08 19:00:00,14.1,0.0,250.0,13.0,14.8,1020.6,0.0,1.0
516,2025-12-08 20:00:00,13.0,0.0,280.0,9.0,16.7,1021.0,0.0,1.0
517,2025-12-08 21:00:00,12.0,0.0,310.0,7.0,16.7,1021.0,0.0,1.0
518,2025-12-08 22:00:00,11.0,0.0,320.0,7.0,16.0,1021.0,0.0,1.0
519,2025-12-08 23:00:00,10.0,0.0,320.0,9.0,16.7,1021.0,0.0,1.0
520,2025-12-09 00:00:00,10.0,0.0,320.0,9.0,16.7,1021.0,0.0,1.0
521,2025-12-09 01:00:00,9.5,0.0,350.0,11.0,16.7,1021.5,0.0,2.0
522,2025-12-09 02:00:00,9.0,0.0,310.0,11.0,18.5,1021.0,0.0,1.0
523,2025-12-09 03:00:00,9.0,0.0,320.0,13.0,18.5,1021.0,0.0,1.0
524,2025-12-09 04:00:00,9.0,0.0,320.0,13.0,16.7,1021.0,0.0,1.0
525,2025-12-09 05:00:00,8.0,0.0,320.0,11.0,16.7,1021.0,0.0,1.0
526,2025-12-09 06:00:00,8.0,0.0,320.0,11.0,18.5,1020.0,0.0,1.0
527,2025-12-09 07:00:00,7.9,0.0,350.0,13.0,20.0,1021.2,0.0,3.0
528,2025-12-09 08:00:00,8.0,0.0,320.0,15.0,16.7,1021.0,0.0,2.0
529,2025-12-09 09:00:00,9.0,0.0,320.0,15.0,19.0,1021.0,26.0,2.0
530,2025-12-09 10:00:00,10.0,0.0,320.0,13.0,20.4,1021.0,38.0,2.0
531,2025-12-09 11:00:00,12.0,0.0,320.0,11.0,22.2,1022.0,45.0,2.0
532,2025-12-09 12:00:00,15.0,0.0,320.0,9.0,24.1,1021.0,49.0,2.0
533,2025-12-09 13:00:00,17.6,0.0,240.0,11.0,25.9,1020.8,51.0,3.0
534,2025-12-09 14:00:00,17.0,0.0,210.0,15.0,29.6,1020.0,54.0,2.0
535,2025-12-09 15:00:00,17.0,0.0,220.0,22.0,31.5,1019.0,52.0,2.0
536,2025-12-09 16:00:00,16.0,0.0,200.0,17.0,29.6,1019.0,47.0,2.0
537,2025-12-09 17:00:00,15.0,0.0,220.0,17.0,27.8,1019.0,28.0,2.0
538,2025-12-09 18:00:00,14.0,0.0,230.0,13.0,25.9,1020.0,14.0,2.0
539,2025-12-09 19:00:00,12.8,0.0,250.0,13.0,25.9,1020.1,0.0,2.0
540,2025-12-09 20:00:00,13.0,0.0,260.0,9.0,24.1,1020.0,0.0,2.0
541,2025-12-09 21:00:00,13.0,0.0,260.0,13.0,25.9,1020.0,0.0,2.0
542,2025-12-09 22:00:00,13.0,0.0,270.0,7.0,24.1,1020.0,0.0,2.0
543,2025-12-09 23:00:00,11.0,0.0,300.0,6.0,22.2,1020.0,0.0,2.0
544,2025-12-10 00:00:00,11.0,0.0,280.0,6.0,22.2,1020.0,0.0,2.0
545,2025-12-10 01:00:00,10.3,0.0,0.0,0.0,20.4,1020.3,0.0,4.0
546,2025-12-10 02:00:00,10.0,0.0,320.0,11.0,20.4,1020.0,0.0,2.0
547,2025-12-10 03:00:00,10.0,0.0,320.0,11.0,20.4,1020.0,0.0,2.0
548,2025-12-10 04:00:00,9.0,0.0,320.0,13.0,20.4,1020.0,0.0,2.0
549,2025-12-10 05:00:00,9.0,0.0,320.0,13.0,20.4,1019.0,0.0,2.0
550,2025-12-10 06:00:00,9.0,0.0,330.0,13.0,20.4,1020.0,0.0,2.0
551,2025-12-10 07:00:00,8.6,0.0,360.0,15.0,18.5,1020.6,0.0,1.0
552,2025-12-10 08:00:00,8.0,0.0,330.0,17.0,22.0,1021.0,0.0,2.0
553,2025-12-10 09:00:00,9.0,0.0,320.0,15.0,20.4,1021.0,22.0,2.0
554,2025-12-10 10:00:00,10.0,0.0,320.0,15.0,18.5,1022.0,33.0,2.0
555,2025-12-10 11:00:00,12.0,0.0,320.0,13.0,20.4,1022.0,39.0,2.0
556,2025-12-10 12:00:00,16.0,0.0,310.0,7.0,18.5,1022.0,42.0,2.0
557,2025-12-10 13:00:00,17.0,0.0,240.0,13.0,16.7,1021.6,43.0,3.0
558,2025-12-10 14:00:00,17.0,0.0,210.0,9.0,16.7,1021.0,45.0,2.0
559,2025-12-10 15:00:00,17.0,0.0,210.0,9.0,16.7,1021.0,44.0,2.0
560,2025-12-10 16:00:00,17.0,0.0,220.0,11.0,14.8,1021.0,40.0,2.0
561,2025-12-10 17:00:00,15.0,0.0,220.0,9.0,22.2,1022.0,31.0,2.0
562,2025-12-10 18:00:00,14.0,0.0,250.0,13.0,18.5,1022.0,15.0,2.0
563,2025-12-10 19:00:00,13.4,0.0,250.0,5.0,18.5,1023.1,0.0,2.0
564,2025-12-10 20:00:00,11.0,0.0,310.0,7.0,16.7,1023.0,0.0,2.0
565,2025-12-10 21:00:00,11.0,0.0,320.0,7.0,16.7,1024.0,0.0,2.0
566,2025-12-10 22:00:00,11.0,0.0,20.0,11.0,16.7,1024.0,0.0,2.0
567,2025-12-10 23:00:00,10.0,0.0,330.0,13.0,18.5,1024.0,0.0,2.0
568,2025-12-11 00:00:00,12.0,0.0,330.0,11.0,14.8,1025.0,0.0,2.0
569,2025-12-11 01:00:00,10.1,0.0,360.0,15.0,14.8,1024.9,0.0,2.0
570,2025-12-11 02:00:00,10.0,0.0,320.0,17.0,16.7,1024.0,0.0,2.0
571,2025-12-11 03:00:00,9.0,0.0,330.0,17.0,14.8,1024.0,0.0,2.0
572,2025-12-11 04:00:00,9.0,0.0,330.0,17.0,18.5,1024.0,0.0,2.0
573,2025-12-11 05:00:00,10.0,0.0,330.0,17.0,14.8,1024.0,0.0,2.0
574,2025-12-11 06:00:00,9.0,0.0,320.0,19.0,16.7,1023.0,0.0,2.0
575,2025-12-11 07:00:00,9.3,0.0,360.0,18.0,9.3,1024.2,0.0,4.0
576,2025-12-11 08:00:00,9.0,0.0,330.0,19.0,23.0,1024.0,0.0,2.0
577,2025-12-11 09:00:00,10.0,0.0,330.0,19.0,21.0,1024.0,23.0,2.0
578,2025-12-11 10:00:00,10.0,0.0,330.0,15.0,9.3,1025.0,36.0,2.0
579,2025-12-11 11:00:00,12.0,0.0,330.0,20.0,21.0,1025.0,35.0,2.0
580,2025-12-11 12:00:00,13.0,0.0,330.0,15.0,18.5,1024.0,43.0,2.0
581,2025-12-11 13:00:00,15.7,0.0,360.0,13.0,11.1,1023.5,43.0,3.0
582,2025-12-11 14:00:00,17.0,0.0,320.0,7.0,9.3,1022.0,44.0,2.0
583,2025-12-11 15:00:00,17.0,0.0,180.0,4.0,7.4,1022.0,46.0,2.0
584,2025-12-11 16:00:00,16.0,0.0,170.0,7.0,5.5,1022.0,43.0,2.0
585,2025-12-11 17:00:00,16.0,0.0,150.0,7.0,5.5,1021.0,31.0,2.0
586,2025-12-11 18:00:00,15.0,0.0,150.0,6.0,5.5,1021.0,16.0,2.0
587,2025-12-11 19:00:00,12.8,0.0,320.0,4.0,5.5,1022.1,0.0,2.0
588,2025-12-11 20:00:00,12.0,0.0,340.0,6.0,9.3,1022.0,0.0,2.0
589,2025-12-11 21:00:00,11.0,0.0,320.0,9.0,7.4,1022.0,0.0,2.0
590,2025-12-11 22:00:00,10.0,0.0,320.0,7.0,11.1,1022.0,0.0,2.0
591,2025-12-11 23:00:00,11.0,0.0,330.0,13.0,13.0,1022.0,0.0,2.0
592,2025-12-12 00:00:00,11.0,0.0,330.0,19.0,11.1,1022.0,0.0,2.0
593,2025-12-12 01:00:00,12.3,0.0,350.0,17.0,11.1,1021.7,0.0,4.0
594,2025-12-12 02:00:00,11.0,0.0,330.0,17.0,14.8,1021.0,0.0,2.0
595,2025-12-12 03:00:00,11.0,0.0,330.0,13.0,11.1,1021.0,0.0,2.0
596,2025-12-12 04:00:00,11.0,0.0,330.0,15.0,14.8,1021.0,0.0,2.0
597,2025-12-12 05:00:00,11.0,0.0,320.0,17.0,9.3,1021.0,0.0,2.0
598,2025-12-12 06:00:00,12.0,0.0,330.0,13.0,11.1,1020.0,0.0,2.0
599,2025-12-12 07:00:00,10.9,0.0,360.0,15.0,1.8,1021.0,0.0,4.0
600,2025-12-12 08:00:00,11.0,0.0,330.0,15.0,24.0,1021.0,0.0,2.0
601,2025-12-12 09:00:00,11.0,0.0,330.0,15.0,7.4,1021.0,23.0,2.0
602,2025-12-12 10:00:00,12.0,0.0,340.0,13.0,1.8,1021.0,37.0,2.0
603,2025-12-12 11:00:00,14.0,0.0,320.0,15.0,20.0,1021.0,39.0,2.0
604,2025-12-12 12:00:00,16.0,0.0,330.0,13.0,16.7,1021.0,40.0,2.0
605,2025-12-12 13:00:00,17.4,0.0,40.0,8.0,11.1,1021.3,39.0,3.0
606,2025-12-12 14:00:00,17.0,0.0,110.0,9.0,7.4,1020.0,40.0,2.0
607,2025-12-12 15:00:00,17.0,0.0,70.0,9.0,7.4,1020.0,44.0,2.0
608,2025-12-12 16:00:00,16.0,0.0,70.0,11.0,3.7,1020.0,39.0,2.0
609,2025-12-12 17:00:00,16.0,0.0,60.0,9.0,5.5,1020.0,27.0,2.0
610,2025-12-12 18:00:00,16.0,0.0,80.0,7.0,5.5,1021.0,14.0,2.0
611,2025-12-12 19:00:00,15.1,0.0,80.0,11.0,3.7,1021.7,0.0,3.0
612,2025-12-12 20:00:00,14.0,0.0,350.0,4.0,9.3,1022.0,0.0,2.0
613,2025-12-12 21:00:00,13.0,0.0,340.0,9.0,9.3,1023.0,0.0,2.0
614,2025-12-12 22:00:00,13.0,0.0,330.0,9.0,13.0,1023.0,0.0,2.0
615,2025-12-12 23:00:00,13.0,0.0,330.0,11.0,13.0,1023.0,0.0,2.0
616,2025-12-13 00:00:00,13.0,0.0,330.0,15.0,9.3,1024.0,0.0,2.0
617,2025-12-13 01:00:00,13.2,0.0,360.0,15.0,9.3,1024.4,0.0,4.0
618,2025-12-13 02:00:00,12.0,0.0,320.0,13.0,13.0,1024.0,0.0,2.0
619,2025-12-13 03:00:00,12.0,0.0,330.0,15.0,11.1,1024.0,0.0,2.0
620,2025-12-13 04:00:00,12.0,0.0,330.0,13.0,14.8,1024.0,0.0,2.0
621,2025-12-13 05:00:00,11.0,0.0,320.0,19.0,11.1,1024.0,0.0,2.0
622,2025-12-13 06:00:00,12.0,0.0,330.0,19.0,11.1,1024.0,0.0,2.0
623,2025-12-13 07:00:00,11.6,0.0,350.0,18.0,3.7,1025.3,0.0,3.0
624,2025-12-13 08:00:00,11.0,0.0,320.0,15.0,18.0,1026.0,0.0,2.0
625,2025-12-13 09:00:00,11.0,0.0,330.0,17.0,19.0,1026.0,20.0,2.0
626,2025-12-13 10:00:00,12.0,0.0,330.0,15.0,3.7,1027.0,34.0,2.0
627,2025-12-13 11:00:00,14.0,0.0,330.0,11.0,17.0,1027.0,27.0,3.0
628,2025-12-13 12:00:00,15.0,0.0,10.0,9.0,17.0,1027.0,30.0,3.0
629,2025-12-13 13:00:00,16.0,0.0,360.0,11.0,14.8,1026.8,30.0,4.0
630,2025-12-13 14:00:00,17.0,0.0,70.0,15.0,14.8,1026.0,30.0,3.0
631,2025-12-13 15:00:00,16.0,0.0,70.0,17.0,14.8,1025.0,33.0,3.0
632,2025-12-13 16:00:00,16.0,0.0,70.0,11.0,13.0,1026.0,29.0,2.0
633,2025-12-13 17:00:00,15.0,0.0,70.0,9.0,11.1,1025.0,22.0,2.0
634,2025-12-13 18:00:00,14.0,0.0,70.0,11.0,11.1,1026.0,10.0,2.0
635,2025-12-13 19:00:00,13.4,0.0,70.0,13.0,7.4,1026.3,0.0,1.0
636,2025-12-13 20:00:00,13.0,0.0,30.0,9.0,13.0,1026.0,0.0,2.0
637,2025-12-13 21:00:00,11.0,0.0,360.0,7.0,11.1,1026.0,0.0,2.0
638,2025-12-13 22:00:00,10.0,0.0,330.0,11.0,13.0,1026.0,0.0,2.0
639,2025-12-13 23:00:00,10.0,0.0,330.0,15.0,13.0,1027.0,0.0,2.0
640,2025-12-14 00:00:00,10.0,0.0,330.0,15.0,9.3,1027.0,0.0,2.0
641,2025-12-14 01:00:00,9.4,0.0,350.0,18.0,7.4,1026.9,0.0,1.0
642,2025-12-14 02:00:00,9.0,0.0,330.0,19.0,11.1,1026.0,0.0,2.0
643,2025-12-14 03:00:00,8.0,0.0,330.0,19.0,7.4,1026.0,0.0,2.0
644,2025-12-14 04:00:00,8.0,0.0,330.0,20.0,9.3,1025.0,0.0,2.0
645,2025-12-14 05:00:00,8.0,0.0,330.0,20.0,24.1,1025.0,0.0,2.0
646,2025-12-14 06:00:00,7.0,0.0,330.0,22.0,24.1,1025.0,0.0,2.0
647,2025-12-14 07:00:00,8.2,0.0,350.0,21.0,25.0,1025.4,0.0,4.0
648,2025-12-14 08:00:00,7.0,0.0,330.0,20.0,23.0,1025.0,0.0,2.0
649,2025-12-14 09:00:00,7.0,0.0,330.0,22.0,21.0,1025.0,15.0,2.0
650,2025-12-14 10:00:00,9.0,0.0,330.0,19.0,14.8,1025.0,20.0,2.0
651,2025-12-14 11:00:00,11.0,0.0,320.0,19.0,13.0,1026.0,27.0,3.0
652,2025-12-14 12:00:00,13.0,0.0,340.0,13.0,18.0,1025.0,24.0,3.0
653,2025-12-14 13:00:00,13.4,0.0,10.0,11.0,9.3,1025.0,19.0,4.0
654,2025-12-14 14:00:00,14.0,0.0,70.0,17.0,14.8,1024.0,14.0,3.0
655,2025-12-14 15:00:00,14.0,0.0,50.0,22.0,14.8,1023.0,14.0,3.0
656,2025-12-14 16:00:00,15.0,0.0,50.0,20.0,14.8,1023.0,7.0,3.0
657,2025-12-14 17:00:00,14.0,0.0,50.0,19.0,13.0,1023.0,4.0,3.0
658,2025-12-14 18:00:00,14.0,0.0,50.0,15.0,11.1,1022.0,0.0,3.0
659,2025-12-14 19:00:00,14.4,0.0,50.0,18.0,7.4,1022.5,0.0,7.0
660,2025-12-14 20:00:00,14.0,0.0,30.0,13.0,13.0,1022.0,0.0,8.0
661,2025-12-14 21:00:00,13.0,0.0,20.0,7.0,9.3,1022.0,0.0,17.0
662,2025-12-14 22:00:00,13.0,0.6,350.0,9.0,14.8,1022.0,0.0,17.0
663,2025-12-14 23:00:00,13.0,0.4,340.0,15.0,14.8,1021.0,0.0,17.0
664,2025-12-15 00:00:00,14.0,0.8,80.0,17.0,13.0,1021.0,0.0,17.0
665,2025-12-15 01:00:00,15.1,1.2,110.0,13.0,11.1,1020.6,0.0,8.0
666,2025-12-15 02:00:00,15.0,1.8,110.0,7.0,11.1,1020.0,0.0,7.0
667,2025-12-15 03:00:00,15.0,1.6,100.0,6.0,7.4,1019.0,0.0,7.0
668,2025-12-15 04:00:00,15.0,1.1,110.0,15.0,5.5,1019.0,0.0,7.0
669,2025-12-15 05:00:00,15.0,0.2,100.0,8.0,24.1,1018.0,0.0,7.0
670,2025-12-15 06:00:00,15.0,0.3,90.0,9.0,25.9,1017.0,0.0,7.0
671,2025-12-15 07:00:00,15.5,0.4,100.0,24.0,22.2,1017.3,0.0,4.0
672,2025-12-15 08:00:00,15.0,0.7,90.0,10.0,24.1,1017.0,0.0,7.0
673,2025-12-15 09:00:00,15.0,0.5,80.0,12.0,24.1,1016.0,2.0,7.0
674,2025-12-15 10:00:00,16.0,0.4,80.0,10.0,24.1,1016.0,0.0,18.0
675,2025-12-15 11:00:00,16.0,0.5,80.0,11.0,22.2,1015.0,0.0,7.0
676,2025-12-15 12:00:00,17.0,0.4,110.0,12.0,20.4,1014.0,0.0,5.0
677,2025-12-15 13:00:00,17.6,0.3,110.0,24.0,18.5,1013.6,0.0,3.0
678,2025-12-15 14:00:00,17.0,0.0,110.0,10.0,22.2,1013.0,0.0,5.0
679,2025-12-15 15:00:00,17.0,0.0,120.0,8.0,22.2,1012.0,6.0,5.0
680,2025-12-15 16:00:00,17.0,0.0,140.0,6.0,20.4,1012.0,7.0,5.0
681,2025-12-15 17:00:00,16.0,0.0,190.0,6.0,18.5,1011.0,12.0,5.0
682,2025-12-15 18:00:00,15.0,0.0,60.0,2.0,14.8,1011.0,8.0,5.0
683,2025-12-15 19:00:00,14.5,0.0,350.0,11.0,11.1,1012.0,0.0,3.0
684,2025-12-15 20:00:00,14.0,0.0,330.0,8.0,11.1,1011.0,0.0,3.0
685,2025-12-15 21:00:00,13.0,0.5,340.0,7.0,7.4,1011.0,0.0,7.0
686,2025-12-15 22:00:00,12.0,0.5,320.0,7.0,11.1,1011.0,0.0,7.0
687,2025-12-15 23:00:00,12.0,0.4,340.0,8.0,9.3,1010.0,0.0,7.0
688,2025-12-16 00:00:00,12.0,0.6,330.0,6.0,7.4,1010.0,0.0,7.0
689,2025-12-16 01:00:00,11.0,0.6,360.0,15.0,3.7,1009.9,0.0,1.0
690,2025-12-16 02:00:00,11.0,0.6,330.0,8.0,5.5,1009.0,0.0,7.0
691,2025-12-16 03:00:00,11.0,0.6,330.0,7.0,1.8,1009.0,0.0,5.0
692,2025-12-16 04:00:00,12.0,0.4,340.0,6.0,1.8,1008.0,0.0,5.0
693,2025-12-16 05:00:00,11.0,0.0,330.0,6.0,18.5,1008.0,0.0,5.0
694,2025-12-16 06:00:00,11.4,0.0,5.0,13.0,18.5,1008.8,0.0,3.0
695,2025-12-16 07:00:00,12.7,0.0,7.0,13.0,16.7,1009.1,0.0,3.0
696,2025-12-16 08:00:00,12.7,0.0,10.0,13.0,14.8,1009.6,0.0,3.0
697,2025-12-16 09:00:00,12.8,0.4,11.0,13.0,14.8,1009.9,7.0,7.0
698,2025-12-16 10:00:00,13.1,0.5,24.0,13.0,16.7,1010.3,5.0,7.0
699,2025-12-16 11:00:00,13.4,0.4,38.0,13.0,14.8,1010.6,9.0,7.0
700,2025-12-16 12:00:00,14.1,0.5,49.0,13.0,14.8,1010.4,8.0,7.0
701,2025-12-16 13:00:00,14.7,0.4,55.0,14.8,14.8,1010.0,6.0,7.0
702,2025-12-16 14:00:00,15.1,0.4,60.0,16.7,18.5,1010.1,7.0,7.0
703,2025-12-16 15:00:00,15.0,0.3,68.0,16.7,20.4,1010.3,10.0,7.0
704,2025-12-16 16:00:00,14.6,0.3,71.0,16.7,20.4,1010.5,6.0,7.0
705,2025-12-16 17:00:00,14.2,0.4,74.0,16.7,18.5,1011.3,5.0,7.0
706,2025-12-16 18:00:00,13.8,0.4,75.0,16.7,16.7,1011.9,3.0,7.0
707,2025-12-16 19:00:00,13.6,0.5,73.0,18.5,13.0,1012.8,0.0,7.0
708,2025-12-16 20:00:00,13.5,1.0,74.0,18.5,20.4,1013.2,0.0,7.0
709,2025-12-16 21:00:00,13.4,0.8,71.0,20.4,16.7,1013.9,0.0,7.0
710,2025-12-16 22:00:00,13.4,0.0,67.0,20.4,22.2,1014.6,0.0,3.0
711,2025-12-16 23:00:00,13.3,0.0,62.0,20.4,22.2,1015.3,0.0,3.0
712,2025-12-17 00:00:00,13.5,0.0,58.0,20.4,20.4,1015.9,0.0,3.0
713,2025-12-17 01:00:00,13.4,0.0,53.0,20.4,16.7,1016.3,0.0,3.0
714,2025-12-17 02:00:00,13.4,0.0,50.0,20.4,16.7,1016.9,0.0,3.0
715,2025-12-17 03:00:00,13.2,0.0,41.0,16.7,13.0,1017.6,0.0,3.0
716,2025-12-17 04:00:00,12.8,0.0,39.0,16.7,9.3,1018.0,0.0,3.0
717,2025-12-17 05:00:00,12.5,0.0,36.0,16.7,7.4,1018.7,0.0,2.0
718,2025-12-17 06:00:00,12.3,0.0,33.0,16.7,7.4,1019.3,0.0,2.0
719,2025-12-17 07:00:00,12.8,0.0,33.0,16.7,1.8,1020.0,0.0,2.0
720,2025-12-17 08:00:00,12.8,0.0,33.0,18.5,7.4,1020.6,0.0,2.0
721,2025-12-17 09:00:00,12.8,0.0,33.0,16.7,7.4,1021.4,23.0,2.0
722,2025-12-17 10:00:00,13.3,0.0,37.0,18.5,5.5,1022.3,35.0,2.0
723,2025-12-17 11:00:00,14.1,0.0,38.0,20.4,9.3,1022.5,42.0,2.0
724,2025-12-17 12:00:00,15.2,0.0,40.0,20.4,9.3,1022.8,41.0,2.0
725,2025-12-17 13:00:00,15.9,0.0,61.0,22.2,7.4,1022.6,42.0,2.0
726,2025-12-17 14:00:00,16.4,0.0,73.0,22.2,11.1,1022.5,39.0,2.0
727,2025-12-17 15:00:00,16.3,0.0,77.0,20.4,7.4,1022.8,39.0,2.0
728,2025-12-17 16:00:00,15.9,0.0,80.0,18.5,7.4,1022.8,38.0,2.0
729,2025-12-17 17:00:00,15.2,0.0,77.0,16.7,7.4,1023.2,28.0,2.0
730,2025-12-17 18:00:00,14.7,0.0,73.0,16.7,5.5,1023.8,14.0,2.0
731,2025-12-17 19:00:00,11.9,0.0,62.0,14.8,1.8,1024.3,0.0,2.0
732,2025-12-17 20:00:00,11.2,0.0,52.0,13.0,7.4,1024.7,0.0,2.0
733,2025-12-17 21:00:00,11.1,0.0,37.0,13.0,5.5,1025.0,0.0,2.0
734,2025-12-17 22:00:00,11.0,0.0,24.0,11.1,5.5,1025.3,0.0,2.0
735,2025-12-17 23:00:00,10.8,0.0,14.0,11.1,5.5,1025.6,0.0,2.0
736,2025-12-18 00:00:00,11.3,0.0,9.0,13.0,9.3,1025.2,0.0,2.0
737,2025-12-18 01:00:00,11.1,0.0,10.0,14.8,7.4,1025.1,0.0,2.0
738,2025-12-18 02:00:00,10.5,0.0,8.0,14.8,5.5,1025.1,0.0,2.0
739,2025-12-18 03:00:00,10.0,0.0,7.0,16.7,3.7,1025.0,0.0,2.0
740,2025-12-18 04:00:00,9.7,0.0,7.0,16.7,1.8,1025.0,0.0,2.0
741,2025-12-18 05:00:00,9.4,0.0,10.0,18.5,1.8,1025.0,0.0,2.0
742,2025-12-18 06:00:00,9.0,0.0,5.0,18.5,3.7,1024.9,0.0,2.0
743,2025-12-18 07:00:00,10.5,0.0,5.0,18.5,0.0,1024.9,0.0,2.0
744,2025-12-18 08:00:00,10.5,0.0,6.0,18.5,3.7,1025.0,0.0,2.0
745,2025-12-18 09:00:00,10.7,0.0,7.0,18.5,0.0,1025.2,22.0,2.0
746,2025-12-18 10:00:00,11.2,0.0,6.0,18.5,0.0,1025.3,35.0,2.0
747,2025-12-18 11:00:00,12.0,0.0,8.0,16.7,0.0,1025.3,43.0,2.0
748,2025-12-18 12:00:00,13.4,0.0,13.0,16.7,0.0,1025.0,45.0,2.0
749,2025-12-18 13:00:00,14.8,0.0,12.0,13.0,1.8,1024.3,51.0,2.0
750,2025-12-18 14:00:00,15.7,0.0,13.0,11.1,3.7,1023.7,50.0,2.0
751,2025-12-18 15:00:00,15.9,0.0,360.0,9.3,0.0,1023.6,49.0,2.0
752,2025-12-18 16:00:00,15.4,0.0,345.0,9.3,1.8,1023.3,47.0,2.0
753,2025-12-18 17:00:00,14.6,0.0,333.0,9.3,1.8,1023.2,34.0,2.0
754,2025-12-18 18:00:00,13.6,0.0,2.0,7.4,1.8,1023.1,17.0,2.0
755,2025-12-18 19:00:00,10.6,0.0,15.0,7.4,0.0,1023.1,0.0,2.0
756,2025-12-18 20:00:00,10.5,0.0,16.0,7.4,3.7,1023.2,0.0,1.0
757,2025-12-18 21:00:00,10.4,0.0,17.0,9.3,5.5,1023.2,0.0,1.0
758,2025-12-18 22:00:00,10.1,0.0,11.0,11.1,7.4,1023.2,0.0,2.0
759,2025-12-18 23:00:00,10.0,0.0,11.0,13.0,11.1,1023.1,0.0,2.0
760,2025-12-19 00:00:00,9.9,0.0,9.0,14.8,13.0,1022.7,0.0,2.0
761,2025-12-19 01:00:00,9.8,0.0,5.0,16.7,11.1,1022.3,0.0,2.0
762,2025-12-19 02:00:00,9.7,0.0,3.0,18.5,14.8,1022.0,0.0,2.0
763,2025-12-19 03:00:00,9.5,0.0,4.0,16.7,14.8,1021.7,0.0,2.0
764,2025-12-19 04:00:00,9.5,0.0,7.0,18.5,13.0,1021.2,0.0,2.0
765,2025-12-19 05:00:00,9.5,0.0,7.0,18.5,13.0,1021.2,0.0,2.0
766,2025-12-19 06:00:00,9.6,0.0,7.0,18.5,11.1,1021.2,0.0,2.0
767,2025-12-19 07:00:00,10.7,0.0,7.0,20.4,9.3,1021.5,0.0,2.0
768,2025-12-19 08:00:00,10.9,0.0,9.0,18.5,11.1,1021.5,0.0,2.0
769,2025-12-19 09:00:00,11.1,0.0,9.0,18.5,13.0,1021.7,12.0,2.0
770,2025-12-19 10:00:00,11.6,0.0,10.0,18.5,11.1,1021.8,20.0,3.0
771,2025-12-19 11:00:00,12.7,0.0,15.0,18.5,13.0,1022.0,23.0,3.0
772,2025-12-19 12:00:00,14.0,0.0,21.0,16.7,14.8,1021.7,24.0,3.0
773,2025-12-19 13:00:00,14.7,0.0,26.0,14.8,11.1,1021.0,25.0,3.0
774,2025-12-19 14:00:00,15.2,0.0,36.0,14.8,13.0,1020.4,21.0,3.0
775,2025-12-19 15:00:00,15.3,0.0,36.0,14.8,11.1,1020.1,20.0,3.0
776,2025-12-19 16:00:00,15.1,0.0,32.0,14.8,11.1,1020.1,18.0,3.0
777,2025-12-19 17:00:00,14.6,0.0,38.0,14.8,9.3,1020.2,9.0,3.0
778,2025-12-19 18:00:00,14.1,0.0,42.0,14.8,7.4,1020.3,4.0,3.0
779,2025-12-19 19:00:00,12.4,0.0,41.0,16.7,3.7,1020.5,0.0,3.0
780,2025-12-19 20:00:00,12.4,0.0,43.0,14.8,9.3,1020.4,0.0,3.0
781,2025-12-19 21:00:00,12.2,0.0,44.0,16.7,9.3,1020.5,0.0,3.0
782,2025-12-19 22:00:00,12.2,0.0,37.0,16.7,9.3,1020.3,0.0,3.0
783,2025-12-19 23:00:00,12.2,0.0,39.0,14.8,13.0,1020.5,0.0,3.0
784,2025-12-20 00:00:00,12.2,0.0,35.0,16.7,13.0,1020.2,0.0,3.0
785,2025-12-20 01:00:00,12.2,0.0,27.0,16.7,11.1,1019.7,0.0,3.0
786,2025-12-20 02:00:00,12.2,0.0,21.0,14.8,14.8,1019.4,0.0,3.0
787,2025-12-20 03:00:00,12.2,0.0,17.0,16.7,14.8,1019.1,0.0,3.0
788,2025-12-20 04:00:00,12.1,0.0,16.0,16.7,11.1,1018.7,0.0,3.0
789,2025-12-20 05:00:00,11.9,0.0,14.0,16.7,13.0,1018.3,0.0,3.0
790,2025-12-20 06:00:00,11.9,0.0,11.0,16.7,13.0,1018.1,0.0,3.0
791,2025-12-20 07:00:00,12.1,0.0,11.0,16.7,11.1,1018.0,0.0,3.0
792,2025-12-20 08:00:00,12.2,0.0,8.0,16.7,11.1,1018.0,0.0,3.0
793,2025-12-20 09:00:00,12.2,0.0,8.0,16.7,11.1,1018.2,1.0,3.0
794,2025-12-20 10:00:00,12.7,0.0,8.0,14.8,11.1,1018.2,5.0,3.0
795,2025-12-20 11:00:00,13.5,0.0,11.0,13.0,13.0,1018.3,4.0,3.0
796,2025-12-20 12:00:00,14.1,0.0,15.0,13.0,13.0,1017.4,4.0,3.0
797,2025-12-20 13:00:00,14.9,0.0,20.0,13.0,14.8,1016.7,5.0,3.0
798,2025-12-20 14:00:00,15.4,0.0,20.0,13.0,14.8,1016.0,8.0,3.0
799,2025-12-20 15:00:00,15.5,0.0,10.0,11.1,14.8,1015.2,10.0,3.0
800,2025-12-20 16:00:00,15.2,0.0,339.0,11.1,14.8,1014.9,9.0,3.0
801,2025-12-20 17:00:00,14.4,0.0,351.0,9.3,14.8,1014.6,5.0,2.0
802,2025-12-20 18:00:00,13.8,0.0,17.0,9.3,13.0,1014.3,2.0,2.0
803,2025-12-20 19:00:00,11.6,0.0,8.0,9.3,13.0,1014.1,0.0,2.0
804,2025-12-20 20:00:00,11.2,0.0,359.0,9.3,16.7,1013.9,0.0,2.0
805,2025-12-20 21:00:00,11.2,0.0,8.0,9.3,20.4,1013.9,0.0,2.0
806,2025-12-20 22:00:00,11.1,0.0,1.0,9.3,18.5,1013.5,0.0,2.0
807,2025-12-20 23:00:00,11.0,0.0,355.0,9.3,20.4,1013.1,0.0,2.0
808,2025-12-21 00:00:00,11.0,0.0,354.0,11.1,18.5,1012.8,0.0,2.0
809,2025-12-21 01:00:00,10.8,0.0,354.0,11.1,20.4,1012.0,0.0,3.0
810,2025-12-21 02:00:00,10.7,0.0,355.0,11.1,20.4,1011.9,0.0,3.0
811,2025-12-21 03:00:00,10.6,0.0,3.0,13.0,20.4,1011.7,0.0,3.0
812,2025-12-21 04:00:00,10.5,0.0,3.0,11.1,20.4,1011.3,0.0,3.0
813,2025-12-21 05:00:00,10.4,0.0,356.0,11.1,20.4,1010.8,0.0,3.0
814,2025-12-21 06:00:00,10.3,0.0,356.0,13.0,22.2,1010.3,0.0,3.0
815,2025-12-21 07:00:00,11.0,0.0,1.0,13.0,20.4,1010.2,0.0,3.0
816,2025-12-21 08:00:00,11.0,0.0,357.0,13.0,24.1,1010.2,0.0,3.0
817,2025-12-21 09:00:00,11.1,0.0,357.0,13.0,24.1,1010.3,18.0,3.0
818,2025-12-21 10:00:00,11.4,0.0,357.0,13.0,24.1,1010.2,25.0,3.0
819,2025-12-21 11:00:00,11.9,0.0,354.0,13.0,24.1,1010.0,30.0,3.0
820,2025-12-21 12:00:00,12.7,0.0,353.0,11.1,24.1,1009.5,30.0,3.0
821,2025-12-21 13:00:00,13.4,0.0,340.0,11.1,25.9,1008.8,26.0,3.0
822,2025-12-21 14:00:00,13.4,0.0,305.0,11.1,27.8,1008.1,26.0,3.0
823,2025-12-21 15:00:00,13.6,0.0,284.0,11.1,27.8,1007.6,25.0,3.0
824,2025-12-21 16:00:00,13.4,0.0,278.0,11.1,25.9,1007.2,24.0,3.0
825,2025-12-21 17:00:00,12.9,0.0,281.0,11.1,25.9,1007.3,15.0,3.0
826,2025-12-21 18:00:00,12.4,0.0,281.0,9.3,24.1,1007.1,8.0,3.0
827,2025-12-21 19:00:00,10.8,0.0,286.0,9.3,25.9,1007.0,0.0,3.0
828,2025-12-21 20:00:00,10.6,0.0,299.0,9.3,24.1,1006.8,0.0,3.0
829,2025-12-21 21:00:00,10.6,0.0,319.0,11.1,25.9,1006.9,0.0,2.0
830,2025-12-21 22:00:00,10.5,0.0,349.0,11.1,25.9,1006.8,0.0,2.0
831,2025-12-21 23:00:00,10.4,0.0,354.0,13.0,27.8,1006.4,0.0,2.0
