datetime,index,active_flt_2h,real_pax_checkin_adj,tot_pax,pax_momentum,pax_roll_mean_6h,Group_Ryanair,Ontime_flt,Delayed_flt,EU_flt,INT_flt,NAC_flt,temperatura,v_viento,estado_clima,no_vuelos,weekday_num,is_weekend,is_weekday,is_morning,is_evening,is_night,festivo,Visp_fest
2025-11-17 04:00:00,0,9.0,355.61,1590.0,0.0,0.0,7.0,6.0,3.0,7.0,2.0,0.0,10.5,9.7,1.0,0,0,0,1,1,0,0,0,0
2025-11-17 05:00:00,1,14.0,725.3599999999999,706.0,370.0,0.0,10.0,11.0,3.0,9.0,2.0,3.0,10.0,10.4,1.0,0,0,0,1,1,0,0,0,0
2025-11-17 06:00:00,2,9.0,342.24,709.0,-383.0,0.0,5.0,9.0,0.0,6.0,0.0,3.0,9.6,10.4,1.0,0,0,0,1,1,0,0,0,0
2025-11-17 07:00:00,3,21.0,959.44,3038.0,617.0,0.0,7.0,17.0,4.0,15.0,4.0,2.0,9.0,10.4,1.0,0,0,0,1,1,0,0,0,0
2025-11-17 08:00:00,4,32.0,1817.0,2819.0,858.0,0.0,12.0,21.0,11.0,20.0,10.0,2.0,9.9,10.1,1.0,0,0,0,1,1,0,0,0,0
2025-11-17 09:00:00,5,24.0,1501.1033333333332,1589.0,-316.0,950.0,11.0,16.0,8.0,14.0,10.0,0.0,12.5,7.6,1.0,0,0,0,1,1,0,0,0,0
2025-11-17 10:00:00,6,18.0,952.9266666666666,1602.0,-548.0,1050.0,8.0,14.0,4.0,10.0,7.0,1.0,15.1,6.1,1.0,0,0,0,1,1,0,0,0,0
2025-11-17 11:00:00,7,23.0,1149.14,2378.0,196.0,1120.0,9.0,14.0,9.0,13.0,9.0,1.0,16.6,6.8,3.0,0,0,0,1,1,0,0,0,0
2025-11-17 12:00:00,8,23.0,1219.08,1586.0,70.0,1266.0,6.0,12.0,11.0,15.0,7.0,1.0,17.2,7.6,3.0,0,0,0,1,0,1,0,0,0
2025-11-17 13:00:00,9,14.0,1006.7766666666666,984.0,-212.0,1274.0,3.0,8.0,6.0,9.0,4.0,1.0,17.4,7.2,1.0,0,0,0,1,0,1,0,0,0
2025-11-17 14:00:00,10,13.0,635.005,1448.0,-372.0,1077.0,8.0,10.0,3.0,7.0,5.0,1.0,17.0,7.9,1.0,0,0,0,1,0,1,0,0,0
2025-11-17 15:00:00,11,20.0,1133.225,2137.0,498.0,1016.0,11.0,16.0,4.0,13.0,5.0,2.0,15.9,8.3,3.0,0,0,0,1,0,1,0,0,0
2025-11-17 16:00:00,12,17.0,950.3333333333331,841.0,-183.0,1016.0,8.0,13.0,4.0,12.0,3.0,2.0,14.5,7.2,3.0,0,0,0,1,0,1,0,0,0
2025-11-17 17:00:00,13,17.0,708.5266666666666,2245.0,-242.0,942.0,9.0,14.0,3.0,10.0,5.0,2.0,12.8,6.5,3.0,0,0,0,1,0,1,0,0,0
2025-11-17 18:00:00,14,31.0,1644.53,3463.0,936.0,1013.0,15.0,26.0,5.0,20.0,9.0,2.0,12.3,4.7,3.0,0,0,0,1,0,1,0,0,0
2025-11-17 19:00:00,15,34.0,1966.33,2812.0,322.0,1173.0,17.0,24.0,10.0,22.0,10.0,2.0,11.2,6.5,2.0,0,0,0,1,0,0,1,0,0
2025-11-17 20:00:00,16,17.0,1254.2933333333333,398.0,-712.0,1276.0,9.0,11.0,6.0,9.0,7.0,1.0,10.3,6.1,1.0,0,0,0,1,0,0,1,0,0
2025-11-17 21:00:00,17,2.0,186.88,0.0,-1067.0,1118.0,1.0,2.0,0.0,1.0,1.0,0.0,9.9,7.2,1.0,0,0,0,1,0,0,1,0,0
2025-11-17 22:00:00,18,0.0,0.0,0.0,0.0,0.0,0.0,0.0,0.0,0.0,0.0,0.0,9.9,7.2,1.0,1,0,0,1,0,0,1,0,0
2025-11-17 23:00:00,19,0.0,0.0,0.0,0.0,0.0,0.0,0.0,0.0,0.0,0.0,0.0,9.9,7.2,1.0,1,0,0,1,0,0,1,0,0
2025-11-18 00:00:00,20,0.0,0.0,0.0,0.0,0.0,0.0,0.0,0.0,0.0,0.0,0.0,9.9,7.2,1.0,1,1,0,1,0,0,1,0,0
2025-11-18 01:00:00,21,0.0,0.0,0.0,0.0,0.0,0.0,0.0,0.0,0.0,0.0,0.0,9.9,7.2,1.0,1,1,0,1,0,0,1,0,0
2025-11-18 02:00:00,22,0.0,0.0,0.0,0.0,0.0,0.0,0.0,0.0,0.0,0.0,0.0,9.9,7.2,1.0,1,1,0,1,0,0,1,0,0
2025-11-18 03:00:00,23,0.0,0.0,0.0,0.0,0.0,0.0,0.0,0.0,0.0,0.0,0.0,9.9,7.2,1.0,1,1,0,1,0,0,1,0,0
2025-11-18 04:00:00,24,4.0,200.85,698.0,14.0,994.0,3.0,4.0,0.0,3.0,1.0,0.0,8.0,0.0,1.0,0,1,0,1,1,0,0,0,0
2025-11-18 05:00:00,25,8.0,322.19,697.0,121.0,929.0,6.0,8.0,0.0,7.0,1.0,0.0,7.0,1.0,2.0,0,1,0,1,1,0,0,0,0
2025-11-18 06:00:00,26,6.0,405.78,362.0,84.0,723.0,4.0,6.0,0.0,6.0,0.0,0.0,8.0,0.0,1.0,0,1,0,1,1,0,0,0,0
2025-11-18 07:00:00,27,14.0,694.7366666666667,2350.0,289.0,511.0,3.0,13.0,1.0,11.0,3.0,0.0,9.0,4.0,1.0,0,1,0,1,1,0,0,0,0
2025-11-18 08:00:00,28,17.0,1133.8733333333332,971.0,439.0,491.0,5.0,16.0,1.0,12.0,5.0,0.0,11.0,3.0,2.0,0,1,0,1,1,0,0,0,0
2025-11-18 09:00:00,29,8.0,467.45,492.0,-666.0,537.0,4.0,8.0,0.0,5.0,3.0,0.0,11.0,9.0,2.0,0,1,0,1,1,0,0,0,0
2025-11-18 10:00:00,30,9.0,422.7466666666666,1130.0,-45.0,574.0,4.0,8.0,1.0,6.0,3.0,0.0,12.0,9.0,1.0,0,1,0,1,1,0,0,0,0
2025-11-18 11:00:00,31,9.0,641.6633333333333,531.0,219.0,628.0,3.0,7.0,2.0,6.0,3.0,0.0,13.0,5.0,1.0,0,1,0,1,1,0,0,0,0
2025-11-18 12:00:00,32,7.0,477.3466666666666,743.0,-164.0,640.0,2.0,3.0,4.0,3.0,4.0,0.0,14.0,8.0,1.0,0,1,0,1,0,1,0,0,0
2025-11-18 13:00:00,33,4.0,251.0633333333333,0.0,-226.0,566.0,2.0,1.0,3.0,1.0,3.0,0.0,14.0,11.0,1.0,0,1,0,1,0,1,0,0,0
2025-11-18 14:00:00,34,2.0,76.10999999999999,374.0,-175.0,389.0,2.0,2.0,0.0,1.0,1.0,0.0,14.0,11.0,1.0,0,1,0,1,0,1,0,0,0
2025-11-18 15:00:00,35,5.0,254.685,560.0,179.0,354.0,4.0,5.0,0.0,3.0,1.0,1.0,14.0,10.0,1.0,0,1,0,1,0,1,0,0,0
2025-11-18 16:00:00,36,9.0,398.115,1116.0,143.0,350.0,6.0,9.0,0.0,8.0,0.0,1.0,13.0,8.0,1.0,0,1,0,1,0,1,0,0,0
2025-11-18 17:00:00,37,12.0,692.8833333333333,1142.0,295.0,358.0,5.0,12.0,0.0,10.0,2.0,0.0,12.0,8.0,1.0,0,1,0,1,0,1,0,0,0
2025-11-18 18:00:00,38,10.0,695.0066666666667,705.0,2.0,395.0,2.0,9.0,1.0,7.0,3.0,0.0,11.2,7.6,1.0,0,1,0,1,0,1,0,0,0
2025-11-18 19:00:00,39,7.0,392.76,587.0,-302.0,418.0,2.0,6.0,1.0,5.0,2.0,0.0,10.6,5.4,17.0,0,1,0,1,0,0,1,0,0
2025-11-18 20:00:00,40,4.0,277.0,181.0,-116.0,452.0,2.0,4.0,0.0,3.0,1.0,0.0,9.7,6.8,3.0,0,1,0,1,0,0,1,0,0
2025-11-18 21:00:00,41,1.0,43.44,0.0,-234.0,417.0,1.0,1.0,0.0,1.0,0.0,0.0,8.7,6.5,3.0,0,1,0,1,0,0,1,0,0
2025-11-18 22:00:00,42,0.0,0.0,0.0,0.0,0.0,0.0,0.0,0.0,0.0,0.0,0.0,8.7,6.5,3.0,1,1,0,1,0,0,1,0,0
2025-11-18 23:00:00,43,0.0,0.0,0.0,0.0,0.0,0.0,0.0,0.0,0.0,0.0,0.0,8.7,6.5,3.0,1,1,0,1,0,0,1,0,0
2025-11-19 00:00:00,44,0.0,0.0,0.0,0.0,0.0,0.0,0.0,0.0,0.0,0.0,0.0,8.7,6.5,3.0,1,2,0,1,0,0,1,0,0
2025-11-19 01:00:00,45,0.0,0.0,0.0,0.0,0.0,0.0,0.0,0.0,0.0,0.0,0.0,8.7,6.5,3.0,1,2,0,1,0,0,1,0,0
2025-11-19 02:00:00,46,0.0,0.0,0.0,0.0,0.0,0.0,0.0,0.0,0.0,0.0,0.0,8.7,6.5,3.0,1,2,0,1,0,0,1,0,0
2025-11-19 03:00:00,47,0.0,0.0,0.0,0.0,0.0,0.0,0.0,0.0,0.0,0.0,0.0,8.7,6.5,3.0,1,2,0,1,0,0,1,0,0
2025-11-19 04:00:00,48,8.0,343.29,1321.0,300.0,407.0,7.0,8.0,0.0,3.0,3.0,2.0,4.0,2.0,2.0,0,2,0,1,1,0,0,0,0
2025-11-19 05:00:00,49,9.0,451.35,151.0,108.0,367.0,7.0,9.0,0.0,4.0,3.0,2.0,3.0,1.0,1.0,0,2,0,1,1,0,0,0,0
2025-11-19 06:00:00,50,2.0,91.11,175.0,-360.0,266.0,0.0,2.0,0.0,2.0,0.0,0.0,5.0,3.0,1.0,0,2,0,1,1,0,0,0,0
2025-11-19 07:00:00,51,11.0,356.82,1887.0,266.0,261.0,4.0,8.0,3.0,10.0,1.0,0.0,5.0,7.0,1.0,0,2,0,1,1,0,0,0,0
2025-11-19 08:00:00,52,19.0,1242.21,1634.0,885.0,421.0,7.0,13.0,6.0,14.0,5.0,0.0,7.0,6.0,1.0,0,2,0,1,1,0,0,0,0
2025-11-19 09:00:00,53,12.0,804.4399999999999,545.0,-438.0,548.0,5.0,9.0,3.0,7.0,5.0,0.0,9.0,11.0,2.0,0,2,0,1,1,0,0,0,0
2025-11-19 10:00:00,54,5.0,264.31,412.0,-540.0,535.0,3.0,4.0,1.0,3.0,2.0,0.0,9.0,8.0,3.0,0,2,0,1,1,0,0,0,0
2025-11-19 11:00:00,55,9.0,563.4933333333333,1157.0,299.0,554.0,3.0,4.0,5.0,5.0,4.0,0.0,10.0,11.0,3.0,0,2,0,1,1,0,0,0,0
2025-11-19 12:00:00,56,9.0,433.0866666666666,354.0,-130.0,611.0,2.0,5.0,4.0,5.0,4.0,0.0,11.0,11.0,3.0,0,2,0,1,0,1,0,0,0
2025-11-19 13:00:00,57,7.0,385.69,906.0,-47.0,616.0,2.0,4.0,3.0,5.0,2.0,0.0,12.0,11.0,2.0,0,2,0,1,0,1,0,0,0
2025-11-19 14:00:00,58,9.0,458.53,738.0,73.0,485.0,5.0,6.0,3.0,8.0,1.0,0.0,11.0,15.0,1.0,0,2,0,1,0,1,0,0,0
2025-11-19 15:00:00,59,7.0,503.79,813.0,45.0,435.0,4.0,7.0,0.0,5.0,1.0,1.0,11.0,9.0,1.0,0,2,0,1,0,1,0,0,0
2025-11-19 16:00:00,60,6.0,353.66,499.0,-150.0,450.0,2.0,6.0,0.0,4.0,1.0,1.0,9.9,13.7,3.0,0,2,0,1,0,1,0,0,0
2025-11-19 17:00:00,61,15.0,677.2733333333333,2243.0,324.0,469.0,7.0,11.0,4.0,10.0,3.0,2.0,8.2,12.6,2.0,0,2,0,1,0,1,0,0,0
2025-11-19 18:00:00,62,21.0,1167.0766666666666,1696.0,490.0,591.0,8.0,13.0,8.0,12.0,7.0,2.0,7.4,10.1,2.0,0,2,0,1,0,1,0,0,0
2025-11-19 19:00:00,63,12.0,834.3,571.0,-333.0,666.0,2.0,6.0,6.0,8.0,4.0,0.0,6.8,10.8,3.0,0,2,0,1,0,0,1,0,0
2025-11-19 20:00:00,64,4.0,318.57,180.0,-516.0,642.0,1.0,2.0,2.0,3.0,1.0,0.0,6.1,9.4,3.0,0,2,0,1,0,0,1,0,0
2025-11-19 21:00:00,65,1.0,33.599999999999994,0.0,-285.0,564.0,1.0,1.0,0.0,0.0,1.0,0.0,5.1,7.6,2.0,0,2,0,1,0,0,1,0,0
2025-11-19 22:00:00,66,0.0,0.0,0.0,0.0,0.0,0.0,0.0,0.0,0.0,0.0,0.0,5.1,7.6,2.0,1,2,0,1,0,0,1,0,0
2025-11-19 23:00:00,67,0.0,0.0,0.0,0.0,0.0,0.0,0.0,0.0,0.0,0.0,0.0,5.1,7.6,2.0,1,2,0,1,0,0,1,0,0
2025-11-20 00:00:00,68,0.0,0.0,0.0,0.0,0.0,0.0,0.0,0.0,0.0,0.0,0.0,5.1,7.6,2.0,1,3,0,1,0,0,1,0,0
2025-11-20 01:00:00,69,0.0,0.0,0.0,0.0,0.0,0.0,0.0,0.0,0.0,0.0,0.0,5.1,7.6,2.0,1,3,0,1,0,0,1,0,0
2025-11-20 02:00:00,70,0.0,0.0,0.0,0.0,0.0,0.0,0.0,0.0,0.0,0.0,0.0,5.1,7.6,2.0,1,3,0,1,0,0,1,0,0
2025-11-20 03:00:00,71,0.0,0.0,0.0,0.0,0.0,0.0,0.0,0.0,0.0,0.0,0.0,5.1,7.6,2.0,1,3,0,1,0,0,1,0,0
2025-11-20 04:00:00,72,7.0,329.07,1143.0,295.0,560.0,5.0,7.0,0.0,4.0,2.0,1.0,6.0,24.0,1.0,0,3,0,1,1,0,0,0,0
2025-11-20 05:00:00,73,13.0,492.18,985.0,163.0,529.0,8.0,12.0,1.0,9.0,2.0,2.0,5.0,22.0,2.0,0,3,0,1,1,0,0,0,0
2025-11-20 06:00:00,74,10.0,588.15,727.0,96.0,433.0,7.0,8.0,2.0,9.0,0.0,1.0,6.0,22.0,2.0,0,3,0,1,1,0,0,0,0
2025-11-20 07:00:00,75,14.0,785.4866666666666,2000.0,197.0,425.0,7.0,5.0,9.0,12.0,2.0,0.0,5.9,21.0,2.0,0,3,0,1,1,0,0,0,0
2025-11-20 08:00:00,76,20.0,1200.0533333333333,1953.0,415.0,571.0,7.0,7.0,13.0,14.0,5.0,1.0,6.0,22.0,2.0,0,3,0,1,1,0,0,0,0
2025-11-20 09:00:00,77,18.0,1190.243333333333,1434.0,-10.0,764.0,9.0,10.0,8.0,8.0,8.0,2.0,7.0,24.0,2.0,0,3,0,1,1,0,0,0,0
2025-11-20 10:00:00,78,14.0,603.1866666666666,1112.0,-587.0,810.0,7.0,10.0,4.0,5.0,8.0,1.0,8.0,20.0,2.0,0,3,0,1,1,0,0,0,0
2025-11-20 11:00:00,79,17.0,849.9399999999999,1876.0,247.0,870.0,7.0,11.0,6.0,12.0,5.0,0.0,9.0,22.0,3.0,0,3,0,1,1,0,0,0,0
2025-11-20 12:00:00,80,20.0,1242.8833333333332,1612.0,393.0,979.0,6.0,13.0,7.0,14.0,6.0,0.0,11.0,24.0,3.0,0,3,0,1,0,1,0,0,0
2025-11-20 13:00:00,81,12.0,780.3866666666667,599.0,-462.0,978.0,3.0,10.0,2.0,7.0,5.0,0.0,12.3,21.0,3.0,0,3,0,1,0,1,0,0,0
2025-11-20 14:00:00,82,10.0,460.105,1240.0,-320.0,854.0,6.0,10.0,0.0,6.0,2.0,2.0,13.0,7.0,3.0,0,3,0,1,0,1,0,0,0
2025-11-20 15:00:00,83,13.0,611.685,1053.0,152.0,758.0,7.0,13.0,0.0,10.0,1.0,2.0,13.0,9.0,2.0,0,3,0,1,0,1,0,0,0
2025-11-20 16:00:00,84,15.0,783.21,1621.0,172.0,788.0,8.0,15.0,0.0,13.0,2.0,0.0,13.0,7.0,2.0,0,3,0,1,0,1,0,0,0
2025-11-20 17:00:00,85,22.0,1051.0333333333333,2342.0,268.0,822.0,10.0,22.0,0.0,15.0,6.0,1.0,13.0,4.0,1.0,0,3,0,1,0,1,0,0,0
2025-11-20 18:00:00,86,23.0,1353.34,1875.0,302.0,840.0,7.0,23.0,0.0,15.0,7.0,1.0,13.0,4.0,2.0,0,3,0,1,0,1,0,0,0
2025-11-20 19:00:00,87,19.0,1312.0833333333333,1699.0,-41.0,929.0,6.0,19.0,0.0,15.0,4.0,0.0,10.3,11.0,2.0,0,3,0,1,0,0,1,0,0
2025-11-20 20:00:00,88,11.0,736.8766666666667,445.0,-575.0,975.0,4.0,11.0,0.0,8.0,3.0,0.0,9.0,9.0,2.0,0,3,0,1,0,0,1,0,0
2025-11-20 21:00:00,89,2.0,177.98666666666665,0.0,-559.0,902.0,0.0,2.0,0.0,0.0,2.0,0.0,8.0,7.0,2.0,0,3,0,1,0,0,1,0,0
2025-11-20 22:00:00,90,0.0,0.0,0.0,0.0,0.0,0.0,0.0,0.0,0.0,0.0,0.0,8.0,7.0,2.0,1,3,0,1,0,0,1,0,0
2025-11-20 23:00:00,91,0.0,0.0,0.0,0.0,0.0,0.0,0.0,0.0,0.0,0.0,0.0,8.0,7.0,2.0,1,3,0,1,0,0,1,0,0
2025-11-21 00:00:00,92,0.0,0.0,0.0,0.0,0.0,0.0,0.0,0.0,0.0,0.0,0.0,8.0,7.0,2.0,1,4,0,1,0,0,1,0,0
2025-11-21 01:00:00,93,0.0,0.0,0.0,0.0,0.0,0.0,0.0,0.0,0.0,0.0,0.0,8.0,7.0,2.0,1,4,0,1,0,0,1,0,0
2025-11-21 02:00:00,94,0.0,0.0,0.0,0.0,0.0,0.0,0.0,0.0,0.0,0.0,0.0,8.0,7.0,2.0,1,4,0,1,0,0,1,0,0
2025-11-21 03:00:00,95,0.0,0.0,0.0,0.0,0.0,0.0,0.0,0.0,0.0,0.0,0.0,8.0,7.0,2.0,1,4,0,1,0,0,1,0,0
2025-11-21 04:00:00,96,7.0,310.49,1245.0,133.0,824.0,6.0,7.0,0.0,6.0,1.0,0.0,5.3,16.7,2.0,0,4,0,1,1,0,0,0,0
2025-11-21 05:00:00,97,10.0,533.89,421.0,223.0,737.0,7.0,10.0,0.0,8.0,1.0,1.0,5.1,16.7,2.0,0,4,0,1,1,0,0,0,0
2025-11-21 06:00:00,98,9.0,471.3066666666667,1046.0,-63.0,590.0,5.0,8.0,1.0,6.0,2.0,1.0,4.8,16.7,2.0,0,4,0,1,1,0,0,0,0
2025-11-21 07:00:00,99,22.0,889.8833333333333,2953.0,419.0,520.0,9.0,15.0,7.0,13.0,7.0,2.0,5.0,18.5,2.0,0,4,0,1,1,0,0,0,0
2025-11-21 08:00:00,100,30.0,1955.82,2638.0,1066.0,723.0,10.0,16.0,14.0,16.0,12.0,2.0,5.8,18.5,2.0,0,4,0,1,1,0,0,0,0
2025-11-21 09:00:00,101,26.0,1320.9816666666666,2058.0,-635.0,914.0,12.0,12.0,14.0,15.0,10.0,1.0,7.2,20.4,2.0,0,4,0,1,1,0,0,0,0
2025-11-21 10:00:00,102,21.0,1200.5183333333332,1678.0,-120.0,1062.0,11.0,8.0,13.0,13.0,7.0,1.0,8.9,20.4,2.0,0,4,0,1,1,0,0,0,0
2025-11-21 11:00:00,103,16.0,973.99,1257.0,-227.0,1135.0,6.0,6.0,10.0,8.0,8.0,0.0,10.3,22.2,2.0,0,4,0,1,1,0,0,0,0
2025-11-21 12:00:00,104,19.0,932.9666666666666,2117.0,-41.0,1212.0,6.0,14.0,5.0,14.0,5.0,0.0,11.5,22.2,2.0,0,4,0,1,0,1,0,0,0
2025-11-21 13:00:00,105,18.0,1141.3983333333333,1132.0,208.0,1254.0,7.0,14.0,4.0,13.0,2.0,3.0,12.3,22.2,2.0,0,4,0,1,0,1,0,0,0
2025-11-21 14:00:00,106,15.0,668.4116666666666,1547.0,-473.0,1040.0,8.0,10.0,5.0,8.0,2.0,5.0,12.7,22.2,2.0,0,4,0,1,0,1,0,0,0
2025-11-21 15:00:00,107,14.0,762.6033333333334,928.0,94.0,947.0,7.0,11.0,3.0,9.0,2.0,3.0,12.5,22.2,2.0,0,4,0,1,0,1,0,0,0
2025-11-21 16:00:00,108,14.0,679.71,1531.0,-83.0,860.0,6.0,10.0,4.0,9.0,4.0,1.0,11.5,20.4,2.0,0,4,0,1,0,1,0,0,0
2025-11-21 17:00:00,109,23.0,1070.3233333333333,2615.0,391.0,876.0,10.0,10.0,13.0,17.0,6.0,0.0,10.5,20.4,2.0,0,4,0,1,0,1,0,0,0
2025-11-21 18:00:00,110,33.0,1924.16,3598.0,854.0,1041.0,15.0,11.0,22.0,23.0,9.0,1.0,7.9,18.5,1.0,0,4,0,1,0,1,0,0,0
2025-11-21 19:00:00,111,35.0,2077.2266666666665,2956.0,153.0,1197.0,18.0,16.0,19.0,18.0,14.0,3.0,7.7,18.5,1.0,0,4,0,1,0,0,1,0,0
2025-11-21 20:00:00,112,19.0,1260.39,636.0,-817.0,1296.0,10.0,13.0,6.0,7.0,9.0,3.0,7.5,18.5,1.0,0,4,0,1,0,0,1,0,0
2025-11-21 21:00:00,113,4.0,371.7633333333333,185.0,-889.0,1231.0,2.0,4.0,0.0,1.0,2.0,1.0,7.2,16.7,1.0,0,4,0,1,0,0,1,0,0
2025-11-21 22:00:00,114,1.0,43.16666666666667,0.0,-329.0,1125.0,1.0,1.0,0.0,0.0,1.0,0.0,6.7,16.7,1.0,0,4,0,1,0,0,1,0,0
2025-11-21 23:00:00,115,0.0,0.0,0.0,0.0,0.0,0.0,0.0,0.0,0.0,0.0,0.0,6.7,16.7,1.0,1,4,0,1,0,0,1,0,0
2025-11-22 00:00:00,116,0.0,0.0,0.0,0.0,0.0,0.0,0.0,0.0,0.0,0.0,0.0,6.7,16.7,1.0,1,5,1,0,0,0,1,0,0
2025-11-22 01:00:00,117,0.0,0.0,0.0,0.0,0.0,0.0,0.0,0.0,0.0,0.0,0.0,6.7,16.7,1.0,1,5,1,0,0,0,1,0,0
2025-11-22 02:00:00,118,0.0,0.0,0.0,0.0,0.0,0.0,0.0,0.0,0.0,0.0,0.0,6.7,16.7,1.0,1,5,1,0,0,0,1,0,0
2025-11-22 03:00:00,119,0.0,0.0,0.0,0.0,0.0,0.0,0.0,0.0,0.0,0.0,0.0,6.7,16.7,1.0,1,5,1,0,0,0,1,0,0
2025-11-22 04:00:00,120,6.0,260.43,999.0,217.0,990.0,5.0,4.0,2.0,5.0,0.0,1.0,6.0,19.0,1.0,0,5,1,0,1,0,0,0,0
2025-11-22 05:00:00,121,7.0,327.45,151.0,67.0,723.0,5.0,5.0,2.0,6.0,0.0,1.0,7.0,12.0,1.0,0,5,1,0,1,0,0,0,0
2025-11-22 06:00:00,122,6.0,223.9633333333333,834.0,-103.0,415.0,4.0,6.0,0.0,4.0,1.0,1.0,6.3,28.0,1.0,0,5,1,0,1,0,0,0,0
2025-11-22 07:00:00,123,19.0,1002.9333333333332,2657.0,779.0,372.0,10.0,17.0,2.0,13.0,4.0,2.0,6.0,15.0,1.0,0,5,1,0,1,0,0,0,0
2025-11-22 08:00:00,124,27.0,1569.9499999999998,2397.0,567.0,571.0,11.0,23.0,4.0,15.0,11.0,1.0,6.0,14.0,1.0,0,5,1,0,1,0,0,0,0
2025-11-22 09:00:00,125,18.0,1166.9033333333332,874.0,-403.0,759.0,8.0,16.0,2.0,7.0,11.0,0.0,9.0,10.0,1.0,0,5,1,0,1,0,0,0,0
2025-11-22 10:00:00,126,10.0,559.03,955.0,-608.0,808.0,5.0,9.0,1.0,4.0,6.0,0.0,11.0,16.0,1.0,0,5,1,0,1,0,0,0,0
2025-11-22 11:00:00,127,15.0,889.855,1812.0,331.0,902.0,6.0,10.0,5.0,6.0,8.0,1.0,13.0,14.0,1.0,0,5,1,0,1,0,0,0,0
2025-11-22 12:00:00,128,19.0,1014.4883333333332,1662.0,125.0,1034.0,11.0,12.0,7.0,10.0,7.0,2.0,13.0,13.0,1.0,0,5,1,0,0,1,0,0,0
2025-11-22 13:00:00,129,11.0,686.4366666666666,412.0,-328.0,981.0,8.0,8.0,3.0,7.0,3.0,1.0,14.1,14.8,1.0,0,5,1,0,0,1,0,0,0
2025-11-22 14:00:00,130,7.0,411.1766666666667,931.0,-275.0,788.0,6.0,6.0,1.0,4.0,3.0,0.0,14.4,14.8,2.0,0,5,1,0,0,1,0,0,0
2025-11-22 15:00:00,131,11.0,603.1466666666666,1115.0,192.0,694.0,11.0,9.0,2.0,6.0,5.0,0.0,14.0,13.0,2.0,0,5,1,0,0,1,0,0,0
2025-11-22 16:00:00,132,13.0,765.4166666666666,1340.0,162.0,728.0,9.0,12.0,1.0,9.0,4.0,0.0,12.7,13.0,2.0,0,5,1,0,0,1,0,0,0
2025-11-22 17:00:00,133,14.0,884.7533333333333,1358.0,119.0,728.0,7.0,13.0,1.0,11.0,3.0,0.0,11.2,11.1,2.0,0,5,1,0,0,1,0,0,0
2025-11-22 18:00:00,134,18.0,849.8199999999999,2137.0,-35.0,700.0,11.0,14.0,4.0,12.0,4.0,2.0,9.2,11.1,2.0,0,5,1,0,0,1,0,0,0
2025-11-22 19:00:00,135,18.0,1095.6433333333332,1321.0,246.0,768.0,11.0,15.0,3.0,12.0,3.0,3.0,8.6,11.1,2.0,0,5,1,0,0,0,1,0,0
2025-11-22 20:00:00,136,10.0,786.2366666666667,572.0,-309.0,831.0,5.0,9.0,1.0,6.0,3.0,1.0,7.7,11.1,2.0,0,5,1,0,0,0,1,0,0
2025-11-22 21:00:00,137,3.0,153.16666666666666,0.0,-633.0,756.0,1.0,2.0,1.0,1.0,2.0,0.0,7.4,13.0,1.0,0,5,1,0,0,0,1,0,0
2025-11-22 22:00:00,138,0.0,0.0,0.0,0.0,0.0,0.0,0.0,0.0,0.0,0.0,0.0,7.4,13.0,1.0,1,5,1,0,0,0,1,0,0
2025-11-22 23:00:00,139,0.0,0.0,0.0,0.0,0.0,0.0,0.0,0.0,0.0,0.0,0.0,7.4,13.0,1.0,1,5,1,0,0,0,1,0,0
2025-11-23 00:00:00,140,0.0,0.0,0.0,0.0,0.0,0.0,0.0,0.0,0.0,0.0,0.0,7.4,13.0,1.0,1,6,1,0,0,0,1,0,0
2025-11-23 01:00:00,141,0.0,0.0,0.0,0.0,0.0,0.0,0.0,0.0,0.0,0.0,0.0,7.4,13.0,1.0,1,6,1,0,0,0,1,0,0
2025-11-23 02:00:00,142,0.0,0.0,0.0,0.0,0.0,0.0,0.0,0.0,0.0,0.0,0.0,7.4,13.0,1.0,1,6,1,0,0,0,1,0,0
2025-11-23 03:00:00,143,0.0,0.0,0.0,0.0,0.0,0.0,0.0,0.0,0.0,0.0,0.0,7.4,13.0,1.0,1,6,1,0,0,0,1,0,0
2025-11-23 04:00:00,144,7.0,274.55,1230.0,121.0,674.0,6.0,6.0,1.0,6.0,1.0,0.0,6.0,10.0,2.0,0,6,1,0,1,0,0,0,0
2025-11-23 05:00:00,145,11.0,605.1733333333333,643.0,331.0,627.0,9.0,10.0,1.0,7.0,3.0,1.0,6.0,10.0,2.0,0,6,1,0,1,0,0,0,0
2025-11-23 06:00:00,146,10.0,454.7266666666666,1001.0,-150.0,562.0,4.0,9.0,1.0,6.0,2.0,2.0,6.3,17.0,2.0,0,6,1,0,1,0,0,0,0
2025-11-23 07:00:00,147,22.0,866.4533333333333,3016.0,412.0,523.0,10.0,16.0,6.0,18.0,1.0,3.0,5.0,8.0,2.0,0,6,1,0,1,0,0,0,0
2025-11-23 08:00:00,148,27.0,1800.6699999999998,2044.0,934.0,692.0,17.0,19.0,8.0,19.0,6.0,2.0,7.0,9.0,2.0,0,6,1,0,1,0,0,0,0
2025-11-23 09:00:00,149,17.0,930.5416666666666,1003.0,-870.0,822.0,10.0,13.0,4.0,10.0,6.0,1.0,8.0,8.0,2.0,0,6,1,0,1,0,0,0,0
2025-11-23 10:00:00,150,14.0,589.9683333333332,1443.0,-341.0,875.0,8.0,10.0,4.0,8.0,3.0,3.0,10.0,7.0,1.0,0,6,1,0,1,0,0,0,0
2025-11-23 11:00:00,151,16.0,926.7166666666666,1454.0,337.0,928.0,10.0,12.0,4.0,9.0,4.0,3.0,12.7,13.0,2.0,0,6,1,0,1,0,0,0,0
2025-11-23 12:00:00,152,20.0,998.965,2075.0,72.0,1019.0,8.0,12.0,8.0,13.0,5.0,2.0,14.1,13.0,2.0,0,6,1,0,0,1,0,0,0
2025-11-23 13:00:00,153,20.0,1114.835,1492.0,116.0,1060.0,8.0,10.0,10.0,15.0,4.0,1.0,15.3,13.0,2.0,0,6,1,0,0,1,0,0,0
2025-11-23 14:00:00,154,13.0,725.7933333333333,880.0,-389.0,881.0,8.0,8.0,5.0,10.0,3.0,0.0,15.8,14.8,2.0,0,6,1,0,0,1,0,0,0
2025-11-23 15:00:00,155,12.0,717.2966666666666,1234.0,-8.0,846.0,9.0,6.0,6.0,7.0,4.0,1.0,15.8,14.8,2.0,0,6,1,0,0,1,0,0,0
2025-11-23 16:00:00,156,20.0,816.53,2270.0,99.0,883.0,10.0,11.0,9.0,12.0,5.0,3.0,15.3,13.0,2.0,0,6,1,0,0,1,0,0,0
2025-11-23 17:00:00,157,28.0,1459.61,2785.0,643.0,972.0,10.0,17.0,11.0,16.0,10.0,2.0,14.5,11.1,2.0,0,6,1,0,0,1,0,0,0
2025-11-23 18:00:00,158,33.0,1717.8666666666666,3373.0,258.0,1092.0,10.0,19.0,14.0,21.0,11.0,1.0,13.7,11.1,2.0,0,6,1,0,0,1,0,0,0
2025-11-23 19:00:00,159,30.0,2017.9716666666664,2235.0,300.0,1243.0,9.0,14.0,16.0,19.0,9.0,2.0,13.4,9.3,2.0,0,6,1,0,0,0,1,0,0
2025-11-23 20:00:00,160,15.0,972.8716666666668,643.0,-1045.0,1284.0,5.0,7.0,8.0,8.0,6.0,1.0,13.0,9.3,2.0,0,6,1,0,0,0,1,0,0
2025-11-23 21:00:00,161,4.0,421.48,166.0,-551.0,1234.0,2.0,4.0,0.0,2.0,2.0,0.0,12.7,9.3,2.0,0,6,1,0,0,0,1,0,0
2025-11-23 22:00:00,162,1.0,46.48,0.0,-375.0,1106.0,1.0,1.0,0.0,0.0,1.0,0.0,12.5,9.3,2.0,0,6,1,0,0,0,1,0,0
2025-11-23 23:00:00,163,0.0,0.0,0.0,0.0,0.0,0.0,0.0,0.0,0.0,0.0,0.0,12.5,9.3,2.0,1,6,1,0,0,0,1,0,0
2025-11-24 00:00:00,164,0.0,0.0,0.0,0.0,0.0,0.0,0.0,0.0,0.0,0.0,0.0,12.5,9.3,2.0,1,0,0,1,0,0,1,0,0
2025-11-24 01:00:00,165,0.0,0.0,0.0,0.0,0.0,0.0,0.0,0.0,0.0,0.0,0.0,12.5,9.3,2.0,1,0,0,1,0,0,1,0,0
2025-11-24 02:00:00,166,0.0,0.0,0.0,0.0,0.0,0.0,0.0,0.0,0.0,0.0,0.0,12.5,9.3,2.0,1,0,0,1,0,0,1,0,0
2025-11-24 03:00:00,167,0.0,0.0,0.0,0.0,0.0,0.0,0.0,0.0,0.0,0.0,0.0,12.5,9.3,2.0,1,0,0,1,0,0,1,0,0
2025-11-24 04:00:00,168,9.0,346.26,1554.0,300.0,920.0,7.0,8.0,1.0,6.0,3.0,0.0,14.0,2.0,2.0,0,0,0,1,1,0,0,0,0
2025-11-24 05:00:00,169,14.0,726.9499999999999,757.0,381.0,755.0,10.0,13.0,1.0,8.0,3.0,3.0,14.0,4.0,2.0,0,0,0,1,1,0,0,0,0
2025-11-24 06:00:00,170,9.0,354.42,713.0,-373.0,478.0,5.0,7.0,2.0,6.0,0.0,3.0,15.0,28.0,3.0,0,0,0,1,1,0,0,0,0
2025-11-24 07:00:00,171,21.0,914.5516666666666,2942.0,560.0,468.0,7.0,12.0,9.0,15.0,4.0,2.0,14.0,2.0,2.0,0,0,0,1,1,0,0,0,0
2025-11-24 08:00:00,172,31.0,1736.2483333333332,2637.0,822.0,687.0,12.0,20.0,11.0,19.0,10.0,2.0,14.0,9.0,2.0,0,0,0,1,1,0,0,0,0
2025-11-24 09:00:00,173,22.0,1412.33,1422.0,-324.0,915.0,11.0,17.0,5.0,12.0,10.0,0.0,15.3,16.7,2.0,0,0,0,1,1,0,0,0,0
2025-11-24 10:00:00,174,17.0,883.8,1579.0,-529.0,1005.0,8.0,14.0,3.0,9.0,7.0,1.0,16.9,22.2,2.0,0,0,0,1,1,0,0,0,0
2025-11-24 11:00:00,175,23.0,1133.6533333333332,2324.0,250.0,1073.0,9.0,13.0,10.0,13.0,9.0,1.0,18.1,24.1,2.0,0,0,0,1,1,0,0,0,0
2025-11-24 12:00:00,176,23.0,1187.5566666666666,1535.0,54.0,1211.0,6.0,11.0,12.0,15.0,7.0,1.0,18.6,29.6,2.0,0,0,0,1,0,1,0,0,0
2025-11-24 13:00:00,177,14.0,955.6,934.0,-232.0,1218.0,3.0,8.0,6.0,9.0,4.0,1.0,19.0,31.5,2.0,0,0,0,1,0,1,0,0,0
2025-11-24 14:00:00,178,13.0,623.3583333333333,1444.0,-332.0,1033.0,8.0,9.0,4.0,7.0,5.0,1.0,18.6,31.5,2.0,0,0,0,1,0,1,0,0,0
2025-11-24 15:00:00,179,20.0,1143.475,2148.0,520.0,988.0,11.0,16.0,4.0,12.0,6.0,2.0,18.1,29.6,2.0,0,0,0,1,0,1,0,0,0
2025-11-24 16:00:00,180,17.0,985.695,884.0,-158.0,1005.0,8.0,15.0,2.0,10.0,5.0,2.0,17.6,25.9,2.0,0,0,0,1,0,1,0,0,0
2025-11-24 17:00:00,181,17.0,706.3816666666667,2273.0,-279.0,934.0,9.0,12.0,5.0,9.0,6.0,2.0,17.0,20.4,2.0,0,0,0,1,0,1,0,0,0
2025-11-24 18:00:00,182,30.0,1633.7299999999998,3355.0,927.0,1008.0,15.0,16.0,14.0,20.0,8.0,2.0,16.5,18.5,2.0,0,0,0,1,0,1,0,0,0
2025-11-24 19:00:00,183,33.0,1910.4533333333327,2693.0,277.0,1167.0,17.0,13.0,20.0,21.0,10.0,2.0,16.0,18.5,2.0,0,0,0,1,0,0,1,0,0
2025-11-24 20:00:00,184,17.0,1188.7766666666666,391.0,-722.0,1261.0,9.0,6.0,11.0,8.0,8.0,1.0,15.6,16.7,2.0,0,0,0,1,0,0,1,0,0
2025-11-24 21:00:00,185,2.0,186.16,0.0,-1003.0,1102.0,1.0,2.0,0.0,1.0,1.0,0.0,15.2,16.7,2.0,0,0,0,1,0,0,1,0,0
2025-11-24 22:00:00,186,0.0,0.0,0.0,0.0,0.0,0.0,0.0,0.0,0.0,0.0,0.0,15.2,16.7,2.0,1,0,0,1,0,0,1,0,0
2025-11-24 23:00:00,187,0.0,0.0,0.0,0.0,0.0,0.0,0.0,0.0,0.0,0.0,0.0,15.2,16.7,2.0,1,0,0,1,0,0,1,0,0
2025-11-25 00:00:00,188,0.0,0.0,0.0,0.0,0.0,0.0,0.0,0.0,0.0,0.0,0.0,15.2,16.7,2.0,1,1,0,1,0,0,1,0,0
2025-11-25 01:00:00,189,0.0,0.0,0.0,0.0,0.0,0.0,0.0,0.0,0.0,0.0,0.0,15.2,16.7,2.0,1,1,0,1,0,0,1,0,0
2025-11-25 02:00:00,190,0.0,0.0,0.0,0.0,0.0,0.0,0.0,0.0,0.0,0.0,0.0,15.2,16.7,2.0,1,1,0,1,0,0,1,0,0
2025-11-25 03:00:00,191,0.0,0.0,0.0,0.0,0.0,0.0,0.0,0.0,0.0,0.0,0.0,15.2,16.7,2.0,1,1,0,1,0,0,1,0,0
2025-11-25 04:00:00,192,4.0,153.29999999999998,552.0,-33.0,963.0,3.0,4.0,0.0,3.0,1.0,0.0,12.5,14.8,2.0,0,1,0,1,1,0,0,0,0
2025-11-25 05:00:00,193,9.0,314.58,817.0,161.0,898.0,6.0,9.0,0.0,7.0,2.0,0.0,11.9,14.8,2.0,0,1,0,1,1,0,0,0,0
2025-11-25 06:00:00,194,7.0,451.26,364.0,137.0,701.0,4.0,6.0,1.0,6.0,1.0,0.0,12.4,14.8,2.0,0,1,0,1,1,0,0,0,0
2025-11-25 07:00:00,195,12.0,638.3666666666667,1970.0,187.0,489.0,3.0,5.0,7.0,9.0,3.0,0.0,12.4,16.7,2.0,0,1,0,1,1,0,0,0,0
2025-11-25 08:00:00,196,15.0,961.0633333333332,959.0,323.0,451.0,5.0,7.0,8.0,10.0,5.0,0.0,12.5,16.7,2.0,0,1,0,1,1,0,0,0,0
2025-11-25 09:00:00,197,8.0,462.23,488.0,-499.0,497.0,4.0,5.0,3.0,5.0,3.0,0.0,12.8,18.5,2.0,0,1,0,1,1,0,0,0,0
2025-11-25 10:00:00,198,9.0,418.18,1110.0,-44.0,541.0,4.0,8.0,1.0,6.0,3.0,0.0,13.6,18.5,2.0,0,1,0,1,1,0,0,0,0
2025-11-25 11:00:00,199,8.0,605.8,351.0,188.0,589.0,3.0,8.0,0.0,5.0,3.0,0.0,14.4,16.7,2.0,0,1,0,1,1,0,0,0,0
2025-11-25 12:00:00,200,6.0,397.0233333333333,760.0,-209.0,580.0,2.0,6.0,0.0,2.0,4.0,0.0,15.2,14.8,2.0,0,1,0,1,0,1,0,0,0
2025-11-25 13:00:00,201,4.0,258.2966666666666,0.0,-139.0,517.0,2.0,4.0,0.0,1.0,3.0,0.0,15.6,13.0,2.0,0,1,0,1,0,1,0,0,0
2025-11-25 14:00:00,202,2.0,79.21666666666665,386.0,-179.0,370.0,2.0,2.0,0.0,1.0,1.0,0.0,15.7,13.0,2.0,0,1,0,1,0,1,0,0,0
2025-11-25 15:00:00,203,5.0,260.92833333333334,588.0,182.0,337.0,4.0,4.0,1.0,3.0,1.0,1.0,15.5,11.1,2.0,0,1,0,1,0,1,0,0,0
2025-11-25 16:00:00,204,9.0,412.095,1101.0,151.0,336.0,6.0,8.0,1.0,8.0,0.0,1.0,14.9,11.1,2.0,0,1,0,1,0,1,0,0,0
2025-11-25 17:00:00,205,12.0,688.5033333333333,1151.0,276.0,349.0,5.0,10.0,2.0,10.0,2.0,0.0,14.0,11.1,2.0,0,1,0,1,0,1,0,0,0
2025-11-25 18:00:00,206,10.0,699.5966666666667,707.0,11.0,400.0,2.0,7.0,3.0,7.0,3.0,0.0,11.1,9.3,2.0,0,1,0,1,0,1,0,0,0
2025-11-25 19:00:00,207,7.0,396.78,595.0,-303.0,423.0,2.0,5.0,2.0,5.0,2.0,0.0,10.1,11.1,2.0,0,1,0,1,0,0,1,0,0
2025-11-25 20:00:00,208,4.0,270.96000000000004,158.0,-126.0,455.0,2.0,3.0,1.0,3.0,1.0,0.0,9.9,11.1,2.0,0,1,0,1,0,0,1,0,0
2025-11-25 21:00:00,209,1.0,37.92,0.0,-233.0,418.0,1.0,1.0,0.0,1.0,0.0,0.0,9.7,11.1,2.0,0,1,0,1,0,0,1,0,0
2025-11-25 22:00:00,210,0.0,0.0,0.0,0.0,0.0,0.0,0.0,0.0,0.0,0.0,0.0,9.7,11.1,2.0,1,1,0,1,0,0,1,0,0
2025-11-25 23:00:00,211,0.0,0.0,0.0,0.0,0.0,0.0,0.0,0.0,0.0,0.0,0.0,9.7,11.1,2.0,1,1,0,1,0,0,1,0,0
2025-11-26 00:00:00,212,0.0,0.0,0.0,0.0,0.0,0.0,0.0,0.0,0.0,0.0,0.0,9.7,11.1,2.0,1,2,0,1,0,0,1,0,0
2025-11-26 01:00:00,213,0.0,0.0,0.0,0.0,0.0,0.0,0.0,0.0,0.0,0.0,0.0,9.7,11.1,2.0,1,2,0,1,0,0,1,0,0
2025-11-26 02:00:00,214,0.0,0.0,0.0,0.0,0.0,0.0,0.0,0.0,0.0,0.0,0.0,9.7,11.1,2.0,1,2,0,1,0,0,1,0,0
2025-11-26 03:00:00,215,0.0,0.0,0.0,0.0,0.0,0.0,0.0,0.0,0.0,0.0,0.0,9.7,11.1,2.0,1,2,0,1,0,0,1,0,0
2025-11-26 04:00:00,216,9.0,326.505,1177.0,289.0,403.0,7.0,8.0,1.0,3.0,4.0,2.0,8.0,13.0,2.0,0,2,0,1,1,0,0,0,0
2025-11-26 05:00:00,217,11.0,477.9883333333333,299.0,151.0,368.0,7.0,10.0,1.0,4.0,5.0,2.0,7.7,18.5,2.0,0,2,0,1,1,0,0,0,0
2025-11-26 06:00:00,218,3.0,139.35666666666663,175.0,-339.0,275.0,0.0,3.0,0.0,2.0,1.0,0.0,8.7,18.5,2.0,0,2,0,1,1,0,0,0,0
2025-11-26 07:00:00,219,9.0,324.98999999999995,1530.0,186.0,263.0,3.0,7.0,2.0,8.0,1.0,0.0,8.7,18.5,2.0,0,2,0,1,1,0,0,0,0
2025-11-26 08:00:00,220,17.0,1060.72,1638.0,736.0,395.0,6.0,14.0,3.0,12.0,5.0,0.0,8.9,20.4,2.0,0,2,0,1,1,0,0,0,0
2025-11-26 09:00:00,221,12.0,806.64,545.0,-254.0,523.0,5.0,11.0,1.0,7.0,5.0,0.0,9.6,20.4,2.0,0,2,0,1,1,0,0,0,0
2025-11-26 10:00:00,222,5.0,263.23,408.0,-543.0,512.0,3.0,4.0,1.0,3.0,2.0,0.0,11.1,20.4,2.0,0,2,0,1,1,0,0,0,0
2025-11-26 11:00:00,223,8.0,515.9466666666666,948.0,253.0,518.0,3.0,7.0,1.0,4.0,4.0,0.0,12.5,18.5,2.0,0,2,0,1,1,0,0,0,0
2025-11-26 12:00:00,224,8.0,355.8933333333333,363.0,-160.0,555.0,2.0,7.0,1.0,4.0,4.0,0.0,13.6,18.5,2.0,0,2,0,1,0,1,0,0,0
2025-11-26 13:00:00,225,8.0,419.17,1140.0,63.0,570.0,2.0,5.0,3.0,6.0,2.0,0.0,14.4,18.5,2.0,0,2,0,1,0,1,0,0,0
2025-11-26 14:00:00,226,10.0,569.71,725.0,151.0,488.0,5.0,7.0,3.0,9.0,1.0,0.0,14.7,16.7,2.0,0,2,0,1,0,1,0,0,0
2025-11-26 15:00:00,227,7.0,546.5433333333333,801.0,-23.0,445.0,4.0,6.0,1.0,5.0,2.0,0.0,14.5,16.7,2.0,0,2,0,1,0,1,0,0,0
2025-11-26 16:00:00,228,6.0,461.0466666666667,500.0,-85.0,478.0,2.0,6.0,0.0,4.0,2.0,0.0,14.0,14.8,2.0,0,2,0,1,0,1,0,0,0
2025-11-26 17:00:00,229,15.0,666.225,2179.0,205.0,503.0,7.0,11.0,4.0,10.0,3.0,2.0,12.6,13.0,2.0,0,2,0,1,0,1,0,0,0
2025-11-26 18:00:00,230,21.0,1141.8183333333334,1715.0,476.0,634.0,8.0,14.0,7.0,12.0,7.0,2.0,8.3,11.1,1.0,0,2,0,1,0,1,0,0,0
2025-11-26 19:00:00,231,12.0,850.2466666666667,571.0,-292.0,706.0,2.0,8.0,4.0,8.0,4.0,0.0,7.9,13.0,1.0,0,2,0,1,0,0,1,0,0
2025-11-26 20:00:00,232,4.0,322.16333333333336,187.0,-528.0,665.0,1.0,3.0,1.0,3.0,1.0,0.0,7.7,14.8,1.0,0,2,0,1,0,0,1,0,0
2025-11-26 21:00:00,233,1.0,34.906666666666666,0.0,-287.0,579.0,1.0,1.0,0.0,0.0,1.0,0.0,7.6,14.8,1.0,0,2,0,1,0,0,1,0,0
2025-11-26 22:00:00,234,0.0,0.0,0.0,0.0,0.0,0.0,0.0,0.0,0.0,0.0,0.0,7.6,14.8,1.0,1,2,0,1,0,0,1,0,0
2025-11-26 23:00:00,235,0.0,0.0,0.0,0.0,0.0,0.0,0.0,0.0,0.0,0.0,0.0,7.6,14.8,1.0,1,2,0,1,0,0,1,0,0
2025-11-27 00:00:00,236,0.0,0.0,0.0,0.0,0.0,0.0,0.0,0.0,0.0,0.0,0.0,7.6,14.8,1.0,1,3,0,1,0,0,1,0,0
2025-11-27 01:00:00,237,0.0,0.0,0.0,0.0,0.0,0.0,0.0,0.0,0.0,0.0,0.0,7.6,14.8,1.0,1,3,0,1,0,0,1,0,0
2025-11-27 02:00:00,238,0.0,0.0,0.0,0.0,0.0,0.0,0.0,0.0,0.0,0.0,0.0,7.6,14.8,1.0,1,3,0,1,0,0,1,0,0
2025-11-27 03:00:00,239,0.0,0.0,0.0,0.0,0.0,0.0,0.0,0.0,0.0,0.0,0.0,7.6,14.8,1.0,1,3,0,1,0,0,1,0,0
2025-11-27 04:00:00,240,7.0,331.25166666666667,1052.0,296.0,558.0,5.0,7.0,0.0,3.0,3.0,1.0,4.9,20.4,1.0,0,3,0,1,1,0,0,0,0
2025-11-27 05:00:00,241,13.0,462.6983333333333,896.0,131.0,524.0,8.0,13.0,0.0,8.0,3.0,2.0,4.5,20.4,1.0,0,3,0,1,1,0,0,0,0
2025-11-27 06:00:00,242,10.0,571.17,703.0,108.0,429.0,7.0,9.0,1.0,9.0,0.0,1.0,6.2,20.4,1.0,0,3,0,1,1,0,0,0,0
2025-11-27 07:00:00,243,14.0,762.5966666666666,1944.0,191.0,414.0,7.0,12.0,2.0,12.0,2.0,0.0,6.2,22.2,1.0,0,3,0,1,1,0,0,0,0
2025-11-27 08:00:00,244,20.0,1174.3766666666666,1948.0,412.0,556.0,7.0,18.0,2.0,14.0,5.0,1.0,6.4,22.2,1.0,0,3,0,1,1,0,0,0,0
2025-11-27 09:00:00,245,17.0,1124.8466666666666,1222.0,-50.0,738.0,9.0,13.0,4.0,8.0,7.0,2.0,7.2,22.2,1.0,0,3,0,1,1,0,0,0,0
2025-11-27 10:00:00,246,13.0,540.4166666666666,1080.0,-584.0,773.0,7.0,9.0,4.0,4.0,8.0,1.0,9.0,20.4,1.0,0,3,0,1,1,0,0,0,0
2025-11-27 11:00:00,247,16.0,790.8033333333333,1723.0,250.0,827.0,7.0,13.0,3.0,10.0,6.0,0.0,11.0,16.7,1.0,0,3,0,1,1,0,0,0,0
2025-11-27 12:00:00,248,18.0,1162.1033333333332,1398.0,371.0,926.0,6.0,16.0,2.0,12.0,6.0,0.0,12.5,14.8,1.0,0,3,0,1,0,1,0,0,0
2025-11-27 13:00:00,249,11.0,668.8166666666666,597.0,-493.0,910.0,3.0,10.0,1.0,6.0,5.0,0.0,13.6,11.1,1.0,0,3,0,1,0,1,0,0,0
2025-11-27 14:00:00,250,10.0,457.385,1220.0,-211.0,791.0,6.0,8.0,2.0,6.0,2.0,2.0,13.9,11.1,1.0,0,3,0,1,0,1,0,0,0
2025-11-27 15:00:00,251,13.0,600.885,1049.0,144.0,703.0,7.0,11.0,2.0,10.0,1.0,2.0,13.3,11.1,1.0,0,3,0,1,0,1,0,0,0
2025-11-27 16:00:00,252,15.0,781.39,1619.0,181.0,744.0,8.0,13.0,2.0,13.0,2.0,0.0,12.5,9.3,1.0,0,3,0,1,0,1,0,0,0
2025-11-27 17:00:00,253,21.0,1004.245,2083.0,223.0,779.0,10.0,18.0,3.0,14.0,6.0,1.0,11.5,7.4,1.0,0,3,0,1,0,1,0,0,0
2025-11-27 18:00:00,254,21.0,1189.2283333333332,1613.0,185.0,784.0,7.0,18.0,3.0,13.0,7.0,1.0,10.0,7.4,1.0,0,3,0,1,0,1,0,0,0
2025-11-27 19:00:00,255,18.0,1201.0233333333333,1683.0,12.0,872.0,6.0,15.0,3.0,14.0,4.0,0.0,8.9,9.3,1.0,0,3,0,1,0,0,1,0,0
2025-11-27 20:00:00,256,11.0,733.8166666666666,445.0,-467.0,918.0,4.0,8.0,3.0,8.0,3.0,0.0,8.0,11.1,1.0,0,3,0,1,0,0,1,0,0
2025-11-27 21:00:00,257,2.0,175.04666666666665,0.0,-559.0,847.0,0.0,1.0,1.0,0.0,2.0,0.0,7.9,14.8,1.0,0,3,0,1,0,0,1,0,0
2025-11-27 22:00:00,258,0.0,0.0,0.0,0.0,0.0,0.0,0.0,0.0,0.0,0.0,0.0,7.9,14.8,1.0,1,3,0,1,0,0,1,0,0
2025-11-27 23:00:00,259,0.0,0.0,0.0,0.0,0.0,0.0,0.0,0.0,0.0,0.0,0.0,7.9,14.8,1.0,1,3,0,1,0,0,1,0,0
2025-11-28 00:00:00,260,0.0,0.0,0.0,0.0,0.0,0.0,0.0,0.0,0.0,0.0,0.0,7.9,14.8,1.0,1,4,0,1,0,0,1,0,0
2025-11-28 01:00:00,261,0.0,0.0,0.0,0.0,0.0,0.0,0.0,0.0,0.0,0.0,0.0,7.9,14.8,1.0,1,4,0,1,0,0,1,0,0
2025-11-28 02:00:00,262,0.0,0.0,0.0,0.0,0.0,0.0,0.0,0.0,0.0,0.0,0.0,7.9,14.8,1.0,1,4,0,1,0,0,1,0,0
2025-11-28 03:00:00,263,0.0,0.0,0.0,0.0,0.0,0.0,0.0,0.0,0.0,0.0,0.0,7.9,14.8,1.0,1,4,0,1,0,0,1,0,0
2025-11-28 04:00:00,264,7.0,290.97,1150.0,116.0,766.0,6.0,5.0,2.0,6.0,1.0,0.0,5.3,20.4,1.0,0,4,0,1,1,0,0,0,0
2025-11-28 05:00:00,265,10.0,513.3633333333333,373.0,222.0,684.0,7.0,8.0,2.0,7.0,2.0,1.0,5.1,22.2,2.0,0,4,0,1,1,0,0,0,0
2025-11-28 06:00:00,266,9.0,450.2033333333333,1040.0,-63.0,561.0,5.0,8.0,1.0,5.0,3.0,1.0,8.0,22.2,2.0,0,4,0,1,1,0,0,0,0
2025-11-28 07:00:00,267,22.0,890.4533333333333,2956.0,440.0,509.0,9.0,15.0,7.0,13.0,7.0,2.0,8.1,22.2,2.0,0,4,0,1,1,0,0,0,0
2025-11-28 08:00:00,268,30.0,1954.4533333333327,2619.0,1064.0,712.0,10.0,20.0,10.0,16.0,12.0,2.0,8.3,22.2,2.0,0,4,0,1,1,0,0,0,0
2025-11-28 09:00:00,269,25.0,1268.0083333333332,1890.0,-686.0,895.0,11.0,20.0,5.0,14.0,10.0,1.0,9.1,20.4,2.0,0,4,0,1,1,0,0,0,0
2025-11-28 10:00:00,270,19.0,1042.3183333333332,1512.0,-226.0,1020.0,10.0,13.0,6.0,12.0,6.0,1.0,10.4,18.5,2.0,0,4,0,1,1,0,0,0,0
2025-11-28 11:00:00,271,16.0,997.8333333333331,1434.0,-44.0,1101.0,6.0,8.0,8.0,9.0,7.0,0.0,12.7,14.8,2.0,0,4,0,1,1,0,0,0,0
2025-11-28 12:00:00,272,19.0,937.4466666666666,1894.0,-60.0,1182.0,6.0,14.0,5.0,14.0,5.0,0.0,14.6,13.0,2.0,0,4,0,1,0,1,0,0,0
2025-11-28 13:00:00,273,17.0,1084.065,1149.0,147.0,1214.0,7.0,13.0,4.0,13.0,2.0,2.0,15.7,13.0,2.0,0,4,0,1,0,1,0,0,0
2025-11-28 14:00:00,274,15.0,699.3933333333333,1559.0,-385.0,1005.0,8.0,11.0,4.0,9.0,2.0,4.0,16.1,14.8,2.0,0,4,0,1,0,1,0,0,0
2025-11-28 15:00:00,275,14.0,769.2016666666666,933.0,70.0,922.0,7.0,11.0,3.0,9.0,2.0,3.0,15.9,14.8,2.0,0,4,0,1,0,1,0,0,0
2025-11-28 16:00:00,276,14.0,708.4733333333334,1545.0,-61.0,866.0,6.0,11.0,3.0,8.0,5.0,1.0,15.1,13.0,2.0,0,4,0,1,0,1,0,0,0
2025-11-28 17:00:00,277,23.0,1059.32,2595.0,351.0,876.0,10.0,17.0,6.0,16.0,7.0,0.0,14.0,11.1,2.0,0,4,0,1,0,1,0,0,0
2025-11-28 18:00:00,278,33.0,1911.213333333333,3558.0,852.0,1039.0,15.0,20.0,13.0,23.0,9.0,1.0,10.4,9.3,2.0,0,4,0,1,0,1,0,0,0
2025-11-28 19:00:00,279,36.0,2045.4483333333333,3029.0,134.0,1199.0,18.0,23.0,13.0,19.0,14.0,3.0,10.3,9.3,2.0,0,4,0,1,0,0,1,0,0
2025-11-28 20:00:00,280,20.0,1295.8049999999998,641.0,-750.0,1298.0,10.0,16.0,4.0,8.0,9.0,3.0,10.1,9.3,2.0,0,4,0,1,0,0,1,0,0
2025-11-28 21:00:00,281,4.0,310.63,45.0,-985.0,1222.0,2.0,4.0,0.0,1.0,2.0,1.0,9.9,11.1,2.0,0,4,0,1,0,0,1,0,0
2025-11-28 22:00:00,282,1.0,10.5,0.0,-300.0,1105.0,1.0,1.0,0.0,0.0,1.0,0.0,9.7,13.0,2.0,0,4,0,1,0,0,1,0,0
2025-11-28 23:00:00,283,0.0,0.0,0.0,0.0,0.0,0.0,0.0,0.0,0.0,0.0,0.0,9.7,13.0,2.0,1,4,0,1,0,0,1,0,0
2025-11-29 00:00:00,284,0.0,0.0,0.0,0.0,0.0,0.0,0.0,0.0,0.0,0.0,0.0,9.7,13.0,2.0,1,5,1,0,0,0,1,0,0
2025-11-29 01:00:00,285,0.0,0.0,0.0,0.0,0.0,0.0,0.0,0.0,0.0,0.0,0.0,9.7,13.0,2.0,1,5,1,0,0,0,1,0,0
2025-11-29 02:00:00,286,0.0,0.0,0.0,0.0,0.0,0.0,0.0,0.0,0.0,0.0,0.0,9.7,13.0,2.0,1,5,1,0,0,0,1,0,0
2025-11-29 03:00:00,287,0.0,0.0,0.0,0.0,0.0,0.0,0.0,0.0,0.0,0.0,0.0,9.7,13.0,2.0,1,5,1,0,0,0,1,0,0
2025-11-29 04:00:00,288,6.0,260.43,999.0,250.0,972.0,5.0,6.0,0.0,5.0,0.0,1.0,8.0,9.0,2.0,0,5,1,0,1,0,0,0,0
2025-11-29 05:00:00,289,7.0,327.45,151.0,67.0,708.0,5.0,7.0,0.0,6.0,0.0,1.0,7.0,8.0,2.0,0,5,1,0,1,0,0,0,0
2025-11-29 06:00:00,290,6.0,225.73333333333332,893.0,-102.0,405.0,4.0,6.0,0.0,4.0,1.0,1.0,6.9,18.0,1.0,0,5,1,0,1,0,0,0,0
2025-11-29 07:00:00,291,18.0,969.4533333333331,2474.0,744.0,351.0,10.0,13.0,5.0,12.0,4.0,2.0,6.0,8.0,2.0,0,5,1,0,1,0,0,0,0
2025-11-29 08:00:00,292,26.0,1492.4333333333332,2320.0,523.0,548.0,11.0,19.0,7.0,14.0,11.0,1.0,7.0,11.0,2.0,0,5,1,0,1,0,0,0,0
2025-11-29 09:00:00,293,18.0,1130.13,874.0,-362.0,734.0,8.0,15.0,3.0,7.0,11.0,0.0,9.0,10.0,2.0,0,5,1,0,1,0,0,0,0
2025-11-29 10:00:00,294,10.0,559.03,955.0,-571.0,784.0,5.0,6.0,4.0,4.0,6.0,0.0,12.0,7.0,2.0,0,5,1,0,1,0,0,0,0
2025-11-29 11:00:00,295,15.0,893.675,1827.0,335.0,878.0,6.0,8.0,7.0,6.0,8.0,1.0,14.0,5.0,2.0,0,5,1,0,1,0,0,0,0
2025-11-29 12:00:00,296,19.0,1008.1816666666666,1625.0,115.0,1009.0,11.0,14.0,5.0,10.0,7.0,2.0,16.1,9.0,3.0,0,5,1,0,0,1,0,0,0
2025-11-29 13:00:00,297,11.0,672.6233333333332,412.0,-336.0,959.0,8.0,10.0,1.0,7.0,3.0,1.0,16.0,9.0,2.0,0,5,1,0,0,1,0,0,0
2025-11-29 14:00:00,298,7.0,411.1766666666667,931.0,-261.0,779.0,6.0,6.0,1.0,4.0,3.0,0.0,16.0,14.0,2.0,0,5,1,0,0,1,0,0,0
2025-11-29 15:00:00,299,11.0,603.1466666666666,1115.0,192.0,691.0,11.0,9.0,2.0,6.0,5.0,0.0,15.0,15.0,2.0,0,5,1,0,0,1,0,0,0
2025-11-29 16:00:00,300,14.0,863.3366666666666,1519.0,260.0,742.0,9.0,9.0,5.0,9.0,5.0,0.0,15.0,11.0,2.0,0,5,1,0,0,1,0,0,0
2025-11-29 17:00:00,301,17.0,987.6233333333332,1692.0,124.0,758.0,7.0,9.0,8.0,13.0,4.0,0.0,14.0,9.0,2.0,0,5,1,0,0,1,0,0,0
2025-11-29 18:00:00,302,20.0,973.09,2129.0,-15.0,752.0,11.0,14.0,6.0,14.0,4.0,2.0,12.5,8.0,3.0,0,5,1,0,0,1,0,0,0
2025-11-29 19:00:00,303,18.0,1094.0833333333333,1321.0,121.0,822.0,11.0,15.0,3.0,12.0,3.0,3.0,12.0,5.0,2.0,0,5,1,0,0,0,1,0,0
2025-11-29 20:00:00,304,10.0,786.2366666666667,572.0,-308.0,885.0,5.0,8.0,2.0,6.0,3.0,1.0,11.4,9.3,2.0,0,5,1,0,0,0,1,0,0
2025-11-29 21:00:00,305,3.0,153.16666666666666,0.0,-633.0,810.0,1.0,2.0,1.0,1.0,2.0,0.0,11.2,7.4,2.0,0,5,1,0,0,0,1,0,0
2025-11-29 22:00:00,306,0.0,0.0,0.0,0.0,0.0,0.0,0.0,0.0,0.0,0.0,0.0,11.2,7.4,2.0,1,5,1,0,0,0,1,0,0
2025-11-29 23:00:00,307,0.0,0.0,0.0,0.0,0.0,0.0,0.0,0.0,0.0,0.0,0.0,11.2,7.4,2.0,1,5,1,0,0,0,1,0,0
2025-11-30 00:00:00,308,0.0,0.0,0.0,0.0,0.0,0.0,0.0,0.0,0.0,0.0,0.0,11.2,7.4,2.0,1,6,1,0,0,0,1,0,0
2025-11-30 01:00:00,309,0.0,0.0,0.0,0.0,0.0,0.0,0.0,0.0,0.0,0.0,0.0,11.2,7.4,2.0,1,6,1,0,0,0,1,0,0
2025-11-30 02:00:00,310,0.0,0.0,0.0,0.0,0.0,0.0,0.0,0.0,0.0,0.0,0.0,11.2,7.4,2.0,1,6,1,0,0,0,1,0,0
2025-11-30 03:00:00,311,0.0,0.0,0.0,0.0,0.0,0.0,0.0,0.0,0.0,0.0,0.0,11.2,7.4,2.0,1,6,1,0,0,0,1,0,0
2025-11-30 04:00:00,312,7.0,276.27,1237.0,123.0,712.0,6.0,7.0,0.0,6.0,1.0,0.0,8.0,9.0,2.0,0,6,1,0,1,0,0,0,0
2025-11-30 05:00:00,313,11.0,623.2333333333333,696.0,347.0,651.0,9.0,11.0,0.0,7.0,3.0,1.0,8.0,12.0,2.0,0,6,1,0,1,0,0,0,0
2025-11-30 06:00:00,314,10.0,477.94666666666666,1006.0,-145.0,568.0,4.0,10.0,0.0,6.0,2.0,2.0,7.3,22.0,2.0,0,6,1,0,1,0,0,0,0
2025-11-30 07:00:00,315,22.0,879.1433333333333,3066.0,401.0,533.0,10.0,16.0,6.0,18.0,1.0,3.0,8.0,11.0,2.0,0,6,1,0,1,0,0,0,0
2025-11-30 08:00:00,316,27.0,1822.9666666666667,2113.0,944.0,705.0,17.0,20.0,7.0,19.0,6.0,2.0,8.0,10.0,2.0,0,6,1,0,1,0,0,0,0
2025-11-30 09:00:00,317,18.0,967.65,1159.0,-855.0,841.0,10.0,16.0,2.0,11.0,6.0,1.0,9.0,11.0,2.0,0,6,1,0,1,0,0,0,0
2025-11-30 10:00:00,318,15.0,680.0566666666666,1438.0,-288.0,908.0,8.0,14.0,1.0,9.0,3.0,3.0,11.0,10.0,2.0,0,6,1,0,1,0,0,0,0
2025-11-30 11:00:00,319,16.0,932.9933333333332,1447.0,253.0,960.0,10.0,15.0,1.0,9.0,4.0,3.0,12.0,11.0,2.0,0,6,1,0,1,0,0,0,0
2025-11-30 12:00:00,320,20.0,993.9433333333332,2071.0,61.0,1046.0,8.0,19.0,1.0,13.0,5.0,2.0,13.3,17.0,2.0,0,6,1,0,0,1,0,0,0
2025-11-30 13:00:00,321,20.0,1119.5966666666666,1494.0,126.0,1086.0,8.0,16.0,4.0,15.0,4.0,1.0,14.0,7.0,2.0,0,6,1,0,0,1,0,0,0
2025-11-30 14:00:00,322,13.0,729.5933333333332,908.0,-390.0,904.0,8.0,9.0,4.0,10.0,3.0,0.0,15.0,3.0,2.0,0,6,1,0,0,1,0,0,0
2025-11-30 15:00:00,323,12.0,737.4366666666666,1238.0,8.0,866.0,9.0,8.0,4.0,7.0,4.0,1.0,16.0,4.0,2.0,0,6,1,0,0,1,0,0,0
2025-11-30 16:00:00,324,20.0,811.42,2269.0,74.0,887.0,10.0,15.0,5.0,12.0,5.0,3.0,15.0,4.0,2.0,0,6,1,0,0,1,0,0,0
2025-11-30 17:00:00,325,26.0,1441.8666666666666,2472.0,630.0,972.0,10.0,21.0,5.0,15.0,9.0,2.0,14.0,2.0,2.0,0,6,1,0,0,1,0,0,0
2025-11-30 18:00:00,326,31.0,1538.9233333333332,3297.0,97.0,1063.0,10.0,19.0,12.0,20.0,10.0,1.0,10.9,7.4,2.0,0,6,1,0,0,1,0,0,0
2025-11-30 19:00:00,327,31.0,2029.5966666666664,2416.0,491.0,1215.0,9.0,20.0,11.0,20.0,9.0,2.0,10.8,9.3,2.0,0,6,1,0,0,0,1,0,0
2025-11-30 20:00:00,328,16.0,1037.003333333333,630.0,-993.0,1266.0,5.0,12.0,4.0,9.0,6.0,1.0,10.6,11.1,2.0,0,6,1,0,0,0,1,0,0
2025-11-30 21:00:00,329,4.0,420.16,180.0,-617.0,1213.0,2.0,3.0,1.0,2.0,2.0,0.0,10.2,13.0,2.0,0,6,1,0,0,0,1,0,0
2025-11-30 22:00:00,330,1.0,50.39999999999999,0.0,-370.0,1086.0,1.0,1.0,0.0,0.0,1.0,0.0,10.0,13.0,2.0,0,6,1,0,0,0,1,0,0
2025-11-30 23:00:00,331,0.0,0.0,0.0,0.0,0.0,0.0,0.0,0.0,0.0,0.0,0.0,10.0,13.0,2.0,1,6,1,0,0,0,1,0,0
2025-12-01 00:00:00,332,0.0,0.0,0.0,0.0,0.0,0.0,0.0,0.0,0.0,0.0,0.0,10.0,13.0,2.0,1,0,0,1,0,0,1,0,0
2025-12-01 01:00:00,333,0.0,0.0,0.0,0.0,0.0,0.0,0.0,0.0,0.0,0.0,0.0,10.0,13.0,2.0,1,0,0,1,0,0,1,0,0
2025-12-01 02:00:00,334,0.0,0.0,0.0,0.0,0.0,0.0,0.0,0.0,0.0,0.0,0.0,10.0,13.0,2.0,1,0,0,1,0,0,1,0,0
2025-12-01 03:00:00,335,0.0,0.0,0.0,0.0,0.0,0.0,0.0,0.0,0.0,0.0,0.0,10.0,13.0,2.0,1,0,0,1,0,0,1,0,0
2025-12-01 04:00:00,336,9.0,364.84,1598.0,314.0,907.0,7.0,8.0,1.0,6.0,3.0,0.0,7.0,12.0,2.0,0,0,0,1,1,0,0,0,0
2025-12-01 05:00:00,337,14.0,736.03,706.0,371.0,773.0,10.0,13.0,1.0,8.0,3.0,3.0,7.0,11.0,2.0,0,0,0,1,1,0,0,0,0
2025-12-01 06:00:00,338,9.0,342.24,709.0,-394.0,492.0,5.0,8.0,1.0,6.0,0.0,3.0,7.1,22.0,2.0,0,0,0,1,1,0,0,0,0
2025-12-01 07:00:00,339,21.0,946.6,3021.0,604.0,477.0,7.0,16.0,5.0,15.0,4.0,2.0,7.0,13.0,2.0,0,0,0,1,1,0,0,0,0
2025-12-01 08:00:00,340,32.0,1839.27,2795.0,893.0,713.0,13.0,25.0,7.0,19.0,11.0,2.0,7.0,14.0,2.0,0,0,0,1,1,0,0,0,0
2025-12-01 09:00:00,341,23.0,1444.26,1418.0,-395.0,946.0,12.0,19.0,4.0,12.0,11.0,0.0,9.0,14.0,2.0,0,0,0,1,1,0,0,0,0
2025-12-01 10:00:00,342,16.0,788.305,1501.0,-656.0,1016.0,8.0,12.0,4.0,9.0,6.0,1.0,11.0,13.0,1.0,0,0,0,1,1,0,0,0,0
2025-12-01 11:00:00,343,21.0,1133.368333333333,2236.0,345.0,1082.0,9.0,15.0,6.0,13.0,7.0,1.0,12.0,10.0,1.0,0,0,0,1,1,0,0,0,0
2025-12-01 12:00:00,344,23.0,1164.9266666666667,1690.0,32.0,1219.0,6.0,18.0,5.0,15.0,7.0,1.0,13.9,9.0,1.0,0,0,0,1,0,1,0,0,0
2025-12-01 13:00:00,345,16.0,1139.2166666666667,1156.0,-26.0,1252.0,4.0,12.0,4.0,9.0,6.0,1.0,15.0,3.0,1.0,0,0,0,1,0,1,0,0,0
2025-12-01 14:00:00,346,14.0,680.345,1455.0,-459.0,1058.0,9.0,8.0,6.0,7.0,6.0,1.0,16.0,2.0,2.0,0,0,0,1,0,1,0,0,0
2025-12-01 15:00:00,347,19.0,1140.4383333333333,1928.0,460.0,1008.0,10.0,13.0,6.0,11.0,6.0,2.0,15.0,2.0,2.0,0,0,0,1,0,1,0,0,0
2025-12-01 16:00:00,348,16.0,862.2933333333333,833.0,-278.0,1020.0,7.0,12.0,4.0,9.0,5.0,2.0,14.1,16.7,2.0,0,0,0,1,0,1,0,0,0
2025-12-01 17:00:00,349,17.0,691.1266666666667,2235.0,-171.0,946.0,9.0,10.0,7.0,9.0,6.0,2.0,13.1,14.8,2.0,0,0,0,1,0,1,0,0,0
2025-12-01 18:00:00,350,30.0,1612.1033333333332,3339.0,921.0,1021.0,15.0,20.0,10.0,20.0,8.0,2.0,10.9,13.0,2.0,0,0,0,1,0,1,0,0,0
2025-12-01 19:00:00,351,33.0,1913.003333333333,2789.0,301.0,1150.0,17.0,22.0,11.0,21.0,10.0,2.0,10.8,11.1,2.0,0,0,0,1,0,0,1,0,0
2025-12-01 20:00:00,352,19.0,1368.0433333333333,848.0,-545.0,1265.0,9.0,13.0,6.0,10.0,8.0,1.0,10.6,9.3,2.0,0,0,0,1,0,0,1,0,0
2025-12-01 21:00:00,353,5.0,447.13,189.0,-921.0,1149.0,2.0,5.0,0.0,3.0,2.0,0.0,10.4,9.3,2.0,0,0,0,1,0,0,1,0,0
2025-12-01 22:00:00,354,1.0,26.46,0.0,-421.0,1010.0,1.0,1.0,0.0,0.0,1.0,0.0,10.2,9.3,2.0,0,0,0,1,0,0,1,0,0
2025-12-01 23:00:00,355,0.0,0.0,0.0,0.0,0.0,0.0,0.0,0.0,0.0,0.0,0.0,10.2,9.3,2.0,1,0,0,1,0,0,1,0,0
2025-12-02 00:00:00,356,0.0,0.0,0.0,0.0,0.0,0.0,0.0,0.0,0.0,0.0,0.0,10.2,9.3,2.0,1,1,0,1,0,0,1,0,0
2025-12-02 01:00:00,357,0.0,0.0,0.0,0.0,0.0,0.0,0.0,0.0,0.0,0.0,0.0,10.2,9.3,2.0,1,1,0,1,0,0,1,0,0
2025-12-02 02:00:00,358,0.0,0.0,0.0,0.0,0.0,0.0,0.0,0.0,0.0,0.0,0.0,10.2,9.3,2.0,1,1,0,1,0,0,1,0,0
2025-12-02 03:00:00,359,0.0,0.0,0.0,0.0,0.0,0.0,0.0,0.0,0.0,0.0,0.0,10.2,9.3,2.0,1,1,0,1,0,0,1,0,0
2025-12-02 04:00:00,360,5.0,258.33,870.0,232.0,938.0,4.0,5.0,0.0,4.0,1.0,0.0,8.9,9.3,2.0,0,1,0,1,1,0,0,0,0
2025-12-02 05:00:00,361,10.0,414.09,845.0,156.0,738.0,7.0,10.0,0.0,8.0,2.0,0.0,8.6,11.1,2.0,0,1,0,1,1,0,0,0,0
2025-12-02 06:00:00,362,8.0,497.5799999999999,516.0,83.0,502.0,5.0,8.0,0.0,7.0,1.0,0.0,8.4,11.1,2.0,0,1,0,1,1,0,0,0,0
2025-12-02 07:00:00,363,13.0,698.3966666666666,1973.0,201.0,390.0,4.0,11.0,2.0,10.0,3.0,0.0,8.5,13.0,2.0,0,1,0,1,1,0,0,0,0
2025-12-02 08:00:00,364,17.0,1062.0833333333333,1326.0,364.0,493.0,5.0,14.0,3.0,11.0,6.0,0.0,8.8,14.8,2.0,0,1,0,1,1,0,0,0,0
2025-12-02 09:00:00,365,10.0,598.6999999999999,492.0,-463.0,588.0,4.0,7.0,3.0,6.0,4.0,0.0,9.6,14.8,2.0,0,1,0,1,1,0,0,0,0
2025-12-02 10:00:00,366,10.0,469.5533333333333,1263.0,-129.0,623.0,4.0,6.0,4.0,6.0,4.0,0.0,11.3,14.8,2.0,0,1,0,1,1,0,0,0,0
2025-12-02 11:00:00,367,8.0,629.4866666666667,184.0,160.0,659.0,3.0,6.0,2.0,4.0,4.0,0.0,12.8,13.0,2.0,0,1,0,1,1,0,0,0,0
2025-12-02 12:00:00,368,5.0,339.7033333333333,780.0,-290.0,633.0,2.0,5.0,0.0,1.0,4.0,0.0,13.9,11.1,2.0,0,1,0,1,0,1,0,0,0
2025-12-02 13:00:00,369,6.0,388.31,360.0,49.0,581.0,3.0,6.0,0.0,2.0,4.0,0.0,14.9,11.1,2.0,0,1,0,1,0,1,0,0,0
2025-12-02 14:00:00,370,3.0,116.61666666666667,185.0,-272.0,424.0,2.0,3.0,0.0,2.0,1.0,0.0,14.9,11.1,2.0,0,1,0,1,0,1,0,0,0
2025-12-02 15:00:00,371,5.0,226.005,763.0,109.0,362.0,3.0,4.0,1.0,4.0,0.0,1.0,14.5,11.1,2.0,0,1,0,1,0,1,0,0,0
2025-12-02 16:00:00,372,8.0,407.445,747.0,181.0,351.0,4.0,6.0,2.0,7.0,0.0,1.0,13.8,11.1,2.0,0,1,0,1,0,1,0,0,0
2025-12-02 17:00:00,373,11.0,600.0366666666666,1385.0,193.0,346.0,4.0,9.0,2.0,8.0,2.0,1.0,12.9,11.1,2.0,0,1,0,1,0,1,0,0,0
2025-12-02 18:00:00,374,11.0,741.1633333333333,705.0,141.0,413.0,3.0,9.0,2.0,7.0,3.0,1.0,9.7,11.1,2.0,0,1,0,1,0,1,0,0,0
2025-12-02 19:00:00,375,7.0,392.76,587.0,-348.0,414.0,2.0,5.0,2.0,5.0,2.0,0.0,9.6,11.1,2.0,0,1,0,1,0,0,1,0,0
2025-12-02 20:00:00,376,4.0,277.0,181.0,-116.0,441.0,2.0,3.0,1.0,3.0,1.0,0.0,9.5,11.1,2.0,0,1,0,1,0,0,1,0,0
2025-12-02 21:00:00,377,1.0,43.44,0.0,-234.0,410.0,1.0,1.0,0.0,1.0,0.0,0.0,9.4,13.0,2.0,0,1,0,1,0,0,1,0,0
2025-12-02 22:00:00,378,0.0,0.0,0.0,0.0,0.0,0.0,0.0,0.0,0.0,0.0,0.0,9.4,13.0,2.0,1,1,0,1,0,0,1,0,0
2025-12-02 23:00:00,379,0.0,0.0,0.0,0.0,0.0,0.0,0.0,0.0,0.0,0.0,0.0,9.4,13.0,2.0,1,1,0,1,0,0,1,0,0
2025-12-03 00:00:00,380,0.0,0.0,0.0,0.0,0.0,0.0,0.0,0.0,0.0,0.0,0.0,9.4,13.0,2.0,1,2,0,1,0,0,1,0,0
2025-12-03 01:00:00,381,0.0,0.0,0.0,0.0,0.0,0.0,0.0,0.0,0.0,0.0,0.0,9.4,13.0,2.0,1,2,0,1,0,0,1,0,0
2025-12-03 02:00:00,382,0.0,0.0,0.0,0.0,0.0,0.0,0.0,0.0,0.0,0.0,0.0,9.4,13.0,2.0,1,2,0,1,0,0,1,0,0
2025-12-03 03:00:00,383,0.0,0.0,0.0,0.0,0.0,0.0,0.0,0.0,0.0,0.0,0.0,9.4,13.0,2.0,1,2,0,1,0,0,1,0,0
2025-12-03 04:00:00,384,9.0,391.8733333333333,1359.0,348.0,408.0,7.0,9.0,0.0,3.0,4.0,2.0,9.0,13.0,2.0,0,2,0,1,1,0,0,0,0
2025-12-03 05:00:00,385,12.0,538.0,378.0,146.0,397.0,8.0,12.0,0.0,4.0,5.0,3.0,8.0,12.0,2.0,0,2,0,1,1,0,0,0,0
2025-12-03 06:00:00,386,5.0,210.90666666666667,340.0,-327.0,309.0,2.0,5.0,0.0,3.0,1.0,1.0,8.0,21.0,1.0,0,2,0,1,1,0,0,0,0
2025-12-03 07:00:00,387,11.0,395.7,1793.0,185.0,309.0,5.0,9.0,2.0,10.0,1.0,0.0,8.0,12.0,2.0,0,2,0,1,1,0,0,0,0
2025-12-03 08:00:00,388,20.0,1260.736666666667,1990.0,865.0,473.0,7.0,13.0,7.0,14.0,6.0,0.0,8.0,12.0,2.0,0,2,0,1,1,0,0,0,0
2025-12-03 09:00:00,389,14.0,963.9633333333333,549.0,-297.0,627.0,5.0,8.0,6.0,8.0,6.0,0.0,9.0,13.0,2.0,0,2,0,1,1,0,0,0,0
2025-12-03 10:00:00,390,5.0,263.83,398.0,-700.0,606.0,3.0,4.0,1.0,3.0,2.0,0.0,11.0,13.0,2.0,0,2,0,1,1,0,0,0,0
2025-12-03 11:00:00,391,5.0,391.64,549.0,128.0,581.0,2.0,4.0,1.0,3.0,2.0,0.0,11.7,18.5,2.0,0,2,0,1,1,0,0,0,0
2025-12-03 12:00:00,392,7.0,301.26,676.0,-90.0,596.0,1.0,5.0,2.0,4.0,3.0,0.0,13.1,16.7,2.0,0,2,0,1,0,1,0,0,0
2025-12-03 13:00:00,393,11.0,558.6,1327.0,257.0,623.0,2.0,9.0,2.0,8.0,3.0,0.0,14.2,16.7,2.0,0,2,0,1,0,1,0,0,0
2025-12-03 14:00:00,394,11.0,648.1,749.0,90.0,521.0,5.0,10.0,1.0,10.0,1.0,0.0,14.7,16.7,2.0,0,2,0,1,0,1,0,0,0
2025-12-03 15:00:00,395,8.0,578.2433333333333,953.0,-70.0,457.0,4.0,7.0,1.0,5.0,3.0,0.0,14.3,16.7,2.0,0,2,0,1,0,1,0,0,0
2025-12-03 16:00:00,396,9.0,567.5516666666667,808.0,-11.0,508.0,4.0,7.0,2.0,5.0,3.0,1.0,13.6,14.8,2.0,0,2,0,1,0,1,0,0,0
2025-12-03 17:00:00,397,16.0,798.8766666666667,2035.0,231.0,575.0,9.0,11.0,5.0,10.0,3.0,3.0,12.6,13.0,1.0,0,2,0,1,0,1,0,0,0
2025-12-03 18:00:00,398,20.0,1042.0016666666666,1698.0,243.0,699.0,8.0,14.0,6.0,11.0,7.0,2.0,9.9,11.1,1.0,0,2,0,1,0,1,0,0,0
2025-12-03 19:00:00,399,12.0,842.9066666666666,577.0,-199.0,746.0,2.0,8.0,4.0,8.0,4.0,0.0,9.7,13.0,1.0,0,2,0,1,0,0,1,0,0
2025-12-03 20:00:00,400,4.0,325.53,189.0,-517.0,693.0,1.0,2.0,2.0,3.0,1.0,0.0,9.4,13.0,1.0,0,2,0,1,0,0,1,0,0
2025-12-03 21:00:00,401,1.0,35.279999999999994,0.0,-290.0,602.0,1.0,1.0,0.0,0.0,1.0,0.0,9.0,13.0,1.0,0,2,0,1,0,0,1,0,0
2025-12-03 22:00:00,402,0.0,0.0,0.0,0.0,0.0,0.0,0.0,0.0,0.0,0.0,0.0,9.0,13.0,1.0,1,2,0,1,0,0,1,0,0
2025-12-03 23:00:00,403,0.0,0.0,0.0,0.0,0.0,0.0,0.0,0.0,0.0,0.0,0.0,9.0,13.0,1.0,1,2,0,1,0,0,1,0,0
2025-12-04 00:00:00,404,0.0,0.0,0.0,0.0,0.0,0.0,0.0,0.0,0.0,0.0,0.0,9.0,13.0,1.0,1,3,0,1,0,0,1,0,0
2025-12-04 01:00:00,405,0.0,0.0,0.0,0.0,0.0,0.0,0.0,0.0,0.0,0.0,0.0,9.0,13.0,1.0,1,3,0,1,0,0,1,0,0
2025-12-04 02:00:00,406,0.0,0.0,0.0,0.0,0.0,0.0,0.0,0.0,0.0,0.0,0.0,9.0,13.0,1.0,1,3,0,1,0,0,1,0,0
2025-12-04 03:00:00,407,0.0,0.0,0.0,0.0,0.0,0.0,0.0,0.0,0.0,0.0,0.0,9.0,13.0,1.0,1,3,0,1,0,0,1,0,0
2025-12-04 04:00:00,408,6.0,281.5616666666666,886.0,246.0,554.0,4.0,5.0,1.0,2.0,3.0,1.0,6.0,9.0,2.0,0,3,0,1,1,0,0,0,0
2025-12-04 05:00:00,409,12.0,422.0683333333333,929.0,141.0,492.0,7.0,11.0,1.0,7.0,3.0,2.0,6.0,9.0,2.0,0,3,0,1,1,0,0,0,0
2025-12-04 06:00:00,410,9.0,560.31,558.0,138.0,411.0,6.0,9.0,0.0,8.0,0.0,1.0,5.1,17.0,1.0,0,3,0,1,1,0,0,0,0
2025-12-04 07:00:00,411,14.0,722.9066666666666,2179.0,163.0,391.0,6.0,9.0,5.0,12.0,2.0,0.0,5.0,5.0,2.0,0,3,0,1,1,0,0,0,0
2025-12-04 08:00:00,412,22.0,1303.5333333333333,2017.0,581.0,554.0,7.0,16.0,6.0,15.0,6.0,1.0,7.0,9.0,2.0,0,3,0,1,1,0,0,0,0
2025-12-04 09:00:00,413,17.0,1136.5233333333333,1108.0,-167.0,738.0,8.0,15.0,2.0,7.0,8.0,2.0,9.0,11.1,2.0,0,3,0,1,1,0,0,0,0
2025-12-04 10:00:00,414,12.0,513.0333333333333,1132.0,-623.0,776.0,6.0,9.0,3.0,3.0,8.0,1.0,9.8,13.0,3.0,0,3,0,1,1,0,0,0,0
2025-12-04 11:00:00,415,15.0,797.0133333333333,1556.0,284.0,839.0,7.0,12.0,3.0,9.0,6.0,0.0,10.9,13.0,3.0,0,3,0,1,1,0,0,0,0
2025-12-04 12:00:00,416,19.0,1143.6366666666663,1723.0,347.0,936.0,7.0,17.0,2.0,12.0,7.0,0.0,11.7,13.0,3.0,0,3,0,1,0,1,0,0,0
2025-12-04 13:00:00,417,11.0,766.8133333333333,185.0,-377.0,943.0,3.0,9.0,2.0,5.0,6.0,0.0,12.2,13.0,3.0,0,3,0,1,0,1,0,0,0
2025-12-04 14:00:00,418,8.0,258.145,1238.0,-509.0,769.0,5.0,6.0,2.0,4.0,2.0,2.0,12.5,14.8,3.0,0,3,0,1,0,1,0,0,0
2025-12-04 15:00:00,419,11.0,546.495,698.0,288.0,671.0,6.0,10.0,1.0,8.0,1.0,2.0,12.2,14.8,3.0,0,3,0,1,0,1,0,0,0
2025-12-04 16:00:00,420,11.0,544.11,1308.0,-2.0,676.0,5.0,9.0,2.0,10.0,1.0,0.0,11.6,13.0,2.0,0,3,0,1,0,1,0,0,0
2025-12-04 17:00:00,421,19.0,923.2316666666668,2262.0,379.0,697.0,8.0,15.0,4.0,13.0,5.0,1.0,10.8,13.0,2.0,0,3,0,1,0,1,0,0,0
2025-12-04 18:00:00,422,22.0,1306.621666666667,1938.0,383.0,724.0,7.0,18.0,4.0,14.0,7.0,1.0,10.3,11.1,2.0,0,3,0,1,0,1,0,0,0
2025-12-04 19:00:00,423,20.0,1417.3533333333332,1939.0,111.0,833.0,6.0,12.0,8.0,16.0,4.0,0.0,9.6,11.1,2.0,0,3,0,1,0,0,1,0,0
2025-12-04 20:00:00,424,12.0,827.6566666666666,454.0,-590.0,928.0,4.0,6.0,6.0,9.0,3.0,0.0,9.0,11.1,2.0,0,3,0,1,0,0,1,0,0
2025-12-04 21:00:00,425,2.0,180.08666666666664,0.0,-648.0,867.0,0.0,2.0,0.0,0.0,2.0,0.0,8.6,11.1,2.0,0,3,0,1,0,0,1,0,0
2025-12-04 22:00:00,426,0.0,0.0,0.0,0.0,0.0,0.0,0.0,0.0,0.0,0.0,0.0,8.6,11.1,2.0,1,3,0,1,0,0,1,0,0
2025-12-04 23:00:00,427,0.0,0.0,0.0,0.0,0.0,0.0,0.0,0.0,0.0,0.0,0.0,8.6,11.1,2.0,1,3,0,1,0,0,1,0,0
2025-12-05 00:00:00,428,0.0,0.0,0.0,0.0,0.0,0.0,0.0,0.0,0.0,0.0,0.0,8.6,11.1,2.0,1,4,0,1,0,0,1,0,0
2025-12-05 01:00:00,429,0.0,0.0,0.0,0.0,0.0,0.0,0.0,0.0,0.0,0.0,0.0,8.6,11.1,2.0,1,4,0,1,0,0,1,0,0
2025-12-05 02:00:00,430,0.0,0.0,0.0,0.0,0.0,0.0,0.0,0.0,0.0,0.0,0.0,8.6,11.1,2.0,1,4,0,1,0,0,1,0,0
2025-12-05 03:00:00,431,0.0,0.0,0.0,0.0,0.0,0.0,0.0,0.0,0.0,0.0,0.0,8.6,11.1,2.0,1,4,0,1,0,0,1,0,0
2025-12-05 04:00:00,432,7.0,315.45,1266.0,135.0,828.0,6.0,7.0,0.0,6.0,1.0,0.0,9.0,10.0,2.0,0,4,0,1,1,0,0,0,1
2025-12-05 05:00:00,433,10.0,565.0833333333333,468.0,250.0,769.0,7.0,10.0,0.0,7.0,2.0,1.0,9.0,6.0,2.0,0,4,0,1,1,0,0,0,1
2025-12-05 06:00:00,434,10.0,501.2033333333333,1246.0,-64.0,634.0,5.0,9.0,1.0,6.0,3.0,1.0,9.0,10.0,2.0,0,4,0,1,1,0,0,0,1
2025-12-05 07:00:00,435,23.0,992.5466666666666,3013.0,491.0,564.0,9.0,19.0,4.0,14.0,7.0,2.0,8.8,14.8,2.0,0,4,0,1,1,0,0,0,1
2025-12-05 08:00:00,436,31.0,2048.74,2837.0,1056.0,767.0,10.0,21.0,10.0,16.0,13.0,2.0,9.0,16.7,2.0,0,4,0,1,1,0,0,0,1
2025-12-05 09:00:00,437,27.0,1401.3483333333334,2098.0,-647.0,971.0,12.0,18.0,9.0,15.0,11.0,1.0,9.8,16.7,2.0,0,4,0,1,1,0,0,0,1
2025-12-05 10:00:00,438,20.0,1122.8083333333332,1554.0,-279.0,1105.0,11.0,15.0,5.0,13.0,6.0,1.0,11.2,14.8,2.0,0,4,0,1,1,0,0,0,1
2025-12-05 11:00:00,439,17.0,1075.33,1677.0,-47.0,1190.0,7.0,12.0,5.0,10.0,7.0,0.0,12.5,13.0,2.0,0,4,0,1,1,0,0,0,1
2025-12-05 12:00:00,440,22.0,1145.0333333333333,2262.0,70.0,1298.0,8.0,18.0,4.0,15.0,7.0,0.0,13.7,13.0,2.0,0,4,0,1,0,1,0,0,1
2025-12-05 13:00:00,441,20.0,1244.4916666666666,1344.0,99.0,1340.0,8.0,16.0,4.0,13.0,4.0,3.0,14.8,11.1,2.0,0,4,0,1,0,1,0,0,1
2025-12-05 14:00:00,442,16.0,751.61,1582.0,-493.0,1123.0,8.0,10.0,6.0,9.0,2.0,5.0,15.0,11.1,2.0,0,4,0,1,0,1,0,0,1
2025-12-05 15:00:00,443,14.0,778.0849999999999,947.0,26.0,1020.0,7.0,9.0,5.0,9.0,2.0,3.0,14.9,11.1,2.0,0,4,0,1,0,1,0,0,1
2025-12-05 16:00:00,444,13.0,666.3233333333333,1373.0,-112.0,943.0,6.0,9.0,4.0,8.0,4.0,1.0,14.2,9.3,2.0,0,4,0,1,0,1,0,0,1
2025-12-05 17:00:00,445,23.0,1037.76,2838.0,371.0,937.0,11.0,15.0,8.0,17.0,6.0,0.0,13.2,9.3,2.0,0,4,0,1,0,1,0,0,1
2025-12-05 18:00:00,446,33.0,1956.256666666667,3390.0,918.0,1072.0,15.0,20.0,13.0,24.0,8.0,1.0,12.1,9.3,2.0,0,4,0,1,0,1,0,0,1
2025-12-05 19:00:00,447,36.0,2020.3283333333327,3401.0,64.0,1202.0,18.0,21.0,15.0,19.0,14.0,3.0,11.3,9.3,2.0,0,4,0,1,0,0,1,0,1
2025-12-05 20:00:00,448,23.0,1662.9316666666666,1047.0,-357.0,1354.0,11.0,13.0,10.0,9.0,11.0,3.0,10.6,9.3,2.0,0,4,0,1,0,0,1,0,1
2025-12-05 21:00:00,449,6.0,481.13666666666666,187.0,-1182.0,1304.0,2.0,3.0,3.0,2.0,3.0,1.0,10.2,9.3,2.0,0,4,0,1,0,0,1,0,1
2025-12-05 22:00:00,450,1.0,43.633333333333326,0.0,-438.0,1200.0,1.0,1.0,0.0,0.0,1.0,0.0,10.0,9.3,2.0,0,4,0,1,0,0,1,0,1
2025-12-05 23:00:00,451,0.0,0.0,0.0,0.0,0.0,0.0,0.0,0.0,0.0,0.0,0.0,10.0,9.3,2.0,1,4,0,1,0,0,1,0,0
2025-12-06 00:00:00,452,0.0,0.0,0.0,0.0,0.0,0.0,0.0,0.0,0.0,0.0,0.0,10.0,9.3,2.0,1,5,1,0,0,0,1,0,0
2025-12-06 01:00:00,453,0.0,0.0,0.0,0.0,0.0,0.0,0.0,0.0,0.0,0.0,0.0,10.0,9.3,2.0,1,5,1,0,0,0,1,0,0
2025-12-06 02:00:00,454,0.0,0.0,0.0,0.0,0.0,0.0,0.0,0.0,0.0,0.0,0.0,10.0,9.3,2.0,1,5,1,0,0,0,1,0,0
2025-12-06 03:00:00,455,0.0,0.0,0.0,0.0,0.0,0.0,0.0,0.0,0.0,0.0,0.0,10.0,9.3,2.0,1,5,1,0,0,0,1,0,0
2025-12-06 04:00:00,456,7.0,281.30999999999995,1256.0,238.0,1074.0,6.0,5.0,2.0,5.0,1.0,1.0,9.6,11.1,2.0,0,5,1,0,1,0,0,1,0
2025-12-06 05:00:00,457,8.0,464.97,151.0,184.0,826.0,6.0,6.0,2.0,6.0,1.0,1.0,9.6,11.1,2.0,0,5,1,0,1,0,0,1,0
2025-12-06 06:00:00,458,6.0,225.82333333333327,890.0,-239.0,527.0,4.0,5.0,1.0,4.0,1.0,1.0,11.7,13.0,2.0,0,5,1,0,1,0,0,1,0
2025-12-06 07:00:00,459,19.0,997.3583333333332,2728.0,772.0,416.0,11.0,15.0,4.0,12.0,4.0,3.0,11.7,11.1,2.0,0,5,1,0,1,0,0,1,0
2025-12-06 08:00:00,460,30.0,1749.2383333333332,3061.0,752.0,627.0,13.0,25.0,5.0,17.0,11.0,2.0,12.1,13.0,2.0,0,5,1,0,1,0,0,1,0
2025-12-06 09:00:00,461,21.0,1375.64,873.0,-374.0,849.0,9.0,18.0,3.0,10.0,11.0,0.0,12.8,14.8,2.0,0,5,1,0,1,0,0,1,0
2025-12-06 10:00:00,462,14.0,678.6266666666667,1713.0,-697.0,915.0,8.0,13.0,1.0,7.0,6.0,1.0,14.4,13.0,2.0,0,5,1,0,1,0,0,1,0
2025-12-06 11:00:00,463,18.0,1141.6366666666663,1643.0,463.0,1028.0,9.0,16.0,2.0,9.0,7.0,2.0,15.9,11.1,2.0,0,5,1,0,1,0,0,1,0
2025-12-06 12:00:00,464,19.0,937.9066666666666,1773.0,-204.0,1147.0,11.0,17.0,2.0,10.0,7.0,2.0,17.2,11.1,2.0,0,5,1,0,0,1,0,1,0
2025-12-06 13:00:00,465,11.0,723.91,189.0,-214.0,1101.0,8.0,10.0,1.0,6.0,4.0,1.0,17.9,11.1,2.0,0,5,1,0,0,1,0,1,0
2025-12-06 14:00:00,466,7.0,310.82666666666665,1121.0,-413.0,861.0,6.0,5.0,2.0,4.0,3.0,0.0,18.2,11.1,2.0,0,5,1,0,0,1,0,1,0
2025-12-06 15:00:00,467,15.0,761.7766666666666,1629.0,451.0,759.0,12.0,12.0,3.0,8.0,6.0,1.0,18.0,11.1,2.0,0,5,1,0,0,1,0,1,0
2025-12-06 16:00:00,468,16.0,1019.6833333333332,1304.0,258.0,816.0,10.0,13.0,3.0,9.0,6.0,1.0,17.4,9.3,2.0,0,5,1,0,0,1,0,1,0
2025-12-06 17:00:00,469,17.0,896.9566666666666,1815.0,-123.0,775.0,7.0,13.0,4.0,13.0,4.0,0.0,16.3,7.4,2.0,0,5,1,0,0,1,0,1,0
2025-12-06 18:00:00,470,21.0,1053.6866666666667,2105.0,157.0,794.0,11.0,15.0,6.0,15.0,4.0,2.0,13.1,7.4,2.0,0,5,1,0,0,1,0,1,0
2025-12-06 19:00:00,471,17.0,1066.0,1181.0,12.0,851.0,10.0,11.0,6.0,12.0,3.0,2.0,13.0,7.4,2.0,0,5,1,0,0,0,1,1,0
2025-12-06 20:00:00,472,9.0,757.6833333333333,557.0,-308.0,926.0,4.0,6.0,3.0,6.0,3.0,0.0,12.8,9.3,2.0,0,5,1,0,0,0,1,1,0
2025-12-06 21:00:00,473,3.0,149.26666666666665,0.0,-608.0,824.0,1.0,3.0,0.0,1.0,2.0,0.0,12.5,11.1,2.0,0,5,1,0,0,0,1,1,0
2025-12-06 22:00:00,474,0.0,0.0,0.0,0.0,0.0,0.0,0.0,0.0,0.0,0.0,0.0,12.5,11.1,2.0,1,5,1,0,0,0,1,0,0
2025-12-06 23:00:00,475,0.0,0.0,0.0,0.0,0.0,0.0,0.0,0.0,0.0,0.0,0.0,12.5,11.1,2.0,1,5,1,0,0,0,1,0,0
2025-12-07 00:00:00,476,0.0,0.0,0.0,0.0,0.0,0.0,0.0,0.0,0.0,0.0,0.0,12.5,11.1,2.0,1,6,1,0,0,0,1,0,0
2025-12-07 01:00:00,477,0.0,0.0,0.0,0.0,0.0,0.0,0.0,0.0,0.0,0.0,0.0,12.5,11.1,2.0,1,6,1,0,0,0,1,0,0
2025-12-07 02:00:00,478,0.0,0.0,0.0,0.0,0.0,0.0,0.0,0.0,0.0,0.0,0.0,12.5,11.1,2.0,1,6,1,0,0,0,1,0,0
2025-12-07 03:00:00,479,0.0,0.0,0.0,0.0,0.0,0.0,0.0,0.0,0.0,0.0,0.0,12.5,11.1,2.0,1,6,1,0,0,0,1,0,0
2025-12-07 04:00:00,480,8.0,335.97,1404.0,187.0,710.0,7.0,7.0,1.0,7.0,1.0,0.0,10.0,14.8,2.0,0,6,1,0,1,0,0,0,1
2025-12-07 05:00:00,481,14.0,703.6766666666666,917.0,368.0,678.0,10.0,13.0,1.0,9.0,4.0,1.0,10.0,14.8,2.0,0,6,1,0,1,0,0,0,1
2025-12-07 06:00:00,482,11.0,521.4833333333333,810.0,-182.0,589.0,4.0,10.0,1.0,6.0,3.0,2.0,12.4,14.8,2.0,0,6,1,0,1,0,0,0,1
2025-12-07 07:00:00,483,22.0,837.4516666666666,3134.0,316.0,551.0,11.0,19.0,3.0,17.0,2.0,3.0,12.4,14.8,2.0,0,6,1,0,1,0,0,0,1
2025-12-07 08:00:00,484,30.0,2020.1783333333333,2436.0,1183.0,761.0,18.0,25.0,5.0,20.0,8.0,2.0,12.6,14.8,2.0,0,6,1,0,1,0,0,0,1
2025-12-07 09:00:00,485,21.0,1146.8216666666667,1324.0,-873.0,928.0,10.0,16.0,5.0,12.0,8.0,1.0,13.4,14.8,2.0,0,6,1,0,1,0,0,0,1
2025-12-07 10:00:00,486,17.0,815.7116666666666,1617.0,-331.0,1008.0,9.0,15.0,2.0,9.0,5.0,3.0,14.6,13.0,2.0,0,6,1,0,1,0,0,0,1
2025-12-07 11:00:00,487,18.0,1019.33,1636.0,204.0,1060.0,11.0,15.0,3.0,9.0,6.0,3.0,16.3,13.0,2.0,0,6,1,0,1,0,0,0,1
2025-12-07 12:00:00,488,21.0,1100.0816666666667,2016.0,81.0,1157.0,8.0,18.0,3.0,13.0,6.0,2.0,17.6,13.0,2.0,0,6,1,0,0,1,0,0,1
2025-12-07 13:00:00,489,20.0,1067.935,1457.0,-32.0,1195.0,8.0,20.0,0.0,15.0,4.0,1.0,18.6,14.8,2.0,0,6,1,0,0,1,0,0,1
2025-12-07 14:00:00,490,13.0,687.47,871.0,-380.0,973.0,8.0,13.0,0.0,10.0,3.0,0.0,18.7,16.7,2.0,0,6,1,0,0,1,0,0,1
2025-12-07 15:00:00,491,12.0,723.12,1243.0,36.0,902.0,9.0,11.0,1.0,7.0,4.0,1.0,18.4,14.8,2.0,0,6,1,0,0,1,0,0,1
2025-12-07 16:00:00,492,20.0,798.5799999999999,2237.0,75.0,899.0,10.0,17.0,3.0,12.0,5.0,3.0,17.8,13.0,2.0,0,6,1,0,0,1,0,0,1
2025-12-07 17:00:00,493,26.0,1432.0533333333333,2467.0,633.0,968.0,10.0,21.0,5.0,15.0,9.0,2.0,16.5,9.3,2.0,0,6,1,0,0,1,0,0,1
2025-12-07 18:00:00,494,31.0,1555.4299999999998,3401.0,123.0,1044.0,10.0,23.0,8.0,20.0,10.0,1.0,15.5,9.3,2.0,0,6,1,0,0,1,0,0,1
2025-12-07 19:00:00,495,32.0,2093.353333333333,2645.0,538.0,1215.0,9.0,26.0,6.0,21.0,9.0,2.0,14.5,9.3,1.0,0,6,1,0,0,0,1,0,1
2025-12-07 20:00:00,496,17.0,1149.4533333333334,636.0,-944.0,1292.0,5.0,16.0,1.0,10.0,6.0,1.0,13.5,11.1,1.0,0,6,1,0,0,0,1,0,1
2025-12-07 21:00:00,497,4.0,423.82,181.0,-726.0,1242.0,2.0,4.0,0.0,2.0,2.0,0.0,13.1,11.1,1.0,0,6,1,0,0,0,1,0,1
2025-12-07 22:00:00,498,1.0,50.67999999999999,0.0,-373.0,1117.0,1.0,1.0,0.0,0.0,1.0,0.0,12.6,13.0,1.0,0,6,1,0,0,0,1,0,1
