datetime,index,active_flt_2h,tot_pax,real_pax_seguridad,pax_momentum_sec,Group_Ryanair,Ontime_flt,Delayed_flt,EU_flt,INT_flt,NAC_flt,temperatura,v_viento,estado_clima,pax_roll_sec_6h,no_vuelos,weekday_num,is_weekend,is_weekday,h,is_morning,is_evening,is_night,festivo,Visp_fest
2025-11-17 04:00:00,0,9.0,1590.0,749.6083333333333,0.0,7.0,6.0,3.0,7.0,2.0,0.0,10.5,9.7,1.0,0.0,0,0,0,1,4,1,0,0,0,0
2025-11-17 05:00:00,1,14.0,706.0,962.4288617886178,213.0,10.0,11.0,3.0,9.0,2.0,3.0,10.0,10.4,1.0,0.0,0,0,0,1,5,1,0,0,0,0
2025-11-17 06:00:00,2,9.0,709.0,979.0428861788616,17.0,5.0,9.0,0.0,6.0,0.0,3.0,9.6,10.4,1.0,0.0,0,0,0,1,6,1,0,0,0,0
2025-11-17 07:00:00,3,21.0,3038.0,1966.9666666666667,988.0,7.0,17.0,4.0,15.0,4.0,2.0,9.0,10.4,1.0,0.0,0,0,0,1,7,1,0,0,0,0
2025-11-17 08:00:00,4,32.0,2819.0,2873.841260162601,907.0,12.0,21.0,11.0,20.0,10.0,2.0,9.9,10.1,1.0,0.0,0,0,0,1,8,1,0,0,0,0
2025-11-17 09:00:00,5,24.0,1589.0,2050.306097560976,-824.0,11.0,16.0,8.0,14.0,10.0,0.0,12.5,7.6,1.0,1597.0,0,0,0,1,9,1,0,0,0,0
2025-11-17 10:00:00,6,18.0,1602.0,1528.8146341463414,-521.0,8.0,14.0,4.0,10.0,7.0,1.0,15.1,6.1,1.0,1727.0,0,0,0,1,10,1,0,0,0,0
2025-11-17 11:00:00,7,23.0,2378.0,1965.4666666666667,437.0,9.0,14.0,9.0,13.0,9.0,1.0,16.6,6.8,3.0,1894.0,0,0,0,1,11,1,0,0,0,0
2025-11-17 12:00:00,8,23.0,1586.0,1823.4138211382112,-142.0,6.0,12.0,11.0,15.0,7.0,1.0,17.2,7.6,3.0,2035.0,0,0,0,1,12,0,1,0,0,0
2025-11-17 13:00:00,9,14.0,984.0,1469.82337398374,-354.0,3.0,8.0,6.0,9.0,4.0,1.0,17.4,7.2,1.0,1952.0,0,0,0,1,13,0,1,0,0,0
2025-11-17 14:00:00,10,13.0,1448.0,1320.426016260163,-149.0,8.0,10.0,3.0,7.0,5.0,1.0,17.0,7.9,1.0,1693.0,0,0,0,1,14,0,1,0,0,0
2025-11-17 15:00:00,11,20.0,2137.0,1734.311788617886,414.0,11.0,16.0,4.0,13.0,5.0,2.0,15.9,8.3,3.0,1640.0,0,0,0,1,15,0,1,0,0,0
2025-11-17 16:00:00,12,17.0,841.0,1577.6865853658535,-157.0,8.0,13.0,4.0,12.0,3.0,2.0,14.5,7.2,3.0,1649.0,0,0,0,1,16,0,1,0,0,0
2025-11-17 17:00:00,13,17.0,2245.0,1580.6345528455286,3.0,9.0,14.0,3.0,10.0,5.0,2.0,12.8,6.5,3.0,1584.0,0,0,0,1,17,0,1,0,0,0
2025-11-17 18:00:00,14,31.0,3463.0,2703.884552845529,1123.0,15.0,26.0,5.0,20.0,9.0,2.0,12.3,4.7,3.0,1731.0,0,0,0,1,18,0,1,0,0,0
2025-11-17 19:00:00,15,34.0,2812.0,2881.010365853658,177.0,17.0,24.0,10.0,22.0,10.0,2.0,11.2,6.5,2.0,1966.0,0,0,0,1,19,0,0,1,0,0
2025-11-17 20:00:00,16,17.0,398.0,1687.7014227642276,-1193.0,9.0,11.0,6.0,9.0,7.0,1.0,10.3,6.1,1.0,2028.0,0,0,0,1,20,0,0,1,0,0
2025-11-17 21:00:00,17,2.0,0.0,351.84634146341466,-1336.0,1.0,2.0,0.0,1.0,1.0,0.0,9.9,7.2,1.0,1797.0,0,0,0,1,21,0,0,1,0,0
2025-11-17 22:00:00,18,0.0,0.0,0.0,0.0,0.0,0.0,0.0,0.0,0.0,0.0,9.9,7.2,1.0,0.0,1,0,0,1,22,0,0,1,0,0
2025-11-17 23:00:00,19,0.0,0.0,0.0,0.0,0.0,0.0,0.0,0.0,0.0,0.0,9.9,7.2,1.0,0.0,1,0,0,1,23,0,0,1,0,0
2025-11-18 00:00:00,20,0.0,0.0,0.0,0.0,0.0,0.0,0.0,0.0,0.0,0.0,9.9,7.2,1.0,0.0,1,1,0,1,0,0,0,1,0,0
2025-11-18 01:00:00,21,0.0,0.0,0.0,0.0,0.0,0.0,0.0,0.0,0.0,0.0,9.9,7.2,1.0,0.0,1,1,0,1,1,0,0,1,0,0
2025-11-18 02:00:00,22,0.0,0.0,0.0,0.0,0.0,0.0,0.0,0.0,0.0,0.0,9.9,7.2,1.0,0.0,1,1,0,1,2,0,0,1,0,0
2025-11-18 03:00:00,23,0.0,0.0,0.0,0.0,0.0,0.0,0.0,0.0,0.0,0.0,9.9,7.2,1.0,0.0,1,1,0,1,3,0,0,1,0,0
2025-11-18 04:00:00,24,4.0,698.0,380.2166666666666,28.0,3.0,4.0,0.0,3.0,1.0,0.0,8.0,0.0,1.0,1598.0,0,1,0,1,4,1,0,0,0,0
2025-11-18 05:00:00,25,8.0,697.0,486.7863821138211,107.0,6.0,8.0,0.0,7.0,1.0,0.0,7.0,1.0,2.0,1415.0,0,1,0,1,5,1,0,0,0,0
2025-11-18 06:00:00,26,6.0,362.0,750.1109756097561,263.0,4.0,6.0,0.0,6.0,0.0,0.0,8.0,0.0,1.0,1090.0,0,1,0,1,6,1,0,0,0,0
2025-11-18 07:00:00,27,14.0,2350.0,1411.9079268292685,662.0,3.0,13.0,1.0,11.0,3.0,0.0,9.0,4.0,1.0,845.0,0,1,0,1,7,1,0,0,0,0
2025-11-18 08:00:00,28,17.0,971.0,1501.3873983739836,89.0,5.0,16.0,1.0,12.0,5.0,0.0,11.0,3.0,2.0,814.0,0,1,0,1,8,1,0,0,0,0
2025-11-18 09:00:00,29,8.0,492.0,706.0063008130081,-795.0,4.0,8.0,0.0,5.0,3.0,0.0,11.0,9.0,2.0,873.0,0,1,0,1,9,1,0,0,0,0
2025-11-18 10:00:00,30,9.0,1130.0,785.6461382113821,80.0,4.0,8.0,1.0,6.0,3.0,0.0,12.0,9.0,1.0,940.0,0,1,0,1,10,1,0,0,0,0
2025-11-18 11:00:00,31,9.0,531.0,923.1022357723576,137.0,3.0,7.0,2.0,6.0,3.0,0.0,13.0,5.0,1.0,1013.0,0,1,0,1,11,1,0,0,0,0
2025-11-18 12:00:00,32,7.0,743.0,691.7693089430894,-231.0,2.0,3.0,4.0,3.0,4.0,0.0,14.0,8.0,1.0,1003.0,0,1,0,1,12,0,1,0,0,0
2025-11-18 13:00:00,33,4.0,0.0,287.17926829268293,-405.0,2.0,1.0,3.0,1.0,3.0,0.0,14.0,11.0,1.0,816.0,0,1,0,1,13,0,1,0,0,0
2025-11-18 14:00:00,34,2.0,374.0,169.58739837398377,-118.0,2.0,2.0,0.0,1.0,1.0,0.0,14.0,11.0,1.0,594.0,0,1,0,1,14,0,1,0,0,0
2025-11-18 15:00:00,35,5.0,560.0,490.5678861788618,321.0,4.0,5.0,0.0,3.0,1.0,1.0,14.0,10.0,1.0,558.0,0,1,0,1,15,0,1,0,0,0
2025-11-18 16:00:00,36,9.0,1116.0,818.0292682926829,327.0,6.0,9.0,0.0,8.0,0.0,1.0,13.0,8.0,1.0,563.0,0,1,0,1,16,0,1,0,0,0
2025-11-18 17:00:00,37,12.0,1142.0,1102.085569105691,284.0,5.0,12.0,0.0,10.0,2.0,0.0,12.0,8.0,1.0,593.0,0,1,0,1,17,0,1,0,0,0
2025-11-18 18:00:00,38,10.0,705.0,999.5567073170732,-103.0,2.0,9.0,1.0,7.0,3.0,0.0,11.2,7.6,1.0,645.0,0,1,0,1,18,0,1,0,0,0
2025-11-18 19:00:00,39,7.0,587.0,624.2896341463414,-375.0,2.0,6.0,1.0,5.0,2.0,0.0,10.6,5.4,17.0,701.0,0,1,0,1,19,0,0,1,0,0
2025-11-18 20:00:00,40,4.0,181.0,381.8394308943089,-242.0,2.0,4.0,0.0,3.0,1.0,0.0,9.7,6.8,3.0,736.0,0,1,0,1,20,0,0,1,0,0
2025-11-18 21:00:00,41,1.0,0.0,54.07317073170732,-328.0,1.0,1.0,0.0,1.0,0.0,0.0,8.7,6.5,3.0,663.0,0,1,0,1,21,0,0,1,0,0
2025-11-18 22:00:00,42,0.0,0.0,0.0,0.0,0.0,0.0,0.0,0.0,0.0,0.0,8.7,6.5,3.0,0.0,1,1,0,1,22,0,0,1,0,0
2025-11-18 23:00:00,43,0.0,0.0,0.0,0.0,0.0,0.0,0.0,0.0,0.0,0.0,8.7,6.5,3.0,0.0,1,1,0,1,23,0,0,1,0,0
2025-11-19 00:00:00,44,0.0,0.0,0.0,0.0,0.0,0.0,0.0,0.0,0.0,0.0,8.7,6.5,3.0,0.0,1,2,0,1,0,0,0,1,0,0
2025-11-19 01:00:00,45,0.0,0.0,0.0,0.0,0.0,0.0,0.0,0.0,0.0,0.0,8.7,6.5,3.0,0.0,1,2,0,1,1,0,0,1,0,0
2025-11-19 02:00:00,46,0.0,0.0,0.0,0.0,0.0,0.0,0.0,0.0,0.0,0.0,8.7,6.5,3.0,0.0,1,2,0,1,2,0,0,1,0,0
2025-11-19 03:00:00,47,0.0,0.0,0.0,0.0,0.0,0.0,0.0,0.0,0.0,0.0,8.7,6.5,3.0,0.0,1,2,0,1,3,0,0,1,0,0
2025-11-19 04:00:00,48,8.0,1321.0,620.8666666666667,567.0,7.0,8.0,0.0,3.0,3.0,2.0,4.0,2.0,2.0,630.0,0,2,0,1,4,1,0,0,0,0
2025-11-19 05:00:00,49,9.0,151.0,579.594512195122,-41.0,7.0,9.0,0.0,4.0,3.0,2.0,3.0,1.0,1.0,543.0,0,2,0,1,5,1,0,0,0,0
2025-11-19 06:00:00,50,2.0,175.0,290.33556910569104,-289.0,0.0,2.0,0.0,2.0,0.0,0.0,5.0,3.0,1.0,425.0,0,2,0,1,6,1,0,0,0,0
2025-11-19 07:00:00,51,11.0,1887.0,881.5146341463415,591.0,4.0,8.0,3.0,10.0,1.0,0.0,5.0,7.0,1.0,468.0,0,2,0,1,7,1,0,0,0,0
2025-11-19 08:00:00,52,19.0,1634.0,1831.2447154471545,950.0,7.0,13.0,6.0,14.0,5.0,0.0,7.0,6.0,1.0,710.0,0,2,0,1,8,1,0,0,0,0
2025-11-19 09:00:00,53,12.0,545.0,1096.551219512195,-735.0,5.0,9.0,3.0,7.0,5.0,0.0,9.0,11.0,2.0,883.0,0,2,0,1,9,1,0,0,0,0
2025-11-19 10:00:00,54,5.0,412.0,559.5325203252032,-537.0,3.0,4.0,1.0,3.0,2.0,0.0,9.0,8.0,3.0,873.0,0,2,0,1,10,1,0,0,0,0
2025-11-19 11:00:00,55,9.0,1157.0,808.8843495934959,249.0,3.0,4.0,5.0,5.0,4.0,0.0,10.0,11.0,3.0,911.0,0,2,0,1,11,1,0,0,0,0
2025-11-19 12:00:00,56,9.0,354.0,617.1026422764228,-192.0,2.0,5.0,4.0,5.0,4.0,0.0,11.0,11.0,3.0,966.0,0,2,0,1,12,0,1,0,0,0
2025-11-19 13:00:00,57,7.0,906.0,671.2945121951219,54.0,2.0,4.0,3.0,5.0,2.0,0.0,12.0,11.0,2.0,931.0,0,2,0,1,13,0,1,0,0,0
2025-11-19 14:00:00,58,9.0,738.0,714.3705284552846,43.0,5.0,6.0,3.0,8.0,1.0,0.0,11.0,15.0,1.0,745.0,0,2,0,1,14,0,1,0,0,0
2025-11-19 15:00:00,59,7.0,813.0,790.4861788617886,76.0,4.0,7.0,0.0,5.0,1.0,1.0,11.0,9.0,1.0,694.0,0,2,0,1,15,0,1,0,0,0
2025-11-19 16:00:00,60,6.0,499.0,905.5947154471544,115.0,2.0,6.0,0.0,4.0,1.0,1.0,9.9,13.7,3.0,751.0,0,2,0,1,16,0,1,0,0,0
2025-11-19 17:00:00,61,15.0,2243.0,1405.125406504065,500.0,7.0,11.0,4.0,10.0,3.0,2.0,8.2,12.6,2.0,851.0,0,2,0,1,17,0,1,0,0,0
2025-11-19 18:00:00,62,21.0,1696.0,1692.4619918699186,287.0,8.0,13.0,8.0,12.0,7.0,2.0,7.4,10.1,2.0,1030.0,0,2,0,1,18,0,1,0,0,0
2025-11-19 19:00:00,63,12.0,571.0,1157.0689024390244,-535.0,2.0,6.0,6.0,8.0,4.0,0.0,6.8,10.8,3.0,1111.0,0,2,0,1,19,0,0,1,0,0
2025-11-19 20:00:00,64,4.0,180.0,450.7595528455285,-706.0,1.0,2.0,2.0,3.0,1.0,0.0,6.1,9.4,3.0,1067.0,0,2,0,1,20,0,0,1,0,0
2025-11-19 21:00:00,65,1.0,0.0,49.87804878048781,-401.0,1.0,1.0,0.0,0.0,1.0,0.0,5.1,7.6,2.0,943.0,0,2,0,1,21,0,0,1,0,0
2025-11-19 22:00:00,66,0.0,0.0,0.0,0.0,0.0,0.0,0.0,0.0,0.0,0.0,5.1,7.6,2.0,0.0,1,2,0,1,22,0,0,1,0,0
2025-11-19 23:00:00,67,0.0,0.0,0.0,0.0,0.0,0.0,0.0,0.0,0.0,0.0,5.1,7.6,2.0,0.0,1,2,0,1,23,0,0,1,0,0
2025-11-20 00:00:00,68,0.0,0.0,0.0,0.0,0.0,0.0,0.0,0.0,0.0,0.0,5.1,7.6,2.0,0.0,1,3,0,1,0,0,0,1,0,0
2025-11-20 01:00:00,69,0.0,0.0,0.0,0.0,0.0,0.0,0.0,0.0,0.0,0.0,5.1,7.6,2.0,0.0,1,3,0,1,1,0,0,1,0,0
2025-11-20 02:00:00,70,0.0,0.0,0.0,0.0,0.0,0.0,0.0,0.0,0.0,0.0,5.1,7.6,2.0,0.0,1,3,0,1,2,0,0,1,0,0
2025-11-20 03:00:00,71,0.0,0.0,0.0,0.0,0.0,0.0,0.0,0.0,0.0,0.0,5.1,7.6,2.0,0.0,1,3,0,1,3,0,0,1,0,0
2025-11-20 04:00:00,72,7.0,1143.0,581.4,532.0,5.0,7.0,0.0,4.0,2.0,1.0,6.0,24.0,1.0,889.0,0,3,0,1,4,1,0,0,0,0
2025-11-20 05:00:00,73,13.0,985.0,800.3861788617886,219.0,8.0,12.0,1.0,9.0,2.0,2.0,5.0,22.0,2.0,789.0,0,3,0,1,5,1,0,0,0,0
2025-11-20 06:00:00,74,10.0,727.0,1088.8298780487803,288.0,7.0,8.0,2.0,9.0,0.0,1.0,6.0,22.0,2.0,688.0,0,3,0,1,6,1,0,0,0,0
2025-11-20 07:00:00,75,14.0,2000.0,1543.2201219512194,454.0,7.0,5.0,9.0,12.0,2.0,0.0,5.9,21.0,2.0,752.0,0,3,0,1,7,1,0,0,0,0
2025-11-20 08:00:00,76,20.0,1953.0,2085.559349593496,542.0,7.0,7.0,13.0,14.0,5.0,1.0,6.0,22.0,2.0,1025.0,0,3,0,1,8,1,0,0,0,0
2025-11-20 09:00:00,77,18.0,1434.0,1659.1691056910568,-426.0,9.0,10.0,8.0,8.0,8.0,2.0,7.0,24.0,2.0,1293.0,0,3,0,1,9,1,0,0,0,0
2025-11-20 10:00:00,78,14.0,1112.0,986.9939024390244,-672.0,7.0,10.0,4.0,5.0,8.0,1.0,8.0,20.0,2.0,1361.0,0,3,0,1,10,1,0,0,0,0
2025-11-20 11:00:00,79,17.0,1876.0,1464.7144308943089,478.0,7.0,11.0,6.0,12.0,5.0,0.0,9.0,22.0,3.0,1471.0,0,3,0,1,11,1,0,0,0,0
2025-11-20 12:00:00,80,20.0,1612.0,1712.5231707317073,248.0,6.0,13.0,7.0,14.0,6.0,0.0,11.0,24.0,3.0,1575.0,0,3,0,1,12,0,1,0,0,0
2025-11-20 13:00:00,81,12.0,599.0,1086.4709349593495,-626.0,3.0,10.0,2.0,7.0,5.0,0.0,12.3,21.0,3.0,1499.0,0,3,0,1,13,0,1,0,0,0
2025-11-20 14:00:00,82,10.0,1240.0,961.6026422764228,-125.0,6.0,10.0,0.0,6.0,2.0,2.0,13.0,7.0,3.0,1312.0,0,3,0,1,14,0,1,0,0,0
2025-11-20 15:00:00,83,13.0,1053.0,1078.178455284553,117.0,7.0,13.0,0.0,10.0,1.0,2.0,13.0,9.0,2.0,1215.0,0,3,0,1,15,0,1,0,0,0
2025-11-20 16:00:00,84,15.0,1621.0,1423.7325203252033,346.0,8.0,15.0,0.0,13.0,2.0,0.0,13.0,7.0,2.0,1288.0,0,3,0,1,16,0,1,0,0,0
2025-11-20 17:00:00,85,22.0,2342.0,1767.8583333333331,344.0,10.0,22.0,0.0,15.0,6.0,1.0,13.0,4.0,1.0,1338.0,0,3,0,1,17,0,1,0,0,0
2025-11-20 18:00:00,86,23.0,1875.0,2120.095325203252,352.0,7.0,23.0,0.0,15.0,7.0,1.0,13.0,4.0,2.0,1406.0,0,3,0,1,18,0,1,0,0,0
2025-11-20 19:00:00,87,19.0,1699.0,1981.7979674796748,-138.0,6.0,19.0,0.0,15.0,4.0,0.0,10.3,11.0,2.0,1556.0,0,3,0,1,19,0,0,1,0,0
2025-11-20 20:00:00,88,11.0,445.0,1021.2650406504064,-961.0,4.0,11.0,0.0,8.0,3.0,0.0,9.0,9.0,2.0,1565.0,0,3,0,1,20,0,0,1,0,0
2025-11-20 21:00:00,89,2.0,0.0,198.81585365853655,-822.0,0.0,2.0,0.0,0.0,2.0,0.0,8.0,7.0,2.0,1419.0,0,3,0,1,21,0,0,1,0,0
2025-11-20 22:00:00,90,0.0,0.0,0.0,0.0,0.0,0.0,0.0,0.0,0.0,0.0,8.0,7.0,2.0,0.0,1,3,0,1,22,0,0,1,0,0
2025-11-20 23:00:00,91,0.0,0.0,0.0,0.0,0.0,0.0,0.0,0.0,0.0,0.0,8.0,7.0,2.0,0.0,1,3,0,1,23,0,0,1,0,0
2025-11-21 00:00:00,92,0.0,0.0,0.0,0.0,0.0,0.0,0.0,0.0,0.0,0.0,8.0,7.0,2.0,0.0,1,4,0,1,0,0,0,1,0,0
2025-11-21 01:00:00,93,0.0,0.0,0.0,0.0,0.0,0.0,0.0,0.0,0.0,0.0,8.0,7.0,2.0,0.0,1,4,0,1,1,0,0,1,0,0
2025-11-21 02:00:00,94,0.0,0.0,0.0,0.0,0.0,0.0,0.0,0.0,0.0,0.0,8.0,7.0,2.0,0.0,1,4,0,1,2,0,0,1,0,0
2025-11-21 03:00:00,95,0.0,0.0,0.0,0.0,0.0,0.0,0.0,0.0,0.0,0.0,8.0,7.0,2.0,0.0,1,4,0,1,3,0,0,1,0,0
2025-11-21 04:00:00,96,7.0,1245.0,606.0,407.0,6.0,7.0,0.0,6.0,1.0,0.0,5.3,16.7,2.0,1283.0,0,4,0,1,4,1,0,0,0,0
2025-11-21 05:00:00,97,10.0,421.0,836.2810975609756,230.0,7.0,10.0,0.0,8.0,1.0,1.0,5.1,16.7,2.0,1127.0,0,4,0,1,5,1,0,0,0,0
2025-11-21 06:00:00,98,9.0,1046.0,980.1961382113822,144.0,5.0,8.0,1.0,6.0,2.0,1.0,4.8,16.7,2.0,937.0,0,4,0,1,6,1,0,0,0,0
2025-11-21 07:00:00,99,22.0,2953.0,1944.1522357723577,964.0,9.0,15.0,7.0,13.0,7.0,2.0,5.0,18.5,2.0,931.0,0,4,0,1,7,1,0,0,0,0
2025-11-21 08:00:00,100,30.0,2638.0,2788.444918699187,844.0,10.0,16.0,14.0,16.0,12.0,2.0,5.8,18.5,2.0,1226.0,0,4,0,1,8,1,0,0,0,0
2025-11-21 09:00:00,101,26.0,2058.0,2034.2150406504063,-754.0,12.0,12.0,14.0,15.0,10.0,1.0,7.2,20.4,2.0,1532.0,0,4,0,1,9,1,0,0,0,0
2025-11-21 10:00:00,102,21.0,1678.0,1769.5569105691056,-265.0,11.0,8.0,13.0,13.0,7.0,1.0,8.9,20.4,2.0,1725.0,0,4,0,1,10,1,0,0,0,0
2025-11-21 11:00:00,103,16.0,1257.0,1539.268699186992,-230.0,6.0,6.0,10.0,8.0,8.0,0.0,10.3,22.2,2.0,1843.0,0,4,0,1,11,1,0,0,0,0
2025-11-21 12:00:00,104,19.0,2117.0,1543.3091463414637,4.0,6.0,14.0,5.0,14.0,5.0,0.0,11.5,22.2,2.0,1936.0,0,4,0,1,12,0,1,0,0,0
2025-11-21 13:00:00,105,18.0,1132.0,1819.189024390244,276.0,7.0,14.0,4.0,13.0,2.0,3.0,12.3,22.2,2.0,1916.0,0,4,0,1,13,0,1,0,0,0
2025-11-21 14:00:00,106,15.0,1547.0,1342.335569105691,-477.0,8.0,10.0,5.0,8.0,2.0,5.0,12.7,22.2,2.0,1675.0,0,4,0,1,14,0,1,0,0,0
2025-11-21 15:00:00,107,14.0,928.0,1293.5882113821135,-49.0,7.0,11.0,3.0,9.0,2.0,3.0,12.5,22.2,2.0,1551.0,0,4,0,1,15,0,1,0,0,0
2025-11-21 16:00:00,108,14.0,1531.0,1372.9010162601626,79.0,6.0,10.0,4.0,9.0,4.0,1.0,11.5,20.4,2.0,1485.0,0,4,0,1,16,0,1,0,0,0
2025-11-21 17:00:00,109,23.0,2615.0,1998.5896341463413,626.0,10.0,10.0,13.0,17.0,6.0,0.0,10.5,20.4,2.0,1562.0,0,4,0,1,17,0,1,0,0,0
2025-11-21 18:00:00,110,33.0,3598.0,3139.1477642276423,1141.0,15.0,11.0,22.0,23.0,9.0,1.0,7.9,18.5,1.0,1828.0,0,4,0,1,18,0,1,0,0,0
2025-11-21 19:00:00,111,35.0,2956.0,3079.397357723577,-60.0,18.0,16.0,19.0,18.0,14.0,3.0,7.7,18.5,1.0,2038.0,0,4,0,1,19,0,0,1,0,0
2025-11-21 20:00:00,112,19.0,636.0,1674.8493902439025,-1405.0,10.0,13.0,6.0,7.0,9.0,3.0,7.5,18.5,1.0,2093.0,0,4,0,1,20,0,0,1,0,0
2025-11-21 21:00:00,113,4.0,185.0,575.7077235772358,-1099.0,2.0,4.0,0.0,1.0,2.0,1.0,7.2,16.7,1.0,1973.0,0,4,0,1,21,0,0,1,0,0
2025-11-21 22:00:00,114,1.0,0.0,95.59512195121953,-480.0,1.0,1.0,0.0,0.0,1.0,0.0,6.7,16.7,1.0,1761.0,0,4,0,1,22,0,0,1,0,0
2025-11-21 23:00:00,115,0.0,0.0,0.0,0.0,0.0,0.0,0.0,0.0,0.0,0.0,6.7,16.7,1.0,0.0,1,4,0,1,23,0,0,1,0,0
2025-11-22 00:00:00,116,0.0,0.0,0.0,0.0,0.0,0.0,0.0,0.0,0.0,0.0,6.7,16.7,1.0,0.0,1,5,1,0,0,0,0,1,0,0
2025-11-22 01:00:00,117,0.0,0.0,0.0,0.0,0.0,0.0,0.0,0.0,0.0,0.0,6.7,16.7,1.0,0.0,1,5,1,0,1,0,0,1,0,0
2025-11-22 02:00:00,118,0.0,0.0,0.0,0.0,0.0,0.0,0.0,0.0,0.0,0.0,6.7,16.7,1.0,0.0,1,5,1,0,2,0,0,1,0,0
2025-11-22 03:00:00,119,0.0,0.0,0.0,0.0,0.0,0.0,0.0,0.0,0.0,0.0,6.7,16.7,1.0,0.0,1,5,1,0,3,0,0,1,0,0
2025-11-22 04:00:00,120,6.0,999.0,567.3,472.0,5.0,4.0,2.0,5.0,0.0,1.0,6.0,19.0,1.0,1522.0,0,5,1,0,4,1,0,0,0,0
2025-11-22 05:00:00,121,7.0,151.0,468.0288617886179,-99.0,5.0,5.0,2.0,6.0,0.0,1.0,7.0,12.0,1.0,1077.0,0,5,1,0,5,1,0,0,0,0
2025-11-22 06:00:00,122,6.0,834.0,669.7436991869919,202.0,4.0,6.0,0.0,4.0,1.0,1.0,6.3,28.0,1.0,675.0,0,5,1,0,6,1,0,0,0,0
2025-11-22 07:00:00,123,19.0,2657.0,1993.960162601626,1324.0,10.0,17.0,2.0,13.0,4.0,2.0,6.0,15.0,1.0,728.0,0,5,1,0,7,1,0,0,0,0
2025-11-22 08:00:00,124,27.0,2397.0,2389.105894308943,395.0,11.0,23.0,4.0,15.0,11.0,1.0,6.0,14.0,1.0,1031.0,0,5,1,0,8,1,0,0,0,0
2025-11-22 09:00:00,125,18.0,874.0,1408.55,-981.0,8.0,16.0,2.0,7.0,11.0,0.0,9.0,10.0,1.0,1249.0,0,5,1,0,9,1,0,0,0,0
2025-11-22 10:00:00,126,10.0,955.0,1025.4270325203252,-383.0,5.0,9.0,1.0,4.0,6.0,0.0,11.0,16.0,1.0,1326.0,0,5,1,0,10,1,0,0,0,0
2025-11-22 11:00:00,127,15.0,1812.0,1477.668292682927,452.0,6.0,10.0,5.0,6.0,8.0,1.0,13.0,14.0,1.0,1494.0,0,5,1,0,11,1,0,0,0,0
2025-11-22 12:00:00,128,19.0,1662.0,1454.446951219512,-23.0,11.0,12.0,7.0,10.0,7.0,2.0,13.0,13.0,1.0,1625.0,0,5,1,0,12,0,1,0,0,0
2025-11-22 13:00:00,129,11.0,412.0,977.364430894309,-477.0,8.0,8.0,3.0,7.0,3.0,1.0,14.1,14.8,1.0,1455.0,0,5,1,0,13,0,1,0,0,0
2025-11-22 14:00:00,130,7.0,931.0,841.7178861788618,-136.0,6.0,6.0,1.0,4.0,3.0,0.0,14.4,14.8,2.0,1198.0,0,5,1,0,14,0,1,0,0,0
2025-11-22 15:00:00,131,11.0,1115.0,905.8764227642276,64.0,11.0,9.0,2.0,6.0,5.0,0.0,14.0,13.0,2.0,1114.0,0,5,1,0,15,0,1,0,0,0
2025-11-22 16:00:00,132,13.0,1340.0,1288.5205284552846,383.0,9.0,12.0,1.0,9.0,4.0,0.0,12.7,13.0,2.0,1158.0,0,5,1,0,16,0,1,0,0,0
2025-11-22 17:00:00,133,14.0,1358.0,1376.6217479674797,88.0,7.0,13.0,1.0,11.0,3.0,0.0,11.2,11.1,2.0,1141.0,0,5,1,0,17,0,1,0,0,0
2025-11-22 18:00:00,134,18.0,2137.0,1492.084349593496,115.0,11.0,14.0,4.0,12.0,4.0,2.0,9.2,11.1,2.0,1147.0,0,5,1,0,18,0,1,0,0,0
2025-11-22 19:00:00,135,18.0,1321.0,1778.1615853658536,286.0,11.0,15.0,3.0,12.0,3.0,3.0,8.6,11.1,2.0,1280.0,0,5,1,0,19,0,0,1,0,0
2025-11-22 20:00:00,136,10.0,572.0,1126.5548780487804,-652.0,5.0,9.0,1.0,6.0,3.0,1.0,7.7,11.1,2.0,1328.0,0,5,1,0,20,0,0,1,0,0
2025-11-22 21:00:00,137,3.0,0.0,209.2256097560976,-917.0,1.0,2.0,1.0,1.0,2.0,0.0,7.4,13.0,1.0,1212.0,0,5,1,0,21,0,0,1,0,0
2025-11-22 22:00:00,138,0.0,0.0,0.0,0.0,0.0,0.0,0.0,0.0,0.0,0.0,7.4,13.0,1.0,0.0,1,5,1,0,22,0,0,1,0,0
2025-11-22 23:00:00,139,0.0,0.0,0.0,0.0,0.0,0.0,0.0,0.0,0.0,0.0,7.4,13.0,1.0,0.0,1,5,1,0,23,0,0,1,0,0
2025-11-23 00:00:00,140,0.0,0.0,0.0,0.0,0.0,0.0,0.0,0.0,0.0,0.0,7.4,13.0,1.0,0.0,1,6,1,0,0,0,0,1,0,0
2025-11-23 01:00:00,141,0.0,0.0,0.0,0.0,0.0,0.0,0.0,0.0,0.0,0.0,7.4,13.0,1.0,0.0,1,6,1,0,1,0,0,1,0,0
2025-11-23 02:00:00,142,0.0,0.0,0.0,0.0,0.0,0.0,0.0,0.0,0.0,0.0,7.4,13.0,1.0,0.0,1,6,1,0,2,0,0,1,0,0
2025-11-23 03:00:00,143,0.0,0.0,0.0,0.0,0.0,0.0,0.0,0.0,0.0,0.0,7.4,13.0,1.0,0.0,1,6,1,0,3,0,0,1,0,0
2025-11-23 04:00:00,144,7.0,1230.0,621.6916666666666,412.0,6.0,6.0,1.0,6.0,1.0,0.0,6.0,10.0,2.0,1101.0,0,6,1,0,4,1,0,0,0,0
2025-11-23 05:00:00,145,11.0,643.0,821.4471544715448,200.0,9.0,10.0,1.0,7.0,3.0,1.0,6.0,10.0,2.0,1008.0,0,6,1,0,5,1,0,0,0,0
2025-11-23 06:00:00,146,10.0,1001.0,1015.700406504065,194.0,4.0,9.0,1.0,6.0,2.0,2.0,6.3,17.0,2.0,929.0,0,6,1,0,6,1,0,0,0,0
2025-11-23 07:00:00,147,22.0,3016.0,1864.8599593495933,849.0,10.0,16.0,6.0,18.0,1.0,3.0,5.0,8.0,2.0,943.0,0,6,1,0,7,1,0,0,0,0
2025-11-23 08:00:00,148,27.0,2044.0,2548.149593495935,683.0,17.0,19.0,8.0,19.0,6.0,2.0,7.0,9.0,2.0,1180.0,0,6,1,0,8,1,0,0,0,0
2025-11-23 09:00:00,149,17.0,1003.0,1463.4004065040651,-1085.0,10.0,13.0,4.0,10.0,6.0,1.0,8.0,8.0,2.0,1389.0,0,6,1,0,9,1,0,0,0,0
2025-11-23 10:00:00,150,14.0,1443.0,1199.8705284552846,-264.0,8.0,10.0,4.0,8.0,3.0,3.0,10.0,7.0,1.0,1486.0,0,6,1,0,10,1,0,0,0,0
2025-11-23 11:00:00,151,16.0,1454.0,1657.9335365853658,458.0,10.0,12.0,4.0,9.0,4.0,3.0,12.7,13.0,2.0,1625.0,0,6,1,0,11,1,0,0,0,0
2025-11-23 12:00:00,152,20.0,2075.0,1750.4780487804878,93.0,8.0,12.0,8.0,13.0,5.0,2.0,14.1,13.0,2.0,1747.0,0,6,1,0,12,0,1,0,0,0
2025-11-23 13:00:00,153,20.0,1492.0,1677.585975609756,-73.0,8.0,10.0,10.0,15.0,4.0,1.0,15.3,13.0,2.0,1716.0,0,6,1,0,13,0,1,0,0,0
2025-11-23 14:00:00,154,13.0,880.0,1243.6400406504065,-434.0,8.0,8.0,5.0,10.0,3.0,0.0,15.8,14.8,2.0,1499.0,0,6,1,0,14,0,1,0,0,0
2025-11-23 15:00:00,155,12.0,1234.0,1114.499593495935,-129.0,9.0,6.0,6.0,7.0,4.0,1.0,15.8,14.8,2.0,1441.0,0,6,1,0,15,0,1,0,0,0
2025-11-23 16:00:00,156,20.0,2270.0,1740.8646341463416,626.0,10.0,11.0,9.0,12.0,5.0,3.0,15.3,13.0,2.0,1531.0,0,6,1,0,16,0,1,0,0,0
2025-11-23 17:00:00,157,28.0,2785.0,2425.4355691056912,685.0,10.0,17.0,11.0,16.0,10.0,2.0,14.5,11.1,2.0,1659.0,0,6,1,0,17,0,1,0,0,0
2025-11-23 18:00:00,158,33.0,3373.0,2781.339837398374,356.0,10.0,19.0,14.0,21.0,11.0,1.0,13.7,11.1,2.0,1831.0,0,6,1,0,18,0,1,0,0,0
2025-11-23 19:00:00,159,30.0,2235.0,2852.6743902439025,71.0,9.0,14.0,16.0,19.0,9.0,2.0,13.4,9.3,2.0,2026.0,0,6,1,0,19,0,0,1,0,0
2025-11-23 20:00:00,160,15.0,643.0,1425.6707317073171,-1427.0,5.0,7.0,8.0,8.0,6.0,1.0,13.0,9.3,2.0,2057.0,0,6,1,0,20,0,0,1,0,0
2025-11-23 21:00:00,161,4.0,166.0,574.8471544715447,-851.0,2.0,4.0,0.0,2.0,2.0,0.0,12.7,9.3,2.0,1967.0,0,6,1,0,21,0,0,1,0,0
2025-11-23 22:00:00,162,1.0,0.0,118.80243902439024,-456.0,1.0,1.0,0.0,0.0,1.0,0.0,12.5,9.3,2.0,1696.0,0,6,1,0,22,0,0,1,0,0
2025-11-23 23:00:00,163,0.0,0.0,0.0,0.0,0.0,0.0,0.0,0.0,0.0,0.0,12.5,9.3,2.0,0.0,1,6,1,0,23,0,0,1,0,0
2025-11-24 00:00:00,164,0.0,0.0,0.0,0.0,0.0,0.0,0.0,0.0,0.0,0.0,12.5,9.3,2.0,0.0,1,0,0,1,0,0,0,1,0,0
2025-11-24 01:00:00,165,0.0,0.0,0.0,0.0,0.0,0.0,0.0,0.0,0.0,0.0,12.5,9.3,2.0,0.0,1,0,0,1,1,0,0,1,0,0
2025-11-24 02:00:00,166,0.0,0.0,0.0,0.0,0.0,0.0,0.0,0.0,0.0,0.0,12.5,9.3,2.0,0.0,1,0,0,1,2,0,0,1,0,0
2025-11-24 03:00:00,167,0.0,0.0,0.0,0.0,0.0,0.0,0.0,0.0,0.0,0.0,12.5,9.3,2.0,0.0,1,0,0,1,3,0,0,1,0,0
2025-11-24 04:00:00,168,9.0,1554.0,749.35,631.0,7.0,8.0,1.0,6.0,3.0,0.0,14.0,2.0,2.0,1417.0,0,0,0,1,4,1,0,0,0,0
2025-11-24 05:00:00,169,14.0,757.0,956.3103658536586,207.0,10.0,13.0,1.0,8.0,3.0,3.0,14.0,4.0,2.0,1113.0,0,0,0,1,5,1,0,0,0,0
2025-11-24 06:00:00,170,9.0,713.0,975.6924796747968,19.0,5.0,7.0,2.0,6.0,0.0,3.0,15.0,28.0,3.0,800.0,0,0,0,1,6,1,0,0,0,0
2025-11-24 07:00:00,171,21.0,2942.0,1902.0270325203253,926.0,7.0,12.0,9.0,15.0,4.0,2.0,14.0,2.0,2.0,880.0,0,0,0,1,7,1,0,0,0,0
2025-11-24 08:00:00,172,31.0,2637.0,2725.8939024390243,824.0,12.0,20.0,11.0,19.0,10.0,2.0,14.0,9.0,2.0,1238.0,0,0,0,1,8,1,0,0,0,0
2025-11-24 09:00:00,173,22.0,1422.0,1940.4085365853657,-785.0,11.0,17.0,5.0,12.0,10.0,0.0,15.3,16.7,2.0,1542.0,0,0,0,1,9,1,0,0,0,0
2025-11-24 10:00:00,174,17.0,1579.0,1436.083943089431,-504.0,8.0,14.0,3.0,9.0,7.0,1.0,16.9,22.2,2.0,1656.0,0,0,0,1,10,1,0,0,0,0
2025-11-24 11:00:00,175,23.0,2324.0,1921.5201219512196,485.0,9.0,13.0,10.0,13.0,9.0,1.0,18.1,24.1,2.0,1817.0,0,0,0,1,11,1,0,0,0,0
2025-11-24 12:00:00,176,23.0,1535.0,1775.5772357723577,-146.0,6.0,11.0,12.0,15.0,7.0,1.0,18.6,29.6,2.0,1950.0,0,0,0,1,12,0,1,0,0,0
2025-11-24 13:00:00,177,14.0,934.0,1405.9018292682929,-370.0,3.0,8.0,6.0,9.0,4.0,1.0,19.0,31.5,2.0,1868.0,0,0,0,1,13,0,1,0,0,0
2025-11-24 14:00:00,178,13.0,1444.0,1317.519918699187,-88.0,8.0,9.0,4.0,7.0,5.0,1.0,18.6,31.5,2.0,1633.0,0,0,0,1,14,0,1,0,0,0
2025-11-24 15:00:00,179,20.0,2148.0,1772.5117886178862,455.0,11.0,16.0,4.0,12.0,6.0,2.0,18.1,29.6,2.0,1605.0,0,0,0,1,15,0,1,0,0,0
2025-11-24 16:00:00,180,17.0,884.0,1560.8985772357723,-212.0,8.0,15.0,2.0,10.0,5.0,2.0,17.6,25.9,2.0,1626.0,0,0,0,1,16,0,1,0,0,0
2025-11-24 17:00:00,181,17.0,2273.0,1577.416463414634,17.0,9.0,12.0,5.0,9.0,6.0,2.0,17.0,20.4,2.0,1568.0,0,0,0,1,17,0,1,0,0,0
2025-11-24 18:00:00,182,30.0,3355.0,2685.321951219512,1108.0,15.0,16.0,14.0,20.0,8.0,2.0,16.5,18.5,2.0,1720.0,0,0,0,1,18,0,1,0,0,0
2025-11-24 19:00:00,183,33.0,2693.0,2829.0973577235773,144.0,17.0,13.0,20.0,21.0,10.0,2.0,16.0,18.5,2.0,1957.0,0,0,0,1,19,0,0,1,0,0
2025-11-24 20:00:00,184,17.0,391.0,1592.986382113821,-1236.0,9.0,6.0,11.0,8.0,8.0,1.0,15.6,16.7,2.0,2003.0,0,0,0,1,20,0,0,1,0,0
2025-11-24 21:00:00,185,2.0,0.0,323.97032520325206,-1269.0,1.0,2.0,0.0,1.0,1.0,0.0,15.2,16.7,2.0,1762.0,0,0,0,1,21,0,0,1,0,0
2025-11-24 22:00:00,186,0.0,0.0,0.0,0.0,0.0,0.0,0.0,0.0,0.0,0.0,15.2,16.7,2.0,0.0,1,0,0,1,22,0,0,1,0,0
2025-11-24 23:00:00,187,0.0,0.0,0.0,0.0,0.0,0.0,0.0,0.0,0.0,0.0,15.2,16.7,2.0,0.0,1,0,0,1,23,0,0,1,0,0
2025-11-25 00:00:00,188,0.0,0.0,0.0,0.0,0.0,0.0,0.0,0.0,0.0,0.0,15.2,16.7,2.0,0.0,1,1,0,1,0,0,0,1,0,0
2025-11-25 01:00:00,189,0.0,0.0,0.0,0.0,0.0,0.0,0.0,0.0,0.0,0.0,15.2,16.7,2.0,0.0,1,1,0,1,1,0,0,1,0,0
2025-11-25 02:00:00,190,0.0,0.0,0.0,0.0,0.0,0.0,0.0,0.0,0.0,0.0,15.2,16.7,2.0,0.0,1,1,0,1,2,0,0,1,0,0
2025-11-25 03:00:00,191,0.0,0.0,0.0,0.0,0.0,0.0,0.0,0.0,0.0,0.0,15.2,16.7,2.0,0.0,1,1,0,1,3,0,0,1,0,0
2025-11-25 04:00:00,192,4.0,552.0,334.44166666666666,10.0,3.0,4.0,0.0,3.0,1.0,0.0,12.5,14.8,2.0,1557.0,0,1,0,1,4,1,0,0,0,0
2025-11-25 05:00:00,193,9.0,817.0,500.0256097560976,166.0,6.0,9.0,0.0,7.0,2.0,0.0,11.9,14.8,2.0,1378.0,0,1,0,1,5,1,0,0,0,0
2025-11-25 06:00:00,194,7.0,364.0,766.114837398374,266.0,4.0,6.0,1.0,6.0,1.0,0.0,12.4,14.8,2.0,1058.0,0,1,0,1,6,1,0,0,0,0
2025-11-25 07:00:00,195,12.0,1970.0,1277.2290650406503,511.0,3.0,5.0,7.0,9.0,3.0,0.0,12.4,16.7,2.0,799.0,0,1,0,1,7,1,0,0,0,0
2025-11-25 08:00:00,196,15.0,959.0,1296.1477642276425,19.0,5.0,7.0,8.0,10.0,5.0,0.0,12.5,16.7,2.0,750.0,0,1,0,1,8,1,0,0,0,0
2025-11-25 09:00:00,197,8.0,488.0,667.3880081300813,-629.0,4.0,5.0,3.0,5.0,3.0,0.0,12.8,18.5,2.0,807.0,0,1,0,1,9,1,0,0,0,0
2025-11-25 10:00:00,198,9.0,1110.0,767.5329268292683,100.0,4.0,8.0,1.0,6.0,3.0,0.0,13.6,18.5,2.0,879.0,0,1,0,1,10,1,0,0,0,0
2025-11-25 11:00:00,199,8.0,351.0,858.5563008130081,91.0,3.0,8.0,0.0,5.0,3.0,0.0,14.4,16.7,2.0,939.0,0,1,0,1,11,1,0,0,0,0
2025-11-25 12:00:00,200,6.0,760.0,599.8243902439025,-259.0,2.0,6.0,0.0,2.0,4.0,0.0,15.2,14.8,2.0,911.0,0,1,0,1,12,0,1,0,0,0
2025-11-25 13:00:00,201,4.0,0.0,278.7979674796748,-321.0,2.0,4.0,0.0,1.0,3.0,0.0,15.6,13.0,2.0,745.0,0,1,0,1,13,0,1,0,0,0
2025-11-25 14:00:00,202,2.0,386.0,174.2581300813008,-105.0,2.0,2.0,0.0,1.0,1.0,0.0,15.7,13.0,2.0,558.0,0,1,0,1,14,0,1,0,0,0
2025-11-25 15:00:00,203,5.0,588.0,498.1042682926829,324.0,4.0,4.0,1.0,3.0,1.0,1.0,15.5,11.1,2.0,530.0,0,1,0,1,15,0,1,0,0,0
2025-11-25 16:00:00,204,9.0,1101.0,831.7786585365853,334.0,6.0,8.0,1.0,8.0,0.0,1.0,14.9,11.1,2.0,540.0,0,1,0,1,16,0,1,0,0,0
2025-11-25 17:00:00,205,12.0,1151.0,1104.409756097561,273.0,5.0,10.0,2.0,10.0,2.0,0.0,14.0,11.1,2.0,581.0,0,1,0,1,17,0,1,0,0,0
2025-11-25 18:00:00,206,10.0,707.0,1005.960975609756,-98.0,2.0,7.0,3.0,7.0,3.0,0.0,11.1,9.3,2.0,649.0,0,1,0,1,18,0,1,0,0,0
2025-11-25 19:00:00,207,7.0,595.0,627.6420731707317,-378.0,2.0,5.0,2.0,5.0,2.0,0.0,10.1,11.1,2.0,707.0,0,1,0,1,19,0,0,1,0,0
2025-11-25 20:00:00,208,4.0,158.0,367.73943089430895,-260.0,2.0,3.0,1.0,3.0,1.0,0.0,9.9,11.1,2.0,739.0,0,1,0,1,20,0,0,1,0,0
2025-11-25 21:00:00,209,1.0,0.0,49.47317073170733,-318.0,1.0,1.0,0.0,1.0,0.0,0.0,9.7,11.1,2.0,665.0,0,1,0,1,21,0,0,1,0,0
2025-11-25 22:00:00,210,0.0,0.0,0.0,0.0,0.0,0.0,0.0,0.0,0.0,0.0,9.7,11.1,2.0,0.0,1,1,0,1,22,0,0,1,0,0
2025-11-25 23:00:00,211,0.0,0.0,0.0,0.0,0.0,0.0,0.0,0.0,0.0,0.0,9.7,11.1,2.0,0.0,1,1,0,1,23,0,0,1,0,0
2025-11-26 00:00:00,212,0.0,0.0,0.0,0.0,0.0,0.0,0.0,0.0,0.0,0.0,9.7,11.1,2.0,0.0,1,2,0,1,0,0,0,1,0,0
2025-11-26 01:00:00,213,0.0,0.0,0.0,0.0,0.0,0.0,0.0,0.0,0.0,0.0,9.7,11.1,2.0,0.0,1,2,0,1,1,0,0,1,0,0
2025-11-26 02:00:00,214,0.0,0.0,0.0,0.0,0.0,0.0,0.0,0.0,0.0,0.0,9.7,11.1,2.0,0.0,1,2,0,1,2,0,0,1,0,0
2025-11-26 03:00:00,215,0.0,0.0,0.0,0.0,0.0,0.0,0.0,0.0,0.0,0.0,9.7,11.1,2.0,0.0,1,2,0,1,3,0,0,1,0,0
2025-11-26 04:00:00,216,9.0,1177.0,619.5916666666667,570.0,7.0,8.0,1.0,3.0,4.0,2.0,8.0,13.0,2.0,629.0,0,2,0,1,4,1,0,0,0,0
2025-11-26 05:00:00,217,11.0,299.0,573.6571138211382,-46.0,7.0,10.0,1.0,4.0,5.0,2.0,7.7,18.5,2.0,541.0,0,2,0,1,5,1,0,0,0,0
2025-11-26 06:00:00,218,3.0,175.0,306.1109756097561,-268.0,0.0,3.0,0.0,2.0,1.0,0.0,8.7,18.5,2.0,424.0,0,2,0,1,6,1,0,0,0,0
2025-11-26 07:00:00,219,9.0,1530.0,793.4349593495934,487.0,3.0,7.0,2.0,8.0,1.0,0.0,8.7,18.5,2.0,452.0,0,2,0,1,7,1,0,0,0,0
2025-11-26 08:00:00,220,17.0,1638.0,1619.4416666666666,826.0,6.0,14.0,3.0,12.0,5.0,0.0,8.9,20.4,2.0,660.0,0,2,0,1,8,1,0,0,0,0
2025-11-26 09:00:00,221,12.0,545.0,1053.278861788618,-566.0,5.0,11.0,1.0,7.0,5.0,0.0,9.6,20.4,2.0,828.0,0,2,0,1,9,1,0,0,0,0
2025-11-26 10:00:00,222,5.0,408.0,546.3544715447155,-507.0,3.0,4.0,1.0,3.0,2.0,0.0,11.1,20.4,2.0,815.0,0,2,0,1,10,1,0,0,0,0
2025-11-26 11:00:00,223,8.0,948.0,705.7333333333333,159.0,3.0,7.0,1.0,4.0,4.0,0.0,12.5,18.5,2.0,837.0,0,2,0,1,11,1,0,0,0,0
2025-11-26 12:00:00,224,8.0,363.0,533.8833333333333,-172.0,2.0,7.0,1.0,4.0,4.0,0.0,13.6,18.5,2.0,875.0,0,2,0,1,12,0,1,0,0,0
2025-11-26 13:00:00,225,8.0,1140.0,744.1058943089431,210.0,2.0,5.0,3.0,6.0,2.0,0.0,14.4,18.5,2.0,867.0,0,2,0,1,13,0,1,0,0,0
2025-11-26 14:00:00,226,10.0,725.0,870.6087398373984,127.0,5.0,7.0,3.0,9.0,1.0,0.0,14.7,16.7,2.0,742.0,0,2,0,1,14,0,1,0,0,0
2025-11-26 15:00:00,227,7.0,801.0,842.3345528455284,-28.0,4.0,6.0,1.0,5.0,2.0,0.0,14.5,16.7,2.0,707.0,0,2,0,1,15,0,1,0,0,0
2025-11-26 16:00:00,228,6.0,500.0,844.9227642276422,3.0,2.0,6.0,0.0,4.0,2.0,0.0,14.0,14.8,2.0,757.0,0,2,0,1,16,0,1,0,0,0
2025-11-26 17:00:00,229,15.0,2179.0,1355.6731707317074,511.0,7.0,11.0,4.0,10.0,3.0,2.0,12.6,13.0,2.0,865.0,0,2,0,1,17,0,1,0,0,0
2025-11-26 18:00:00,230,21.0,1715.0,1668.85,313.0,8.0,14.0,7.0,12.0,7.0,2.0,8.3,11.1,1.0,1054.0,0,2,0,1,18,0,1,0,0,0
2025-11-26 19:00:00,231,12.0,571.0,1169.1845528455283,-500.0,2.0,8.0,4.0,8.0,4.0,0.0,7.9,13.0,1.0,1125.0,0,2,0,1,19,0,0,1,0,0
2025-11-26 20:00:00,232,4.0,187.0,457.3308943089431,-712.0,1.0,3.0,1.0,3.0,1.0,0.0,7.7,14.8,1.0,1056.0,0,2,0,1,20,0,0,1,0,0
2025-11-26 21:00:00,233,1.0,0.0,50.928048780487806,-406.0,1.0,1.0,0.0,0.0,1.0,0.0,7.6,14.8,1.0,924.0,0,2,0,1,21,0,0,1,0,0
2025-11-26 22:00:00,234,0.0,0.0,0.0,0.0,0.0,0.0,0.0,0.0,0.0,0.0,7.6,14.8,1.0,0.0,1,2,0,1,22,0,0,1,0,0
2025-11-26 23:00:00,235,0.0,0.0,0.0,0.0,0.0,0.0,0.0,0.0,0.0,0.0,7.6,14.8,1.0,0.0,1,2,0,1,23,0,0,1,0,0
2025-11-27 00:00:00,236,0.0,0.0,0.0,0.0,0.0,0.0,0.0,0.0,0.0,0.0,7.6,14.8,1.0,0.0,1,3,0,1,0,0,0,1,0,0
2025-11-27 01:00:00,237,0.0,0.0,0.0,0.0,0.0,0.0,0.0,0.0,0.0,0.0,7.6,14.8,1.0,0.0,1,3,0,1,1,0,0,1,0,0
2025-11-27 02:00:00,238,0.0,0.0,0.0,0.0,0.0,0.0,0.0,0.0,0.0,0.0,7.6,14.8,1.0,0.0,1,3,0,1,2,0,0,1,0,0
2025-11-27 03:00:00,239,0.0,0.0,0.0,0.0,0.0,0.0,0.0,0.0,0.0,0.0,7.6,14.8,1.0,0.0,1,3,0,1,3,0,0,1,0,0
2025-11-27 04:00:00,240,7.0,1052.0,566.7666666666667,516.0,5.0,7.0,0.0,3.0,3.0,1.0,4.9,20.4,1.0,878.0,0,3,0,1,4,1,0,0,0,0
2025-11-27 05:00:00,241,13.0,896.0,686.5032520325203,120.0,8.0,13.0,0.0,8.0,3.0,2.0,4.5,20.4,1.0,767.0,0,3,0,1,5,1,0,0,0,0
2025-11-27 06:00:00,242,10.0,703.0,1026.1089430894308,340.0,7.0,9.0,1.0,9.0,0.0,1.0,6.2,20.4,1.0,659.0,0,3,0,1,6,1,0,0,0,0
2025-11-27 07:00:00,243,14.0,1944.0,1504.6735772357724,479.0,7.0,12.0,2.0,12.0,2.0,0.0,6.2,22.2,1.0,715.0,0,3,0,1,7,1,0,0,0,0
2025-11-27 08:00:00,244,20.0,1948.0,2019.3487804878048,515.0,7.0,18.0,2.0,14.0,5.0,1.0,6.4,22.2,1.0,976.0,0,3,0,1,8,1,0,0,0,0
2025-11-27 09:00:00,245,17.0,1222.0,1574.9239837398377,-444.0,9.0,13.0,4.0,8.0,7.0,2.0,7.2,22.2,1.0,1230.0,0,3,0,1,9,1,0,0,0,0
2025-11-27 10:00:00,246,13.0,1080.0,884.3945121951219,-691.0,7.0,9.0,4.0,4.0,8.0,1.0,9.0,20.4,1.0,1283.0,0,3,0,1,10,1,0,0,0,0
2025-11-27 11:00:00,247,16.0,1723.0,1352.9658536585366,469.0,7.0,13.0,3.0,10.0,6.0,0.0,11.0,16.7,1.0,1394.0,0,3,0,1,11,1,0,0,0,0
2025-11-27 12:00:00,248,18.0,1398.0,1586.3095528455283,233.0,6.0,16.0,2.0,12.0,6.0,0.0,12.5,14.8,1.0,1487.0,0,3,0,1,12,0,1,0,0,0
2025-11-27 13:00:00,249,11.0,597.0,949.9329268292684,-636.0,3.0,10.0,1.0,6.0,5.0,0.0,13.6,11.1,1.0,1395.0,0,3,0,1,13,0,1,0,0,0
2025-11-27 14:00:00,250,10.0,1220.0,927.9701219512197,-22.0,6.0,8.0,2.0,6.0,2.0,2.0,13.9,11.1,1.0,1213.0,0,3,0,1,14,0,1,0,0,0
2025-11-27 15:00:00,251,13.0,1049.0,1065.8123983739838,138.0,7.0,11.0,2.0,10.0,1.0,2.0,13.3,11.1,1.0,1128.0,0,3,0,1,15,0,1,0,0,0
2025-11-27 16:00:00,252,15.0,1619.0,1406.2347560975609,340.0,8.0,13.0,2.0,13.0,2.0,0.0,12.5,9.3,1.0,1215.0,0,3,0,1,16,0,1,0,0,0
2025-11-27 17:00:00,253,21.0,2083.0,1652.6081300813007,246.0,10.0,18.0,3.0,14.0,6.0,1.0,11.5,7.4,1.0,1265.0,0,3,0,1,17,0,1,0,0,0
2025-11-27 18:00:00,254,21.0,1613.0,1883.1674796747968,231.0,7.0,18.0,3.0,13.0,7.0,1.0,10.0,7.4,1.0,1314.0,0,3,0,1,18,0,1,0,0,0
2025-11-27 19:00:00,255,18.0,1683.0,1829.714024390244,-53.0,6.0,15.0,3.0,14.0,4.0,0.0,8.9,9.3,1.0,1461.0,0,3,0,1,19,0,0,1,0,0
2025-11-27 20:00:00,256,11.0,445.0,1004.1229674796748,-826.0,4.0,8.0,3.0,8.0,3.0,0.0,8.0,11.1,1.0,1474.0,0,3,0,1,20,0,0,1,0,0
2025-11-27 21:00:00,257,2.0,0.0,195.59268292682927,-809.0,0.0,1.0,1.0,0.0,2.0,0.0,7.9,14.8,1.0,1329.0,0,3,0,1,21,0,0,1,0,0
2025-11-27 22:00:00,258,0.0,0.0,0.0,0.0,0.0,0.0,0.0,0.0,0.0,0.0,7.9,14.8,1.0,0.0,1,3,0,1,22,0,0,1,0,0
2025-11-27 23:00:00,259,0.0,0.0,0.0,0.0,0.0,0.0,0.0,0.0,0.0,0.0,7.9,14.8,1.0,0.0,1,3,0,1,23,0,0,1,0,0
2025-11-28 00:00:00,260,0.0,0.0,0.0,0.0,0.0,0.0,0.0,0.0,0.0,0.0,7.9,14.8,1.0,0.0,1,4,0,1,0,0,0,1,0,0
2025-11-28 01:00:00,261,0.0,0.0,0.0,0.0,0.0,0.0,0.0,0.0,0.0,0.0,7.9,14.8,1.0,0.0,1,4,0,1,1,0,0,1,0,0
2025-11-28 02:00:00,262,0.0,0.0,0.0,0.0,0.0,0.0,0.0,0.0,0.0,0.0,7.9,14.8,1.0,0.0,1,4,0,1,2,0,0,1,0,0
2025-11-28 03:00:00,263,0.0,0.0,0.0,0.0,0.0,0.0,0.0,0.0,0.0,0.0,7.9,14.8,1.0,0.0,1,4,0,1,3,0,0,1,0,0
2025-11-28 04:00:00,264,7.0,1150.0,583.4833333333333,388.0,6.0,5.0,2.0,6.0,1.0,0.0,5.3,20.4,1.0,1191.0,0,4,0,1,4,1,0,0,0,0
2025-11-28 05:00:00,265,10.0,373.0,775.420731707317,192.0,7.0,8.0,2.0,7.0,2.0,1.0,5.1,22.2,2.0,1045.0,0,4,0,1,5,1,0,0,0,0
2025-11-28 06:00:00,266,9.0,1040.0,925.3002032520324,150.0,5.0,8.0,1.0,5.0,3.0,1.0,8.0,22.2,2.0,886.0,0,4,0,1,6,1,0,0,0,0
2025-11-28 07:00:00,267,22.0,2956.0,1941.070325203252,1016.0,9.0,15.0,7.0,13.0,7.0,2.0,8.1,22.2,2.0,904.0,0,4,0,1,7,1,0,0,0,0
2025-11-28 08:00:00,268,30.0,2619.0,2770.2382113821136,829.0,10.0,20.0,10.0,16.0,12.0,2.0,8.3,22.2,2.0,1199.0,0,4,0,1,8,1,0,0,0,0
2025-11-28 09:00:00,269,25.0,1890.0,1887.300406504065,-883.0,11.0,20.0,5.0,14.0,10.0,1.0,9.1,20.4,2.0,1480.0,0,4,0,1,9,1,0,0,0,0
2025-11-28 10:00:00,270,19.0,1512.0,1609.3069105691056,-278.0,10.0,13.0,6.0,12.0,6.0,1.0,10.4,18.5,2.0,1651.0,0,4,0,1,10,1,0,0,0,0
2025-11-28 11:00:00,271,16.0,1434.0,1598.832113821138,-10.0,6.0,8.0,8.0,9.0,7.0,0.0,12.7,14.8,2.0,1789.0,0,4,0,1,11,1,0,0,0,0
2025-11-28 12:00:00,272,19.0,1894.0,1503.3473577235773,-95.0,6.0,14.0,5.0,14.0,5.0,0.0,14.6,13.0,2.0,1885.0,0,4,0,1,12,0,1,0,0,0
2025-11-28 13:00:00,273,17.0,1149.0,1741.8473577235773,238.0,7.0,13.0,4.0,13.0,2.0,2.0,15.7,13.0,2.0,1852.0,0,4,0,1,13,0,1,0,0,0
2025-11-28 14:00:00,274,15.0,1559.0,1344.7855691056911,-397.0,8.0,11.0,4.0,9.0,2.0,4.0,16.1,14.8,2.0,1614.0,0,4,0,1,14,0,1,0,0,0
2025-11-28 15:00:00,275,14.0,933.0,1332.135569105691,-13.0,7.0,11.0,3.0,9.0,2.0,3.0,15.9,14.8,2.0,1522.0,0,4,0,1,15,0,1,0,0,0
2025-11-28 16:00:00,276,14.0,1545.0,1372.9542682926829,41.0,6.0,11.0,3.0,8.0,5.0,1.0,15.1,13.0,2.0,1482.0,0,4,0,1,16,0,1,0,0,0
2025-11-28 17:00:00,277,23.0,2595.0,1969.4256097560976,596.0,10.0,17.0,6.0,16.0,7.0,0.0,14.0,11.1,2.0,1544.0,0,4,0,1,17,0,1,0,0,0
2025-11-28 18:00:00,278,33.0,3558.0,3113.135569105691,1144.0,15.0,20.0,13.0,23.0,9.0,1.0,10.4,9.3,2.0,1812.0,0,4,0,1,18,0,1,0,0,0
2025-11-28 19:00:00,279,36.0,3029.0,3053.4264227642275,-60.0,18.0,23.0,13.0,19.0,14.0,3.0,10.3,9.3,2.0,2031.0,0,4,0,1,19,0,0,1,0,0
2025-11-28 20:00:00,280,20.0,641.0,1706.99918699187,-1346.0,10.0,16.0,4.0,8.0,9.0,3.0,10.1,9.3,2.0,2091.0,0,4,0,1,20,0,0,1,0,0
2025-11-28 21:00:00,281,4.0,45.0,522.5479674796748,-1184.0,2.0,4.0,0.0,1.0,2.0,1.0,9.9,11.1,2.0,1956.0,0,4,0,1,21,0,0,1,0,0
2025-11-28 22:00:00,282,1.0,0.0,67.95121951219512,-455.0,1.0,1.0,0.0,0.0,1.0,0.0,9.7,13.0,2.0,1739.0,0,4,0,1,22,0,0,1,0,0
2025-11-28 23:00:00,283,0.0,0.0,0.0,0.0,0.0,0.0,0.0,0.0,0.0,0.0,9.7,13.0,2.0,0.0,1,4,0,1,23,0,0,1,0,0
2025-11-29 00:00:00,284,0.0,0.0,0.0,0.0,0.0,0.0,0.0,0.0,0.0,0.0,9.7,13.0,2.0,0.0,1,5,1,0,0,0,0,1,0,0
2025-11-29 01:00:00,285,0.0,0.0,0.0,0.0,0.0,0.0,0.0,0.0,0.0,0.0,9.7,13.0,2.0,0.0,1,5,1,0,1,0,0,1,0,0
2025-11-29 02:00:00,286,0.0,0.0,0.0,0.0,0.0,0.0,0.0,0.0,0.0,0.0,9.7,13.0,2.0,0.0,1,5,1,0,2,0,0,1,0,0
2025-11-29 03:00:00,287,0.0,0.0,0.0,0.0,0.0,0.0,0.0,0.0,0.0,0.0,9.7,13.0,2.0,0.0,1,5,1,0,3,0,0,1,0,0
2025-11-29 04:00:00,288,6.0,999.0,567.3,499.0,5.0,6.0,0.0,5.0,0.0,1.0,8.0,9.0,2.0,1505.0,0,5,1,0,4,1,0,0,0,0
2025-11-29 05:00:00,289,7.0,151.0,469.0121951219512,-98.0,5.0,7.0,0.0,6.0,0.0,1.0,7.0,8.0,2.0,1065.0,0,5,1,0,5,1,0,0,0,0
2025-11-29 06:00:00,290,6.0,893.0,667.8186991869919,199.0,4.0,6.0,0.0,4.0,1.0,1.0,6.9,18.0,1.0,667.0,0,5,1,0,6,1,0,0,0,0
2025-11-29 07:00:00,291,18.0,2474.0,1921.4298780487804,1254.0,10.0,13.0,5.0,12.0,4.0,2.0,6.0,8.0,2.0,703.0,0,5,1,0,7,1,0,0,0,0
2025-11-29 08:00:00,292,26.0,2320.0,2297.127845528455,376.0,11.0,19.0,7.0,14.0,11.0,1.0,7.0,11.0,2.0,998.0,0,5,1,0,8,1,0,0,0,0
2025-11-29 09:00:00,293,18.0,874.0,1376.2243902439025,-921.0,8.0,15.0,3.0,7.0,11.0,0.0,9.0,10.0,2.0,1216.0,0,5,1,0,9,1,0,0,0,0
2025-11-29 10:00:00,294,10.0,955.0,1023.5526422764228,-353.0,5.0,6.0,4.0,4.0,6.0,0.0,12.0,7.0,2.0,1293.0,0,5,1,0,10,1,0,0,0,0
2025-11-29 11:00:00,295,15.0,1827.0,1478.9932926829267,455.0,6.0,8.0,7.0,6.0,8.0,1.0,14.0,5.0,2.0,1461.0,0,5,1,0,11,1,0,0,0,0
2025-11-29 12:00:00,296,19.0,1625.0,1442.4146341463415,-37.0,11.0,14.0,5.0,10.0,7.0,2.0,16.1,9.0,3.0,1590.0,0,5,1,0,12,0,1,0,0,0
2025-11-29 13:00:00,297,11.0,412.0,965.2632113821138,-477.0,8.0,10.0,1.0,7.0,3.0,1.0,16.0,9.0,2.0,1431.0,0,5,1,0,13,0,1,0,0,0
2025-11-29 14:00:00,298,7.0,931.0,841.1764227642276,-124.0,6.0,6.0,1.0,4.0,3.0,0.0,16.0,14.0,2.0,1188.0,0,5,1,0,14,0,1,0,0,0
2025-11-29 15:00:00,299,11.0,1115.0,957.7764227642276,117.0,11.0,9.0,2.0,6.0,5.0,0.0,15.0,15.0,2.0,1118.0,0,5,1,0,15,0,1,0,0,0
2025-11-29 16:00:00,300,14.0,1519.0,1416.7121951219513,459.0,9.0,9.0,5.0,9.0,5.0,0.0,15.0,11.0,2.0,1184.0,0,5,1,0,16,0,1,0,0,0
2025-11-29 17:00:00,301,17.0,1692.0,1556.805081300813,140.0,7.0,9.0,8.0,13.0,4.0,0.0,14.0,9.0,2.0,1197.0,0,5,1,0,17,0,1,0,0,0
2025-11-29 18:00:00,302,20.0,2129.0,1635.9670731707315,79.0,11.0,14.0,6.0,14.0,4.0,2.0,12.5,8.0,3.0,1229.0,0,5,1,0,18,0,1,0,0,0
2025-11-29 19:00:00,303,18.0,1321.0,1779.2380081300812,143.0,11.0,15.0,3.0,12.0,3.0,3.0,12.0,5.0,2.0,1365.0,0,5,1,0,19,0,0,1,0,0
2025-11-29 20:00:00,304,10.0,572.0,1126.320731707317,-653.0,5.0,8.0,2.0,6.0,3.0,1.0,11.4,9.3,2.0,1412.0,0,5,1,0,20,0,0,1,0,0
2025-11-29 21:00:00,305,3.0,0.0,209.2256097560976,-917.0,1.0,2.0,1.0,1.0,2.0,0.0,11.2,7.4,2.0,1287.0,0,5,1,0,21,0,0,1,0,0
2025-11-29 22:00:00,306,0.0,0.0,0.0,0.0,0.0,0.0,0.0,0.0,0.0,0.0,11.2,7.4,2.0,0.0,1,5,1,0,22,0,0,1,0,0
2025-11-29 23:00:00,307,0.0,0.0,0.0,0.0,0.0,0.0,0.0,0.0,0.0,0.0,11.2,7.4,2.0,0.0,1,5,1,0,23,0,0,1,0,0
2025-11-30 00:00:00,308,0.0,0.0,0.0,0.0,0.0,0.0,0.0,0.0,0.0,0.0,11.2,7.4,2.0,0.0,1,6,1,0,0,0,0,1,0,0
2025-11-30 01:00:00,309,0.0,0.0,0.0,0.0,0.0,0.0,0.0,0.0,0.0,0.0,11.2,7.4,2.0,0.0,1,6,1,0,1,0,0,1,0,0
2025-11-30 02:00:00,310,0.0,0.0,0.0,0.0,0.0,0.0,0.0,0.0,0.0,0.0,11.2,7.4,2.0,0.0,1,6,1,0,2,0,0,1,0,0
2025-11-30 03:00:00,311,0.0,0.0,0.0,0.0,0.0,0.0,0.0,0.0,0.0,0.0,11.2,7.4,2.0,0.0,1,6,1,0,3,0,0,1,0,0
2025-11-30 04:00:00,312,7.0,1237.0,631.825,423.0,6.0,7.0,0.0,6.0,1.0,0.0,8.0,9.0,2.0,1157.0,0,6,1,0,4,1,0,0,0,0
2025-11-30 05:00:00,313,11.0,696.0,848.4788617886179,217.0,9.0,11.0,0.0,7.0,3.0,1.0,8.0,12.0,2.0,1039.0,0,6,1,0,5,1,0,0,0,0
2025-11-30 06:00:00,314,10.0,1006.0,1043.6193089430894,195.0,4.0,10.0,0.0,6.0,2.0,2.0,7.3,22.0,2.0,940.0,0,6,1,0,6,1,0,0,0,0
2025-11-30 07:00:00,315,22.0,3066.0,1922.582723577236,879.0,10.0,16.0,6.0,18.0,1.0,3.0,8.0,11.0,2.0,964.0,0,6,1,0,7,1,0,0,0,0
2025-11-30 08:00:00,316,27.0,2113.0,2584.593699186992,662.0,17.0,20.0,7.0,19.0,6.0,2.0,8.0,10.0,2.0,1207.0,0,6,1,0,8,1,0,0,0,0
2025-11-30 09:00:00,317,18.0,1159.0,1508.2327235772357,-1076.0,10.0,16.0,2.0,11.0,6.0,1.0,9.0,11.0,2.0,1423.0,0,6,1,0,9,1,0,0,0,0
2025-11-30 10:00:00,318,15.0,1438.0,1292.3880081300813,-216.0,8.0,14.0,1.0,9.0,3.0,3.0,11.0,10.0,2.0,1533.0,0,6,1,0,10,1,0,0,0,0
2025-11-30 11:00:00,319,16.0,1447.0,1686.1402439024391,394.0,10.0,15.0,1.0,9.0,4.0,3.0,12.0,11.0,2.0,1673.0,0,6,1,0,11,1,0,0,0,0
2025-11-30 12:00:00,320,20.0,2071.0,1745.9123983739837,60.0,8.0,19.0,1.0,13.0,5.0,2.0,13.3,17.0,2.0,1790.0,0,6,1,0,12,0,1,0,0,0
2025-11-30 13:00:00,321,20.0,1494.0,1682.4235772357724,-63.0,8.0,16.0,4.0,15.0,4.0,1.0,14.0,7.0,2.0,1750.0,0,6,1,0,13,0,1,0,0,0
2025-11-30 14:00:00,322,13.0,908.0,1258.3107723577236,-424.0,8.0,9.0,4.0,10.0,3.0,0.0,15.0,3.0,2.0,1529.0,0,6,1,0,14,0,1,0,0,0
2025-11-30 15:00:00,323,12.0,1238.0,1133.4052845528456,-125.0,9.0,8.0,4.0,7.0,4.0,1.0,16.0,4.0,2.0,1466.0,0,6,1,0,15,0,1,0,0,0
2025-11-30 16:00:00,324,20.0,2269.0,1729.355894308943,596.0,10.0,15.0,5.0,12.0,5.0,3.0,15.0,4.0,2.0,1539.0,0,6,1,0,16,0,1,0,0,0
2025-11-30 17:00:00,325,26.0,2472.0,2326.5508130081303,597.0,10.0,21.0,5.0,15.0,9.0,2.0,14.0,2.0,2.0,1646.0,0,6,1,0,17,0,1,0,0,0
2025-11-30 18:00:00,326,31.0,3297.0,2608.5418699186994,282.0,10.0,19.0,12.0,20.0,10.0,1.0,10.9,7.4,2.0,1790.0,0,6,1,0,18,0,1,0,0,0
2025-11-30 19:00:00,327,31.0,2416.0,2869.9447154471545,261.0,9.0,20.0,11.0,20.0,9.0,2.0,10.8,9.3,2.0,1988.0,0,6,1,0,19,0,0,1,0,0
2025-11-30 20:00:00,328,16.0,630.0,1477.908536585366,-1392.0,5.0,12.0,4.0,9.0,6.0,1.0,10.6,11.1,2.0,2024.0,0,6,1,0,20,0,0,1,0,0
2025-11-30 21:00:00,329,4.0,180.0,576.3504065040651,-902.0,2.0,3.0,1.0,2.0,2.0,0.0,10.2,13.0,2.0,1931.0,0,6,1,0,21,0,0,1,0,0
2025-11-30 22:00:00,330,1.0,0.0,121.12682926829268,-455.0,1.0,1.0,0.0,0.0,1.0,0.0,10.0,13.0,2.0,1663.0,0,6,1,0,22,0,0,1,0,0
2025-11-30 23:00:00,331,0.0,0.0,0.0,0.0,0.0,0.0,0.0,0.0,0.0,0.0,10.0,13.0,2.0,0.0,1,6,1,0,23,0,0,1,0,0
2025-12-01 00:00:00,332,0.0,0.0,0.0,0.0,0.0,0.0,0.0,0.0,0.0,0.0,10.0,13.0,2.0,0.0,1,0,0,1,0,0,0,1,0,0
2025-12-01 01:00:00,333,0.0,0.0,0.0,0.0,0.0,0.0,0.0,0.0,0.0,0.0,10.0,13.0,2.0,0.0,1,0,0,1,1,0,0,1,0,0
2025-12-01 02:00:00,334,0.0,0.0,0.0,0.0,0.0,0.0,0.0,0.0,0.0,0.0,10.0,13.0,2.0,0.0,1,0,0,1,2,0,0,1,0,0
2025-12-01 03:00:00,335,0.0,0.0,0.0,0.0,0.0,0.0,0.0,0.0,0.0,0.0,10.0,13.0,2.0,0.0,1,0,0,1,3,0,0,1,0,0
2025-12-01 04:00:00,336,9.0,1598.0,772.0833333333333,651.0,7.0,8.0,1.0,6.0,3.0,0.0,7.0,12.0,2.0,1404.0,0,0,0,1,4,1,0,0,0,0
2025-12-01 05:00:00,337,14.0,706.0,949.2786585365852,177.0,10.0,13.0,1.0,8.0,3.0,3.0,7.0,11.0,2.0,1128.0,0,0,0,1,5,1,0,0,0,0
2025-12-01 06:00:00,338,9.0,709.0,965.3764227642276,16.0,5.0,8.0,1.0,6.0,0.0,3.0,7.1,22.0,2.0,810.0,0,0,0,1,6,1,0,0,0,0
2025-12-01 07:00:00,339,21.0,3021.0,1971.9666666666667,1007.0,7.0,16.0,5.0,15.0,4.0,2.0,7.0,13.0,2.0,893.0,0,0,0,1,7,1,0,0,0,0
2025-12-01 08:00:00,340,32.0,2795.0,2833.950609756097,862.0,13.0,25.0,7.0,19.0,11.0,2.0,7.0,14.0,2.0,1269.0,0,0,0,1,8,1,0,0,0,0
2025-12-01 09:00:00,341,23.0,1418.0,1919.859349593496,-914.0,12.0,19.0,4.0,12.0,11.0,0.0,9.0,14.0,2.0,1569.0,0,0,0,1,9,1,0,0,0,0
2025-12-01 10:00:00,342,16.0,1501.0,1334.6406504065042,-585.0,8.0,12.0,4.0,9.0,6.0,1.0,11.0,13.0,1.0,1663.0,0,0,0,1,10,1,0,0,0,0
2025-12-01 11:00:00,343,21.0,2236.0,1941.1973577235767,607.0,9.0,15.0,6.0,13.0,7.0,1.0,12.0,10.0,1.0,1828.0,0,0,0,1,11,1,0,0,0,0
2025-12-01 12:00:00,344,23.0,1690.0,1861.3510162601624,-80.0,6.0,18.0,5.0,15.0,7.0,1.0,13.9,9.0,1.0,1977.0,0,0,0,1,12,0,1,0,0,0
2025-12-01 13:00:00,345,16.0,1156.0,1597.4268292682927,-264.0,4.0,12.0,4.0,9.0,6.0,1.0,15.0,3.0,1.0,1915.0,0,0,0,1,13,0,1,0,0,0
2025-12-01 14:00:00,346,14.0,1455.0,1375.7689024390245,-222.0,9.0,8.0,6.0,7.0,6.0,1.0,16.0,2.0,2.0,1672.0,0,0,0,1,14,0,1,0,0,0
2025-12-01 15:00:00,347,19.0,1928.0,1740.425406504065,365.0,10.0,13.0,6.0,11.0,6.0,2.0,15.0,2.0,2.0,1642.0,0,0,0,1,15,0,1,0,0,0
2025-12-01 16:00:00,348,16.0,833.0,1410.6821138211385,-330.0,7.0,12.0,4.0,9.0,5.0,2.0,14.1,16.7,2.0,1654.0,0,0,0,1,16,0,1,0,0,0
2025-12-01 17:00:00,349,17.0,2235.0,1499.6768292682927,89.0,9.0,10.0,7.0,9.0,6.0,2.0,13.1,14.8,2.0,1581.0,0,0,0,1,17,0,1,0,0,0
2025-12-01 18:00:00,350,30.0,3339.0,2651.9018292682927,1152.0,15.0,20.0,10.0,20.0,8.0,2.0,10.9,13.0,2.0,1713.0,0,0,0,1,18,0,1,0,0,0
2025-12-01 19:00:00,351,33.0,2789.0,2881.727845528455,230.0,17.0,22.0,11.0,21.0,10.0,2.0,10.8,11.1,2.0,1927.0,0,0,0,1,19,0,0,1,0,0
2025-12-01 20:00:00,352,19.0,848.0,1944.5591463414637,-937.0,9.0,13.0,6.0,10.0,8.0,1.0,10.6,9.3,2.0,2021.0,0,0,0,1,20,0,0,1,0,0
2025-12-01 21:00:00,353,5.0,189.0,612.1758130081301,-1332.0,2.0,5.0,0.0,3.0,2.0,0.0,10.4,9.3,2.0,1833.0,0,0,0,1,21,0,0,1,0,0
2025-12-01 22:00:00,354,1.0,0.0,50.85121951219512,-561.0,1.0,1.0,0.0,0.0,1.0,0.0,10.2,9.3,2.0,1607.0,0,0,0,1,22,0,0,1,0,0
2025-12-01 23:00:00,355,0.0,0.0,0.0,0.0,0.0,0.0,0.0,0.0,0.0,0.0,10.2,9.3,2.0,0.0,1,0,0,1,23,0,0,1,0,0
2025-12-02 00:00:00,356,0.0,0.0,0.0,0.0,0.0,0.0,0.0,0.0,0.0,0.0,10.2,9.3,2.0,0.0,1,1,0,1,0,0,0,1,0,0
2025-12-02 01:00:00,357,0.0,0.0,0.0,0.0,0.0,0.0,0.0,0.0,0.0,0.0,10.2,9.3,2.0,0.0,1,1,0,1,1,0,0,1,0,0
2025-12-02 02:00:00,358,0.0,0.0,0.0,0.0,0.0,0.0,0.0,0.0,0.0,0.0,10.2,9.3,2.0,0.0,1,1,0,1,2,0,0,1,0,0
2025-12-02 03:00:00,359,0.0,0.0,0.0,0.0,0.0,0.0,0.0,0.0,0.0,0.0,10.2,9.3,2.0,0.0,1,1,0,1,3,0,0,1,0,0
2025-12-02 04:00:00,360,5.0,870.0,516.95,466.0,4.0,5.0,0.0,4.0,1.0,0.0,8.9,9.3,2.0,1443.0,0,1,0,1,4,1,0,0,0,0
2025-12-02 05:00:00,361,10.0,845.0,613.4754065040651,97.0,7.0,10.0,0.0,8.0,2.0,0.0,8.6,11.1,2.0,1103.0,0,1,0,1,5,1,0,0,0,0
2025-12-02 06:00:00,362,8.0,516.0,856.9247967479674,243.0,5.0,8.0,0.0,7.0,1.0,0.0,8.4,11.1,2.0,766.0,0,1,0,1,6,1,0,0,0,0
2025-12-02 07:00:00,363,13.0,1973.0,1393.3951219512194,536.0,4.0,11.0,2.0,10.0,3.0,0.0,8.5,13.0,2.0,674.0,0,1,0,1,7,1,0,0,0,0
2025-12-02 08:00:00,364,17.0,1326.0,1490.0987804878048,97.0,5.0,14.0,3.0,11.0,6.0,0.0,8.8,14.8,2.0,820.0,0,1,0,1,8,1,0,0,0,0
2025-12-02 09:00:00,365,10.0,492.0,819.655487804878,-670.0,4.0,7.0,3.0,6.0,4.0,0.0,9.6,14.8,2.0,948.0,0,1,0,1,9,1,0,0,0,0
2025-12-02 10:00:00,366,10.0,1263.0,841.4038617886179,22.0,4.0,6.0,4.0,6.0,4.0,0.0,11.3,14.8,2.0,1002.0,0,1,0,1,10,1,0,0,0,0
2025-12-02 11:00:00,367,8.0,184.0,839.3089430894308,-2.0,3.0,6.0,2.0,4.0,4.0,0.0,12.8,13.0,2.0,1040.0,0,1,0,1,11,1,0,0,0,0
2025-12-02 12:00:00,368,5.0,780.0,583.5426829268292,-256.0,2.0,5.0,0.0,1.0,4.0,0.0,13.9,11.1,2.0,995.0,0,1,0,1,12,0,1,0,0,0
2025-12-02 13:00:00,369,6.0,360.0,450.2993902439025,-133.0,3.0,6.0,0.0,2.0,4.0,0.0,14.9,11.1,2.0,837.0,0,1,0,1,13,0,1,0,0,0
2025-12-02 14:00:00,370,3.0,185.0,181.48821138211383,-269.0,2.0,3.0,0.0,2.0,1.0,0.0,14.9,11.1,2.0,619.0,0,1,0,1,14,0,1,0,0,0
2025-12-02 15:00:00,371,5.0,763.0,487.5111788617886,306.0,3.0,4.0,1.0,4.0,0.0,1.0,14.5,11.1,2.0,564.0,0,1,0,1,15,0,1,0,0,0
2025-12-02 16:00:00,372,8.0,747.0,769.1861788617886,282.0,4.0,6.0,2.0,7.0,0.0,1.0,13.8,11.1,2.0,552.0,0,1,0,1,16,0,1,0,0,0
2025-12-02 17:00:00,373,11.0,1385.0,1094.980081300813,326.0,4.0,9.0,2.0,8.0,2.0,1.0,12.9,11.1,2.0,595.0,0,1,0,1,17,0,1,0,0,0
2025-12-02 18:00:00,374,11.0,705.0,1074.6111788617886,-20.0,3.0,9.0,2.0,7.0,3.0,1.0,9.7,11.1,2.0,676.0,0,1,0,1,18,0,1,0,0,0
2025-12-02 19:00:00,375,7.0,587.0,622.4310975609756,-452.0,2.0,5.0,2.0,5.0,2.0,0.0,9.6,11.1,2.0,705.0,0,1,0,1,19,0,0,1,0,0
2025-12-02 20:00:00,376,4.0,181.0,381.8394308943089,-241.0,2.0,3.0,1.0,3.0,1.0,0.0,9.5,11.1,2.0,738.0,0,1,0,1,20,0,0,1,0,0
2025-12-02 21:00:00,377,1.0,0.0,54.07317073170732,-328.0,1.0,1.0,0.0,1.0,0.0,0.0,9.4,13.0,2.0,666.0,0,1,0,1,21,0,0,1,0,0
2025-12-02 22:00:00,378,0.0,0.0,0.0,0.0,0.0,0.0,0.0,0.0,0.0,0.0,9.4,13.0,2.0,0.0,1,1,0,1,22,0,0,1,0,0
2025-12-02 23:00:00,379,0.0,0.0,0.0,0.0,0.0,0.0,0.0,0.0,0.0,0.0,9.4,13.0,2.0,0.0,1,1,0,1,23,0,0,1,0,0
2025-12-03 00:00:00,380,0.0,0.0,0.0,0.0,0.0,0.0,0.0,0.0,0.0,0.0,9.4,13.0,2.0,0.0,1,2,0,1,0,0,0,1,0,0
2025-12-03 01:00:00,381,0.0,0.0,0.0,0.0,0.0,0.0,0.0,0.0,0.0,0.0,9.4,13.0,2.0,0.0,1,2,0,1,1,0,0,1,0,0
2025-12-03 02:00:00,382,0.0,0.0,0.0,0.0,0.0,0.0,0.0,0.0,0.0,0.0,9.4,13.0,2.0,0.0,1,2,0,1,2,0,0,1,0,0
2025-12-03 03:00:00,383,0.0,0.0,0.0,0.0,0.0,0.0,0.0,0.0,0.0,0.0,9.4,13.0,2.0,0.0,1,2,0,1,3,0,0,1,0,0
2025-12-03 04:00:00,384,9.0,1359.0,709.6083333333333,656.0,7.0,9.0,0.0,3.0,4.0,2.0,9.0,13.0,2.0,656.0,0,2,0,1,4,1,0,0,0,0
2025-12-03 05:00:00,385,12.0,378.0,683.1680894308943,-26.0,8.0,12.0,0.0,4.0,5.0,3.0,8.0,12.0,2.0,588.0,0,2,0,1,5,1,0,0,0,0
2025-12-03 06:00:00,386,5.0,340.0,466.7146341463415,-216.0,2.0,5.0,0.0,3.0,1.0,1.0,8.0,21.0,1.0,486.0,0,2,0,1,6,1,0,0,0,0
2025-12-03 07:00:00,387,11.0,1793.0,938.6560975609756,472.0,5.0,9.0,2.0,10.0,1.0,0.0,8.0,12.0,2.0,539.0,0,2,0,1,7,1,0,0,0,0
2025-12-03 08:00:00,388,20.0,1990.0,1902.565650406504,964.0,7.0,13.0,7.0,14.0,6.0,0.0,8.0,12.0,2.0,792.0,0,2,0,1,8,1,0,0,0,0
2025-12-03 09:00:00,389,14.0,549.0,1247.0258130081302,-656.0,5.0,8.0,6.0,8.0,6.0,0.0,9.0,13.0,2.0,991.0,0,2,0,1,9,1,0,0,0,0
2025-12-03 10:00:00,390,5.0,398.0,504.9130081300813,-742.0,3.0,4.0,1.0,3.0,2.0,0.0,11.0,13.0,2.0,957.0,0,2,0,1,10,1,0,0,0,0
2025-12-03 11:00:00,391,5.0,549.0,577.1768292682926,72.0,2.0,4.0,1.0,3.0,2.0,0.0,11.7,18.5,2.0,940.0,0,2,0,1,11,1,0,0,0,0
2025-12-03 12:00:00,392,7.0,676.0,535.3278455284553,-42.0,1.0,5.0,2.0,4.0,3.0,0.0,13.1,16.7,2.0,951.0,0,2,0,1,12,0,1,0,0,0
2025-12-03 13:00:00,393,11.0,1327.0,918.8689024390244,384.0,2.0,9.0,2.0,8.0,3.0,0.0,14.2,16.7,2.0,948.0,0,2,0,1,13,0,1,0,0,0
2025-12-03 14:00:00,394,11.0,749.0,991.2040650406504,72.0,5.0,10.0,1.0,10.0,1.0,0.0,14.7,16.7,2.0,796.0,0,2,0,1,14,0,1,0,0,0
2025-12-03 15:00:00,395,8.0,953.0,927.2628048780488,-64.0,4.0,7.0,1.0,5.0,3.0,0.0,14.3,16.7,2.0,742.0,0,2,0,1,15,0,1,0,0,0
2025-12-03 16:00:00,396,9.0,808.0,1009.5290650406504,82.0,4.0,7.0,2.0,5.0,3.0,1.0,13.6,14.8,2.0,827.0,0,2,0,1,16,0,1,0,0,0
2025-12-03 17:00:00,397,16.0,2035.0,1539.8670731707316,530.0,9.0,11.0,5.0,10.0,3.0,3.0,12.6,13.0,1.0,987.0,0,2,0,1,17,0,1,0,0,0
2025-12-03 18:00:00,398,20.0,1698.0,1588.730894308943,49.0,8.0,14.0,6.0,11.0,7.0,2.0,9.9,11.1,1.0,1163.0,0,2,0,1,18,0,1,0,0,0
2025-12-03 19:00:00,399,12.0,577.0,1133.4414634146342,-455.0,2.0,8.0,4.0,8.0,4.0,0.0,9.7,13.0,1.0,1198.0,0,2,0,1,19,0,0,1,0,0
2025-12-03 20:00:00,400,4.0,189.0,460.4357723577236,-673.0,1.0,2.0,2.0,3.0,1.0,0.0,9.4,13.0,1.0,1110.0,0,2,0,1,20,0,0,1,0,0
2025-12-03 21:00:00,401,1.0,0.0,51.40365853658537,-409.0,1.0,1.0,0.0,0.0,1.0,0.0,9.0,13.0,1.0,964.0,0,2,0,1,21,0,0,1,0,0
2025-12-03 22:00:00,402,0.0,0.0,0.0,0.0,0.0,0.0,0.0,0.0,0.0,0.0,9.0,13.0,1.0,0.0,1,2,0,1,22,0,0,1,0,0
2025-12-03 23:00:00,403,0.0,0.0,0.0,0.0,0.0,0.0,0.0,0.0,0.0,0.0,9.0,13.0,1.0,0.0,1,2,0,1,23,0,0,1,0,0
2025-12-04 00:00:00,404,0.0,0.0,0.0,0.0,0.0,0.0,0.0,0.0,0.0,0.0,9.0,13.0,1.0,0.0,1,3,0,1,0,0,0,1,0,0
2025-12-04 01:00:00,405,0.0,0.0,0.0,0.0,0.0,0.0,0.0,0.0,0.0,0.0,9.0,13.0,1.0,0.0,1,3,0,1,1,0,0,1,0,0
2025-12-04 02:00:00,406,0.0,0.0,0.0,0.0,0.0,0.0,0.0,0.0,0.0,0.0,9.0,13.0,1.0,0.0,1,3,0,1,2,0,0,1,0,0
2025-12-04 03:00:00,407,0.0,0.0,0.0,0.0,0.0,0.0,0.0,0.0,0.0,0.0,9.0,13.0,1.0,0.0,1,3,0,1,3,0,0,1,0,0
2025-12-04 04:00:00,408,6.0,886.0,460.06666666666666,409.0,4.0,5.0,1.0,2.0,3.0,1.0,6.0,9.0,2.0,872.0,0,3,0,1,4,1,0,0,0,0
2025-12-04 05:00:00,409,12.0,929.0,652.6615853658536,193.0,7.0,11.0,1.0,7.0,3.0,2.0,6.0,9.0,2.0,724.0,0,3,0,1,5,1,0,0,0,0
2025-12-04 06:00:00,410,9.0,558.0,1005.2693089430894,353.0,6.0,9.0,0.0,8.0,0.0,1.0,5.1,17.0,1.0,627.0,0,3,0,1,6,1,0,0,0,0
2025-12-04 07:00:00,411,14.0,2179.0,1509.7467479674797,504.0,6.0,9.0,5.0,12.0,2.0,0.0,5.0,5.0,2.0,690.0,0,3,0,1,7,1,0,0,0,0
2025-12-04 08:00:00,412,22.0,2017.0,2150.646544715447,641.0,7.0,16.0,6.0,15.0,6.0,1.0,7.0,9.0,2.0,972.0,0,3,0,1,8,1,0,0,0,0
2025-12-04 09:00:00,413,17.0,1108.0,1568.2918699186991,-582.0,8.0,15.0,2.0,7.0,8.0,2.0,9.0,11.1,2.0,1224.0,0,3,0,1,9,1,0,0,0,0
2025-12-04 10:00:00,414,12.0,1132.0,868.3841463414634,-700.0,6.0,9.0,3.0,3.0,8.0,1.0,9.8,13.0,3.0,1293.0,0,3,0,1,10,1,0,0,0,0
2025-12-04 11:00:00,415,15.0,1556.0,1359.7654471544715,491.0,7.0,12.0,3.0,9.0,6.0,0.0,10.9,13.0,3.0,1410.0,0,3,0,1,11,1,0,0,0,0
2025-12-04 12:00:00,416,19.0,1723.0,1602.343699186992,243.0,7.0,17.0,2.0,12.0,7.0,0.0,11.7,13.0,3.0,1510.0,0,3,0,1,12,0,1,0,0,0
2025-12-04 13:00:00,417,11.0,185.0,957.6928861788618,-645.0,3.0,9.0,2.0,5.0,6.0,0.0,12.2,13.0,3.0,1418.0,0,3,0,1,13,0,1,0,0,0
2025-12-04 14:00:00,418,8.0,1238.0,695.9394308943089,-262.0,5.0,6.0,2.0,4.0,2.0,2.0,12.5,14.8,3.0,1175.0,0,3,0,1,14,0,1,0,0,0
2025-12-04 15:00:00,419,11.0,698.0,861.5158536585366,166.0,6.0,10.0,1.0,8.0,1.0,2.0,12.2,14.8,3.0,1058.0,0,3,0,1,15,0,1,0,0,0
2025-12-04 16:00:00,420,11.0,1308.0,1059.305487804878,198.0,5.0,9.0,2.0,10.0,1.0,0.0,11.6,13.0,2.0,1089.0,0,3,0,1,16,0,1,0,0,0
2025-12-04 17:00:00,421,19.0,2262.0,1626.7573170731707,567.0,8.0,15.0,4.0,13.0,5.0,1.0,10.8,13.0,2.0,1134.0,0,3,0,1,17,0,1,0,0,0
2025-12-04 18:00:00,422,22.0,1938.0,2079.722967479675,453.0,7.0,18.0,4.0,14.0,7.0,1.0,10.3,11.1,2.0,1213.0,0,3,0,1,18,0,1,0,0,0
2025-12-04 19:00:00,423,20.0,1939.0,2152.243292682927,73.0,6.0,12.0,8.0,16.0,4.0,0.0,9.6,11.1,2.0,1413.0,0,3,0,1,19,0,0,1,0,0
2025-12-04 20:00:00,424,12.0,454.0,1149.647967479675,-1003.0,4.0,6.0,6.0,9.0,3.0,0.0,9.0,11.1,2.0,1488.0,0,3,0,1,20,0,0,1,0,0
2025-12-04 21:00:00,425,2.0,0.0,202.30365853658537,-947.0,0.0,2.0,0.0,0.0,2.0,0.0,8.6,11.1,2.0,1378.0,0,3,0,1,21,0,0,1,0,0
2025-12-04 22:00:00,426,0.0,0.0,0.0,0.0,0.0,0.0,0.0,0.0,0.0,0.0,8.6,11.1,2.0,0.0,1,3,0,1,22,0,0,1,0,0
2025-12-04 23:00:00,427,0.0,0.0,0.0,0.0,0.0,0.0,0.0,0.0,0.0,0.0,8.6,11.1,2.0,0.0,1,3,0,1,23,0,0,1,0,0
2025-12-05 00:00:00,428,0.0,0.0,0.0,0.0,0.0,0.0,0.0,0.0,0.0,0.0,8.6,11.1,2.0,0.0,1,4,0,1,0,0,0,1,0,0
2025-12-05 01:00:00,429,0.0,0.0,0.0,0.0,0.0,0.0,0.0,0.0,0.0,0.0,8.6,11.1,2.0,0.0,1,4,0,1,1,0,0,1,0,0
2025-12-05 02:00:00,430,0.0,0.0,0.0,0.0,0.0,0.0,0.0,0.0,0.0,0.0,8.6,11.1,2.0,0.0,1,4,0,1,2,0,0,1,0,0
2025-12-05 03:00:00,431,0.0,0.0,0.0,0.0,0.0,0.0,0.0,0.0,0.0,0.0,8.6,11.1,2.0,0.0,1,4,0,1,3,0,0,1,0,0
2025-12-05 04:00:00,432,7.0,1266.0,636.1,434.0,6.0,7.0,0.0,6.0,1.0,0.0,9.0,10.0,2.0,1308.0,0,4,0,1,4,1,0,0,0,1
2025-12-05 05:00:00,433,10.0,468.0,867.5788617886179,231.0,7.0,10.0,0.0,7.0,2.0,1.0,9.0,6.0,2.0,1181.0,0,4,0,1,5,1,0,0,0,1
2025-12-05 06:00:00,434,10.0,1246.0,1046.218699186992,179.0,5.0,9.0,1.0,6.0,3.0,1.0,9.0,10.0,2.0,1009.0,0,4,0,1,6,1,0,0,0,1
2025-12-05 07:00:00,435,23.0,3013.0,2118.6477642276423,1072.0,9.0,19.0,4.0,14.0,7.0,2.0,8.8,14.8,2.0,1003.0,0,4,0,1,7,1,0,0,0,1
2025-12-05 08:00:00,436,31.0,2837.0,2940.5388211382115,822.0,10.0,21.0,10.0,16.0,13.0,2.0,9.0,16.7,2.0,1302.0,0,4,0,1,8,1,0,0,0,1
2025-12-05 09:00:00,437,27.0,2098.0,2072.536382113821,-868.0,12.0,18.0,9.0,15.0,11.0,1.0,9.8,16.7,2.0,1614.0,0,4,0,1,9,1,0,0,0,1
2025-12-05 10:00:00,438,20.0,1554.0,1737.615650406504,-335.0,11.0,15.0,5.0,13.0,6.0,1.0,11.2,14.8,2.0,1797.0,0,4,0,1,10,1,0,0,0,1
2025-12-05 11:00:00,439,17.0,1677.0,1773.3223577235772,36.0,7.0,12.0,5.0,10.0,7.0,0.0,12.5,13.0,2.0,1948.0,0,4,0,1,11,1,0,0,0,1
2025-12-05 12:00:00,440,22.0,2262.0,1810.012601626016,37.0,8.0,18.0,4.0,15.0,7.0,0.0,13.7,13.0,2.0,2075.0,0,4,0,1,12,0,1,0,0,1
2025-12-05 13:00:00,441,20.0,1344.0,1953.242276422764,143.0,8.0,16.0,4.0,13.0,4.0,3.0,14.8,11.1,2.0,2048.0,0,4,0,1,13,0,1,0,0,1
2025-12-05 14:00:00,442,16.0,1582.0,1460.1030487804878,-493.0,8.0,10.0,6.0,9.0,2.0,5.0,15.0,11.1,2.0,1801.0,0,4,0,1,14,0,1,0,0,1
2025-12-05 15:00:00,443,14.0,947.0,1341.855487804878,-118.0,7.0,9.0,5.0,9.0,2.0,3.0,14.9,11.1,2.0,1679.0,0,4,0,1,15,0,1,0,0,1
2025-12-05 16:00:00,444,13.0,1373.0,1322.2837398373983,-20.0,6.0,9.0,4.0,8.0,4.0,1.0,14.2,9.3,2.0,1610.0,0,4,0,1,16,0,1,0,0,1
2025-12-05 17:00:00,445,23.0,2838.0,1986.4302845528453,664.0,11.0,15.0,8.0,17.0,6.0,0.0,13.2,9.3,2.0,1646.0,0,4,0,1,17,0,1,0,0,1
2025-12-05 18:00:00,446,33.0,3390.0,3155.096544715447,1169.0,15.0,20.0,13.0,24.0,8.0,1.0,12.1,9.3,2.0,1870.0,0,4,0,1,18,0,1,0,0,1
2025-12-05 19:00:00,447,36.0,3401.0,3202.649593495935,48.0,18.0,21.0,15.0,19.0,14.0,3.0,11.3,9.3,2.0,2078.0,0,4,0,1,19,0,0,1,0,1
2025-12-05 20:00:00,448,23.0,1047.0,2181.8632113821136,-1021.0,11.0,13.0,10.0,9.0,11.0,3.0,10.6,9.3,2.0,2198.0,0,4,0,1,20,0,0,1,0,1
2025-12-05 21:00:00,449,6.0,187.0,716.9638211382114,-1465.0,2.0,3.0,3.0,2.0,3.0,1.0,10.2,9.3,2.0,2094.0,0,4,0,1,21,0,0,1,0,1
2025-12-05 22:00:00,450,1.0,0.0,96.5658536585366,-620.0,1.0,1.0,0.0,0.0,1.0,0.0,10.0,9.3,2.0,1890.0,0,4,0,1,22,0,0,1,0,1
2025-12-05 23:00:00,451,0.0,0.0,0.0,0.0,0.0,0.0,0.0,0.0,0.0,0.0,10.0,9.3,2.0,0.0,1,4,0,1,23,0,0,1,0,0
2025-12-06 00:00:00,452,0.0,0.0,0.0,0.0,0.0,0.0,0.0,0.0,0.0,0.0,10.0,9.3,2.0,0.0,1,5,1,0,0,0,0,1,0,0
2025-12-06 01:00:00,453,0.0,0.0,0.0,0.0,0.0,0.0,0.0,0.0,0.0,0.0,10.0,9.3,2.0,0.0,1,5,1,0,1,0,0,1,0,0
2025-12-06 02:00:00,454,0.0,0.0,0.0,0.0,0.0,0.0,0.0,0.0,0.0,0.0,10.0,9.3,2.0,0.0,1,5,1,0,2,0,0,1,0,0
2025-12-06 03:00:00,455,0.0,0.0,0.0,0.0,0.0,0.0,0.0,0.0,0.0,0.0,10.0,9.3,2.0,0.0,1,5,1,0,3,0,0,1,0,0
2025-12-06 04:00:00,456,7.0,1256.0,665.425,569.0,6.0,5.0,2.0,5.0,1.0,1.0,9.6,11.1,2.0,1670.0,0,5,1,0,4,1,0,0,1,0
2025-12-06 05:00:00,457,8.0,151.0,601.5676829268293,-64.0,6.0,6.0,2.0,6.0,1.0,1.0,9.6,11.1,2.0,1244.0,0,5,1,0,5,1,0,0,1,0
2025-12-06 06:00:00,458,6.0,890.0,700.5882113821139,99.0,4.0,5.0,1.0,4.0,1.0,1.0,11.7,13.0,2.0,827.0,0,5,1,0,6,1,0,0,1,0
2025-12-06 07:00:00,459,19.0,2728.0,2101.984756097561,1401.0,11.0,15.0,4.0,12.0,4.0,3.0,11.7,11.1,2.0,814.0,0,5,1,0,7,1,0,0,1,0
2025-12-06 08:00:00,460,30.0,3061.0,2828.923780487805,727.0,13.0,25.0,5.0,17.0,11.0,2.0,12.1,13.0,2.0,1166.0,0,5,1,0,8,1,0,0,1,0
2025-12-06 09:00:00,461,21.0,873.0,1677.4678861788618,-1151.0,9.0,18.0,3.0,10.0,11.0,0.0,12.8,14.8,2.0,1429.0,0,5,1,0,9,1,0,0,1,0
2025-12-06 10:00:00,462,14.0,1713.0,1341.3040650406504,-336.0,8.0,13.0,1.0,7.0,6.0,1.0,14.4,13.0,2.0,1542.0,0,5,1,0,10,1,0,0,1,0
2025-12-06 11:00:00,463,18.0,1643.0,1755.8963414634147,415.0,9.0,16.0,2.0,9.0,7.0,2.0,15.9,11.1,2.0,1734.0,0,5,1,0,11,1,0,0,1,0
2025-12-06 12:00:00,464,19.0,1773.0,1454.4193089430894,-301.0,11.0,17.0,2.0,10.0,7.0,2.0,17.2,11.1,2.0,1860.0,0,5,1,0,12,0,1,0,1,0
2025-12-06 13:00:00,465,11.0,189.0,956.838211382114,-498.0,8.0,10.0,1.0,6.0,4.0,1.0,17.9,11.1,2.0,1669.0,0,5,1,0,13,0,1,0,1,0
2025-12-06 14:00:00,466,7.0,1121.0,791.9973577235772,-165.0,6.0,5.0,2.0,4.0,3.0,0.0,18.2,11.1,2.0,1330.0,0,5,1,0,14,0,1,0,1,0
2025-12-06 15:00:00,467,15.0,1629.0,1264.9373983739838,473.0,12.0,12.0,3.0,8.0,6.0,1.0,18.0,11.1,2.0,1261.0,0,5,1,0,15,0,1,0,1,0
2025-12-06 16:00:00,468,16.0,1304.0,1546.8884146341463,282.0,10.0,13.0,3.0,9.0,6.0,1.0,17.4,9.3,2.0,1295.0,0,5,1,0,16,0,1,0,1,0
2025-12-06 17:00:00,469,17.0,1815.0,1505.8107723577236,-41.0,7.0,13.0,4.0,13.0,4.0,0.0,16.3,7.4,2.0,1253.0,0,5,1,0,17,0,1,0,1,0
2025-12-06 18:00:00,470,21.0,2105.0,1719.274593495935,213.0,11.0,15.0,6.0,15.0,4.0,2.0,13.1,7.4,2.0,1298.0,0,5,1,0,18,0,1,0,1,0
2025-12-06 19:00:00,471,17.0,1181.0,1726.0384146341464,7.0,10.0,11.0,6.0,12.0,3.0,2.0,13.0,7.4,2.0,1426.0,0,5,1,0,19,0,0,1,1,0
2025-12-06 20:00:00,472,9.0,557.0,1058.1231707317072,-668.0,4.0,6.0,3.0,6.0,3.0,0.0,12.8,9.3,2.0,1470.0,0,5,1,0,20,0,0,1,1,0
2025-12-06 21:00:00,473,3.0,0.0,205.16463414634143,-853.0,1.0,3.0,0.0,1.0,2.0,0.0,12.5,11.1,2.0,1294.0,0,5,1,0,21,0,0,1,1,0
2025-12-06 22:00:00,474,0.0,0.0,0.0,0.0,0.0,0.0,0.0,0.0,0.0,0.0,12.5,11.1,2.0,0.0,1,5,1,0,22,0,0,1,0,0
2025-12-06 23:00:00,475,0.0,0.0,0.0,0.0,0.0,0.0,0.0,0.0,0.0,0.0,12.5,11.1,2.0,0.0,1,5,1,0,23,0,0,1,0,0
2025-12-07 00:00:00,476,0.0,0.0,0.0,0.0,0.0,0.0,0.0,0.0,0.0,0.0,12.5,11.1,2.0,0.0,1,6,1,0,0,0,0,1,0,0
2025-12-07 01:00:00,477,0.0,0.0,0.0,0.0,0.0,0.0,0.0,0.0,0.0,0.0,12.5,11.1,2.0,0.0,1,6,1,0,1,0,0,1,0,0
2025-12-07 02:00:00,478,0.0,0.0,0.0,0.0,0.0,0.0,0.0,0.0,0.0,0.0,12.5,11.1,2.0,0.0,1,6,1,0,2,0,0,1,0,0
2025-12-07 03:00:00,479,0.0,0.0,0.0,0.0,0.0,0.0,0.0,0.0,0.0,0.0,12.5,11.1,2.0,0.0,1,6,1,0,3,0,0,1,0,0
2025-12-07 04:00:00,480,8.0,1404.0,765.2,560.0,7.0,7.0,1.0,7.0,1.0,0.0,10.0,14.8,2.0,1163.0,0,6,1,0,4,1,0,0,0,1
2025-12-07 05:00:00,481,14.0,917.0,924.480487804878,159.0,10.0,13.0,1.0,9.0,4.0,1.0,10.0,14.8,2.0,1066.0,0,6,1,0,5,1,0,0,0,1
2025-12-07 06:00:00,482,11.0,810.0,1030.5235772357723,106.0,4.0,10.0,1.0,6.0,3.0,2.0,12.4,14.8,2.0,952.0,0,6,1,0,6,1,0,0,0,1
2025-12-07 07:00:00,483,22.0,3134.0,1956.407723577236,926.0,11.0,19.0,3.0,17.0,2.0,3.0,12.4,14.8,2.0,990.0,0,6,1,0,7,1,0,0,0,1
2025-12-07 08:00:00,484,30.0,2436.0,2858.3552845528457,902.0,18.0,25.0,5.0,20.0,8.0,2.0,12.6,14.8,2.0,1290.0,0,6,1,0,8,1,0,0,0,1
2025-12-07 09:00:00,485,21.0,1324.0,1763.315243902439,-1095.0,10.0,16.0,5.0,12.0,8.0,1.0,13.4,14.8,2.0,1550.0,0,6,1,0,9,1,0,0,0,1
2025-12-07 10:00:00,486,17.0,1617.0,1446.8162601626016,-316.0,9.0,15.0,2.0,9.0,5.0,3.0,14.6,13.0,2.0,1663.0,0,6,1,0,10,1,0,0,0,1
2025-12-07 11:00:00,487,18.0,1636.0,1802.3341463414636,356.0,11.0,15.0,3.0,9.0,6.0,3.0,16.3,13.0,2.0,1810.0,0,6,1,0,11,1,0,0,0,1
2025-12-07 12:00:00,488,21.0,2016.0,1868.7951219512197,66.0,8.0,18.0,3.0,13.0,6.0,2.0,17.6,13.0,2.0,1949.0,0,6,1,0,12,0,1,0,0,1
2025-12-07 13:00:00,489,20.0,1457.0,1631.914837398374,-237.0,8.0,20.0,0.0,15.0,4.0,1.0,18.6,14.8,2.0,1895.0,0,6,1,0,13,0,1,0,0,1
2025-12-07 14:00:00,490,13.0,871.0,1169.4965447154473,-462.0,8.0,13.0,0.0,10.0,3.0,0.0,18.7,16.7,2.0,1614.0,0,6,1,0,14,0,1,0,0,1
2025-12-07 15:00:00,491,12.0,1243.0,1094.4506097560975,-75.0,9.0,11.0,1.0,7.0,4.0,1.0,18.4,14.8,2.0,1502.0,0,6,1,0,15,0,1,0,0,1
2025-12-07 16:00:00,492,20.0,2237.0,1699.583536585366,605.0,10.0,17.0,3.0,12.0,5.0,3.0,17.8,13.0,2.0,1544.0,0,6,1,0,16,0,1,0,0,1
2025-12-07 17:00:00,493,26.0,2467.0,2324.939024390244,625.0,10.0,21.0,5.0,15.0,9.0,2.0,16.5,9.3,2.0,1632.0,0,6,1,0,17,0,1,0,0,1
2025-12-07 18:00:00,494,31.0,3401.0,2659.5266260162603,335.0,10.0,23.0,8.0,20.0,10.0,1.0,15.5,9.3,2.0,1763.0,0,6,1,0,18,0,1,0,0,1
2025-12-07 19:00:00,495,32.0,2645.0,2980.0459349593493,321.0,9.0,26.0,6.0,21.0,9.0,2.0,14.5,9.3,1.0,1988.0,0,6,1,0,19,0,0,1,0,1
2025-12-07 20:00:00,496,17.0,636.0,1618.4439024390244,-1362.0,5.0,16.0,1.0,10.0,6.0,1.0,13.5,11.1,1.0,2063.0,0,6,1,0,20,0,0,1,0,1
2025-12-07 21:00:00,497,4.0,181.0,608.1119918699187,-1010.0,2.0,4.0,0.0,2.0,2.0,0.0,13.1,11.1,1.0,1982.0,0,6,1,0,21,0,0,1,0,1
2025-12-07 22:00:00,498,1.0,0.0,122.28414634146344,-486.0,1.0,1.0,0.0,0.0,1.0,0.0,12.6,13.0,1.0,1719.0,0,6,1,0,22,0,0,1,0,1
