datetime,index,active_flt_2h,tot_pax,real_pax_passport,new_pax_passport,pax_momentum_pas,Group_Ryanair,Ontime_flt,Delayed_flt,EU_flt,INT_flt,NAC_flt,temperatura,v_viento,estado_clima,no_vuelos,weekday_num,is_weekend,is_weekday,is_morning,is_evening,is_night,festivo,Visp_fest
2025-11-17 04:00:00,0,9.0,1590.0,162.375,373.0,0.0,7.0,6.0,3.0,7.0,2.0,0.0,10.5,9.7,1.0,0,0,0,1,1,0,0,0,0
2025-11-17 05:00:00,1,14.0,706.0,147.4719512195122,0.0,-15.0,10.0,11.0,3.0,9.0,2.0,3.0,10.0,10.4,1.0,0,0,0,1,1,0,0,0,0
2025-11-17 06:00:00,2,9.0,709.0,131.8530487804878,0.0,-16.0,5.0,9.0,0.0,6.0,0.0,3.0,9.6,10.4,1.0,0,0,0,1,1,0,0,0,0
2025-11-17 07:00:00,3,21.0,3038.0,458.25,669.0,326.0,7.0,17.0,4.0,15.0,4.0,2.0,9.0,10.4,1.0,0,0,0,1,1,0,0,0,0
2025-11-17 08:00:00,4,32.0,2819.0,817.1542682926829,1074.0,359.0,12.0,21.0,11.0,20.0,10.0,2.0,9.9,10.1,1.0,0,0,0,1,1,0,0,0,0
2025-11-17 09:00:00,5,24.0,1589.0,920.9676829268292,698.0,104.0,11.0,16.0,8.0,14.0,10.0,0.0,12.5,7.6,1.0,0,0,0,1,1,0,0,0,0
2025-11-17 10:00:00,6,18.0,1602.0,619.4329268292682,536.0,-302.0,8.0,14.0,4.0,10.0,7.0,1.0,15.1,6.1,1.0,0,0,0,1,1,0,0,0,0
2025-11-17 11:00:00,7,23.0,2378.0,550.6262195121951,1033.0,-69.0,9.0,14.0,9.0,13.0,9.0,1.0,16.6,6.8,3.0,0,0,0,1,1,0,0,0,0
2025-11-17 12:00:00,8,23.0,1586.0,662.2859756097561,180.0,112.0,6.0,12.0,11.0,15.0,7.0,1.0,17.2,7.6,3.0,0,0,0,1,0,1,0,0,0
2025-11-17 13:00:00,9,14.0,984.0,483.6182926829269,576.0,-179.0,3.0,8.0,6.0,9.0,4.0,1.0,17.4,7.2,1.0,0,0,0,1,0,1,0,0,0
2025-11-17 14:00:00,10,13.0,1448.0,485.494512195122,365.0,2.0,8.0,10.0,3.0,7.0,5.0,1.0,17.0,7.9,1.0,0,0,0,1,0,1,0,0,0
2025-11-17 15:00:00,11,20.0,2137.0,455.29024390243904,556.0,-30.0,11.0,16.0,4.0,13.0,5.0,2.0,15.9,8.3,3.0,0,0,0,1,0,1,0,0,0
2025-11-17 16:00:00,12,17.0,841.0,250.8548780487805,0.0,-204.0,8.0,13.0,4.0,12.0,3.0,2.0,14.5,7.2,3.0,0,0,0,1,0,1,0,0,0
2025-11-17 17:00:00,13,17.0,2245.0,548.975,902.0,298.0,9.0,14.0,3.0,10.0,5.0,2.0,12.8,6.5,3.0,0,0,0,1,0,1,0,0,0
2025-11-17 18:00:00,14,31.0,3463.0,849.2006097560976,708.0,300.0,15.0,26.0,5.0,20.0,9.0,2.0,12.3,4.7,3.0,0,0,0,1,0,1,0,0,0
2025-11-17 19:00:00,15,34.0,2812.0,747.1073170731707,1108.0,-102.0,17.0,24.0,10.0,22.0,10.0,2.0,11.2,6.5,2.0,0,0,0,1,0,1,0,0,0
2025-11-17 20:00:00,16,17.0,398.0,489.0378048780488,218.0,-258.0,9.0,11.0,6.0,9.0,7.0,1.0,10.3,6.1,1.0,0,0,0,1,0,0,1,0,0
2025-11-17 21:00:00,17,2.0,0.0,151.7048780487805,0.0,-337.0,1.0,2.0,0.0,1.0,1.0,0.0,9.9,7.2,1.0,0,0,0,1,0,0,1,0,0
2025-11-17 22:00:00,18,0.0,0.0,0.0,0.0,0.0,0.0,0.0,0.0,0.0,0.0,0.0,9.9,7.2,1.0,1,0,0,1,0,0,1,0,0
2025-11-17 23:00:00,19,0.0,0.0,0.0,0.0,0.0,0.0,0.0,0.0,0.0,0.0,0.0,9.9,7.2,1.0,1,0,0,1,0,0,1,0,0
2025-11-18 00:00:00,20,0.0,0.0,0.0,0.0,0.0,0.0,0.0,0.0,0.0,0.0,0.0,9.9,7.2,1.0,1,1,0,1,0,0,1,0,0
2025-11-18 01:00:00,21,0.0,0.0,0.0,0.0,0.0,0.0,0.0,0.0,0.0,0.0,0.0,9.9,7.2,1.0,1,1,0,1,0,0,1,0,0
2025-11-18 02:00:00,22,0.0,0.0,0.0,0.0,0.0,0.0,0.0,0.0,0.0,0.0,0.0,9.9,7.2,1.0,1,1,0,1,0,0,1,0,0
2025-11-18 03:00:00,23,0.0,0.0,0.0,0.0,0.0,0.0,0.0,0.0,0.0,0.0,0.0,9.9,7.2,1.0,1,1,0,1,0,0,1,0,0
2025-11-18 04:00:00,24,4.0,698.0,92.4,176.0,-59.0,3.0,4.0,0.0,3.0,1.0,0.0,8.0,0.0,1.0,0,1,0,1,1,0,0,0,0
2025-11-18 05:00:00,25,8.0,697.0,44.0,0.0,-48.0,6.0,8.0,0.0,7.0,1.0,0.0,7.0,1.0,2.0,0,1,0,1,1,0,0,0,0
2025-11-18 06:00:00,26,6.0,362.0,66.775,0.0,23.0,4.0,6.0,0.0,6.0,0.0,0.0,8.0,0.0,1.0,0,1,0,1,1,0,0,0,0
2025-11-18 07:00:00,27,14.0,2350.0,247.0,460.0,180.0,3.0,13.0,1.0,11.0,3.0,0.0,9.0,4.0,1.0,0,1,0,1,1,0,0,0,0
2025-11-18 08:00:00,28,17.0,971.0,345.3737804878049,370.0,98.0,5.0,16.0,1.0,12.0,5.0,0.0,11.0,3.0,2.0,0,1,0,1,1,0,0,0,0
2025-11-18 09:00:00,29,8.0,492.0,276.4987804878049,167.0,-69.0,4.0,8.0,0.0,5.0,3.0,0.0,11.0,9.0,2.0,0,1,0,1,1,0,0,0,0
2025-11-18 10:00:00,30,9.0,1130.0,254.17195121951215,420.0,-22.0,4.0,8.0,1.0,6.0,3.0,0.0,12.0,9.0,1.0,0,1,0,1,1,0,0,0,0
2025-11-18 11:00:00,31,9.0,531.0,407.2890243902439,184.0,153.0,3.0,7.0,2.0,6.0,3.0,0.0,13.0,5.0,1.0,0,1,0,1,1,0,0,0,0
2025-11-18 12:00:00,32,7.0,743.0,367.8548780487805,556.0,-39.0,2.0,3.0,4.0,3.0,4.0,0.0,14.0,8.0,1.0,0,1,0,1,0,1,0,0,0
2025-11-18 13:00:00,33,4.0,0.0,215.4658536585366,0.0,-152.0,2.0,1.0,3.0,1.0,3.0,0.0,14.0,11.0,1.0,0,1,0,1,0,1,0,0,0
2025-11-18 14:00:00,34,2.0,374.0,108.87073170731708,189.0,-107.0,2.0,2.0,0.0,1.0,1.0,0.0,14.0,11.0,1.0,0,1,0,1,0,1,0,0,0
2025-11-18 15:00:00,35,5.0,560.0,56.23902439024391,0.0,-53.0,4.0,5.0,0.0,3.0,1.0,1.0,14.0,10.0,1.0,0,1,0,1,0,1,0,0,0
2025-11-18 16:00:00,36,9.0,1116.0,44.1609756097561,0.0,-12.0,6.0,9.0,0.0,8.0,0.0,1.0,13.0,8.0,1.0,0,1,0,1,0,1,0,0,0
2025-11-18 17:00:00,37,12.0,1142.0,194.0,336.0,150.0,5.0,12.0,0.0,10.0,2.0,0.0,12.0,8.0,1.0,0,1,0,1,0,1,0,0,0
2025-11-18 18:00:00,38,10.0,705.0,276.59207317073174,165.0,83.0,2.0,9.0,1.0,7.0,3.0,0.0,11.2,7.6,1.0,0,1,0,1,0,1,0,0,0
2025-11-18 19:00:00,39,7.0,587.0,126.9579268292683,187.0,-150.0,2.0,6.0,1.0,5.0,2.0,0.0,10.6,5.4,17.0,0,1,0,1,0,1,0,0,0
2025-11-18 20:00:00,40,4.0,181.0,46.75,0.0,-80.0,2.0,4.0,0.0,3.0,1.0,0.0,9.7,6.8,3.0,0,1,0,1,0,0,1,0,0
2025-11-18 21:00:00,41,1.0,0.0,0.0,0.0,0.0,1.0,1.0,0.0,1.0,0.0,0.0,8.7,6.5,3.0,0,1,0,1,0,0,1,0,0
2025-11-18 22:00:00,42,0.0,0.0,0.0,0.0,0.0,0.0,0.0,0.0,0.0,0.0,0.0,8.7,6.5,3.0,1,1,0,1,0,0,1,0,0
2025-11-18 23:00:00,43,0.0,0.0,0.0,0.0,0.0,0.0,0.0,0.0,0.0,0.0,0.0,8.7,6.5,3.0,1,1,0,1,0,0,1,0,0
2025-11-19 00:00:00,44,0.0,0.0,0.0,0.0,0.0,0.0,0.0,0.0,0.0,0.0,0.0,8.7,6.5,3.0,1,2,0,1,0,0,1,0,0
2025-11-19 01:00:00,45,0.0,0.0,0.0,0.0,0.0,0.0,0.0,0.0,0.0,0.0,0.0,8.7,6.5,3.0,1,2,0,1,0,0,1,0,0
2025-11-19 02:00:00,46,0.0,0.0,0.0,0.0,0.0,0.0,0.0,0.0,0.0,0.0,0.0,8.7,6.5,3.0,1,2,0,1,0,0,1,0,0
2025-11-19 03:00:00,47,0.0,0.0,0.0,0.0,0.0,0.0,0.0,0.0,0.0,0.0,0.0,8.7,6.5,3.0,1,2,0,1,0,0,1,0,0
2025-11-19 04:00:00,48,8.0,1321.0,270.9,516.0,0.0,7.0,8.0,0.0,3.0,3.0,2.0,4.0,2.0,2.0,0,2,0,1,1,0,0,0,0
2025-11-19 05:00:00,49,9.0,151.0,122.28780487804876,0.0,-149.0,7.0,9.0,0.0,4.0,3.0,2.0,3.0,1.0,1.0,0,2,0,1,1,0,0,0,0
2025-11-19 06:00:00,50,2.0,175.0,26.962195121951225,0.0,-95.0,0.0,2.0,0.0,2.0,0.0,0.0,5.0,3.0,1.0,0,2,0,1,1,0,0,0,0
2025-11-19 07:00:00,51,11.0,1887.0,140.175,162.0,113.0,4.0,8.0,3.0,10.0,1.0,0.0,5.0,7.0,1.0,0,2,0,1,1,0,0,0,0
2025-11-19 08:00:00,52,19.0,1634.0,365.4530487804878,675.0,225.0,7.0,13.0,6.0,14.0,5.0,0.0,7.0,6.0,1.0,0,2,0,1,1,0,0,0,0
2025-11-19 09:00:00,53,12.0,545.0,390.0054878048781,167.0,25.0,5.0,9.0,3.0,7.0,5.0,0.0,9.0,11.0,2.0,0,2,0,1,1,0,0,0,0
2025-11-19 10:00:00,54,5.0,412.0,303.1359756097561,227.0,-87.0,3.0,4.0,1.0,3.0,2.0,0.0,9.0,8.0,3.0,0,2,0,1,1,0,0,0,0
2025-11-19 11:00:00,55,9.0,1157.0,399.91036585365856,516.0,97.0,3.0,4.0,5.0,5.0,4.0,0.0,10.0,11.0,3.0,0,2,0,1,1,0,0,0,0
2025-11-19 12:00:00,56,9.0,354.0,213.42195121951215,171.0,-186.0,2.0,5.0,4.0,5.0,4.0,0.0,11.0,11.0,3.0,0,2,0,1,0,1,0,0,0
2025-11-19 13:00:00,57,7.0,906.0,168.85426829268292,209.0,-45.0,2.0,4.0,3.0,5.0,2.0,0.0,12.0,11.0,2.0,0,2,0,1,0,1,0,0,0
2025-11-19 14:00:00,58,9.0,738.0,163.615243902439,0.0,-5.0,5.0,6.0,3.0,8.0,1.0,0.0,11.0,15.0,1.0,0,2,0,1,0,1,0,0,0
2025-11-19 15:00:00,59,7.0,813.0,132.42865853658537,227.0,-31.0,4.0,7.0,0.0,5.0,1.0,1.0,11.0,9.0,1.0,0,2,0,1,0,1,0,0,0
2025-11-19 16:00:00,60,6.0,499.0,169.375,0.0,37.0,2.0,6.0,0.0,4.0,1.0,1.0,9.9,13.7,3.0,0,2,0,1,0,1,0,0,0
2025-11-19 17:00:00,61,15.0,2243.0,367.55,536.0,198.0,7.0,11.0,4.0,10.0,3.0,2.0,8.2,12.6,2.0,0,2,0,1,0,1,0,0,0
2025-11-19 18:00:00,62,21.0,1696.0,448.6774390243903,719.0,81.0,8.0,13.0,8.0,12.0,7.0,2.0,7.4,10.1,2.0,0,2,0,1,0,1,0,0,0
2025-11-19 19:00:00,63,12.0,571.0,349.66219512195124,0.0,-99.0,2.0,6.0,6.0,8.0,4.0,0.0,6.8,10.8,3.0,0,2,0,1,0,1,0,0,0
2025-11-19 20:00:00,64,4.0,180.0,129.48536585365855,180.0,-220.0,1.0,2.0,2.0,3.0,1.0,0.0,6.1,9.4,3.0,0,2,0,1,0,0,1,0,0
2025-11-19 21:00:00,65,1.0,0.0,27.0,0.0,-102.0,1.0,1.0,0.0,0.0,1.0,0.0,5.1,7.6,2.0,0,2,0,1,0,0,1,0,0
2025-11-19 22:00:00,66,0.0,0.0,0.0,0.0,0.0,0.0,0.0,0.0,0.0,0.0,0.0,5.1,7.6,2.0,1,2,0,1,0,0,1,0,0
2025-11-19 23:00:00,67,0.0,0.0,0.0,0.0,0.0,0.0,0.0,0.0,0.0,0.0,0.0,5.1,7.6,2.0,1,2,0,1,0,0,1,0,0
2025-11-20 00:00:00,68,0.0,0.0,0.0,0.0,0.0,0.0,0.0,0.0,0.0,0.0,0.0,5.1,7.6,2.0,1,3,0,1,0,0,1,0,0
2025-11-20 01:00:00,69,0.0,0.0,0.0,0.0,0.0,0.0,0.0,0.0,0.0,0.0,0.0,5.1,7.6,2.0,1,3,0,1,0,0,1,0,0
2025-11-20 02:00:00,70,0.0,0.0,0.0,0.0,0.0,0.0,0.0,0.0,0.0,0.0,0.0,5.1,7.6,2.0,1,3,0,1,0,0,1,0,0
2025-11-20 03:00:00,71,0.0,0.0,0.0,0.0,0.0,0.0,0.0,0.0,0.0,0.0,0.0,5.1,7.6,2.0,1,3,0,1,0,0,1,0,0
2025-11-20 04:00:00,72,7.0,1143.0,205.875,366.0,179.0,5.0,7.0,0.0,4.0,2.0,1.0,6.0,24.0,1.0,0,3,0,1,1,0,0,0,0
2025-11-20 05:00:00,73,13.0,985.0,64.05,0.0,-142.0,8.0,12.0,1.0,9.0,2.0,2.0,5.0,22.0,2.0,0,3,0,1,1,0,0,0,0
2025-11-20 06:00:00,74,10.0,727.0,54.4,0.0,-10.0,7.0,8.0,2.0,9.0,0.0,1.0,6.0,22.0,2.0,0,3,0,1,1,0,0,0,0
2025-11-20 07:00:00,75,14.0,2000.0,196.375,295.0,142.0,7.0,5.0,9.0,12.0,2.0,0.0,5.9,21.0,2.0,0,3,0,1,1,0,0,0,0
2025-11-20 08:00:00,76,20.0,1953.0,490.2121951219512,534.0,294.0,7.0,7.0,13.0,14.0,5.0,1.0,6.0,22.0,2.0,0,3,0,1,1,0,0,0,0
2025-11-20 09:00:00,77,18.0,1434.0,762.1981707317074,883.0,272.0,9.0,10.0,8.0,8.0,8.0,2.0,7.0,24.0,2.0,0,3,0,1,1,0,0,0,0
2025-11-20 10:00:00,78,14.0,1112.0,512.6981707317074,586.0,-250.0,7.0,10.0,4.0,5.0,8.0,1.0,8.0,20.0,2.0,0,3,0,1,1,0,0,0,0
2025-11-20 11:00:00,79,17.0,1876.0,561.569512195122,376.0,49.0,7.0,11.0,6.0,12.0,5.0,0.0,9.0,22.0,3.0,0,3,0,1,1,0,0,0,0
2025-11-20 12:00:00,80,20.0,1612.0,658.7213414634147,780.0,97.0,6.0,13.0,7.0,14.0,6.0,0.0,11.0,24.0,3.0,0,3,0,1,0,1,0,0,0
2025-11-20 13:00:00,81,12.0,599.0,393.8634146341464,180.0,-265.0,3.0,10.0,2.0,7.0,5.0,0.0,12.3,21.0,3.0,0,3,0,1,0,1,0,0,0
2025-11-20 14:00:00,82,10.0,1240.0,119.76219512195122,193.0,-274.0,6.0,10.0,0.0,6.0,2.0,2.0,13.0,7.0,3.0,0,3,0,1,0,1,0,0,0
2025-11-20 15:00:00,83,13.0,1053.0,113.6469512195122,0.0,-6.0,7.0,13.0,0.0,10.0,1.0,2.0,13.0,9.0,2.0,0,3,0,1,0,1,0,0,0
2025-11-20 16:00:00,84,15.0,1621.0,221.9030487804878,368.0,108.0,8.0,15.0,0.0,13.0,2.0,0.0,13.0,7.0,2.0,0,3,0,1,0,1,0,0,0
2025-11-20 17:00:00,85,22.0,2342.0,465.3798780487805,681.0,243.0,10.0,22.0,0.0,15.0,6.0,1.0,13.0,4.0,1.0,0,3,0,1,0,1,0,0,0
2025-11-20 18:00:00,86,23.0,1875.0,582.4060975609756,569.0,117.0,7.0,23.0,0.0,15.0,7.0,1.0,13.0,4.0,2.0,0,3,0,1,0,1,0,0,0
2025-11-20 19:00:00,87,19.0,1699.0,487.2317073170732,167.0,-95.0,6.0,19.0,0.0,15.0,4.0,0.0,10.3,11.0,2.0,0,3,0,1,0,1,0,0,0
2025-11-20 20:00:00,88,11.0,445.0,268.18231707317074,445.0,-219.0,4.0,11.0,0.0,8.0,3.0,0.0,9.0,9.0,2.0,0,3,0,1,0,0,1,0,0
2025-11-20 21:00:00,89,2.0,0.0,154.0548780487805,0.0,-114.0,0.0,2.0,0.0,0.0,2.0,0.0,8.0,7.0,2.0,0,3,0,1,0,0,1,0,0
2025-11-20 22:00:00,90,0.0,0.0,0.0,0.0,0.0,0.0,0.0,0.0,0.0,0.0,0.0,8.0,7.0,2.0,1,3,0,1,0,0,1,0,0
2025-11-20 23:00:00,91,0.0,0.0,0.0,0.0,0.0,0.0,0.0,0.0,0.0,0.0,0.0,8.0,7.0,2.0,1,3,0,1,0,0,1,0,0
2025-11-21 00:00:00,92,0.0,0.0,0.0,0.0,0.0,0.0,0.0,0.0,0.0,0.0,0.0,8.0,7.0,2.0,1,4,0,1,0,0,1,0,0
2025-11-21 01:00:00,93,0.0,0.0,0.0,0.0,0.0,0.0,0.0,0.0,0.0,0.0,0.0,8.0,7.0,2.0,1,4,0,1,0,0,1,0,0
2025-11-21 02:00:00,94,0.0,0.0,0.0,0.0,0.0,0.0,0.0,0.0,0.0,0.0,0.0,8.0,7.0,2.0,1,4,0,1,0,0,1,0,0
2025-11-21 03:00:00,95,0.0,0.0,0.0,0.0,0.0,0.0,0.0,0.0,0.0,0.0,0.0,8.0,7.0,2.0,1,4,0,1,0,0,1,0,0
2025-11-21 04:00:00,96,7.0,1245.0,100.65,183.0,-53.0,6.0,7.0,0.0,6.0,1.0,0.0,5.3,16.7,2.0,0,4,0,1,1,0,0,0,0
2025-11-21 05:00:00,97,10.0,421.0,133.0,0.0,32.0,7.0,10.0,0.0,8.0,1.0,1.0,5.1,16.7,2.0,0,4,0,1,1,0,0,0,0
2025-11-21 06:00:00,98,9.0,1046.0,292.90000000000003,350.0,160.0,5.0,8.0,1.0,6.0,2.0,1.0,4.8,16.7,2.0,0,4,0,1,1,0,0,0,0
2025-11-21 07:00:00,99,22.0,2953.0,615.15,847.0,322.0,9.0,15.0,7.0,13.0,7.0,2.0,5.0,18.5,2.0,0,4,0,1,1,0,0,0,0
2025-11-21 08:00:00,100,30.0,2638.0,1029.9341463414637,1283.0,415.0,10.0,16.0,14.0,16.0,12.0,2.0,5.8,18.5,2.0,0,4,0,1,1,0,0,0,0
2025-11-21 09:00:00,101,26.0,2058.0,778.560975609756,489.0,-251.0,12.0,12.0,14.0,15.0,10.0,1.0,7.2,20.4,2.0,0,4,0,1,1,0,0,0,0
2025-11-21 10:00:00,102,21.0,1678.0,625.5743902439025,720.0,-153.0,11.0,8.0,13.0,13.0,7.0,1.0,8.9,20.4,2.0,0,4,0,1,1,0,0,0,0
2025-11-21 11:00:00,103,16.0,1257.0,562.5469512195122,674.0,-63.0,6.0,6.0,10.0,8.0,8.0,0.0,10.3,22.2,2.0,0,4,0,1,1,0,0,0,0
2025-11-21 12:00:00,104,19.0,2117.0,440.20243902439023,185.0,-122.0,6.0,14.0,5.0,14.0,5.0,0.0,11.5,22.2,2.0,0,4,0,1,0,1,0,0,0
2025-11-21 13:00:00,105,18.0,1132.0,244.4365853658537,209.0,-196.0,7.0,14.0,4.0,13.0,2.0,3.0,12.3,22.2,2.0,0,4,0,1,0,1,0,0,0
2025-11-21 14:00:00,106,15.0,1547.0,266.3658536585366,185.0,22.0,8.0,10.0,5.0,8.0,2.0,5.0,12.7,22.2,2.0,0,4,0,1,0,1,0,0,0
2025-11-21 15:00:00,107,14.0,928.0,218.37865853658536,227.0,-48.0,7.0,11.0,3.0,9.0,2.0,3.0,12.5,22.2,2.0,0,4,0,1,0,1,0,0,0
2025-11-21 16:00:00,108,14.0,1531.0,310.52500000000003,508.0,92.0,6.0,10.0,4.0,9.0,4.0,1.0,11.5,20.4,2.0,0,4,0,1,0,1,0,0,0
2025-11-21 17:00:00,109,23.0,2615.0,582.365243902439,550.0,272.0,10.0,10.0,13.0,17.0,6.0,0.0,10.5,20.4,2.0,0,4,0,1,0,1,0,0,0
2025-11-21 18:00:00,110,33.0,3598.0,945.8207317073172,1087.0,363.0,15.0,11.0,22.0,23.0,9.0,1.0,7.9,18.5,1.0,0,4,0,1,0,1,0,0,0
2025-11-21 19:00:00,111,35.0,2956.0,1077.3329268292682,1473.0,132.0,18.0,16.0,19.0,18.0,14.0,3.0,7.7,18.5,1.0,0,4,0,1,0,1,0,0,0
2025-11-21 20:00:00,112,19.0,636.0,771.6487804878049,218.0,-306.0,10.0,13.0,6.0,7.0,9.0,3.0,7.5,18.5,1.0,0,4,0,1,0,0,1,0,0
2025-11-21 21:00:00,113,4.0,185.0,281.0329268292683,185.0,-491.0,2.0,4.0,0.0,1.0,2.0,1.0,7.2,16.7,1.0,0,4,0,1,0,0,1,0,0
2025-11-21 22:00:00,114,1.0,0.0,50.82439024390244,0.0,-230.0,1.0,1.0,0.0,0.0,1.0,0.0,6.7,16.7,1.0,0,4,0,1,0,0,1,0,0
2025-11-21 23:00:00,115,0.0,0.0,0.0,0.0,0.0,0.0,0.0,0.0,0.0,0.0,0.0,6.7,16.7,1.0,1,4,0,1,0,0,1,0,0
2025-11-22 00:00:00,116,0.0,0.0,0.0,0.0,0.0,0.0,0.0,0.0,0.0,0.0,0.0,6.7,16.7,1.0,1,5,1,0,0,0,1,0,0
2025-11-22 01:00:00,117,0.0,0.0,0.0,0.0,0.0,0.0,0.0,0.0,0.0,0.0,0.0,6.7,16.7,1.0,1,5,1,0,0,0,1,0,0
2025-11-22 02:00:00,118,0.0,0.0,0.0,0.0,0.0,0.0,0.0,0.0,0.0,0.0,0.0,6.7,16.7,1.0,1,5,1,0,0,0,1,0,0
2025-11-22 03:00:00,119,0.0,0.0,0.0,0.0,0.0,0.0,0.0,0.0,0.0,0.0,0.0,6.7,16.7,1.0,1,5,1,0,0,0,1,0,0
2025-11-22 04:00:00,120,6.0,999.0,0.0,0.0,0.0,5.0,4.0,2.0,5.0,0.0,1.0,6.0,19.0,1.0,0,5,1,0,1,0,0,0,0
2025-11-22 05:00:00,121,7.0,151.0,20.0,0.0,0.0,5.0,5.0,2.0,6.0,0.0,1.0,7.0,12.0,1.0,0,5,1,0,1,0,0,0,0
2025-11-22 06:00:00,122,6.0,834.0,157.2,160.0,137.0,4.0,6.0,0.0,4.0,1.0,1.0,6.3,28.0,1.0,0,5,1,0,1,0,0,0,0
2025-11-22 07:00:00,123,19.0,2657.0,484.2310975609756,469.0,327.0,10.0,17.0,2.0,13.0,4.0,2.0,6.0,15.0,1.0,0,5,1,0,1,0,0,0,0
2025-11-22 08:00:00,124,27.0,2397.0,839.6567073170731,1343.0,355.0,11.0,23.0,4.0,15.0,11.0,1.0,6.0,14.0,1.0,0,5,1,0,1,0,0,0,0
2025-11-22 09:00:00,125,18.0,874.0,863.6365853658536,502.0,24.0,8.0,16.0,2.0,7.0,11.0,0.0,9.0,10.0,1.0,0,5,1,0,1,0,0,0,0
2025-11-22 10:00:00,126,10.0,955.0,597.6243902439024,545.0,-266.0,5.0,9.0,1.0,4.0,6.0,0.0,11.0,16.0,1.0,0,5,1,0,1,0,0,0,0
2025-11-22 11:00:00,127,15.0,1812.0,733.215243902439,926.0,136.0,6.0,10.0,5.0,6.0,8.0,1.0,13.0,14.0,1.0,0,5,1,0,1,0,0,0,0
2025-11-22 12:00:00,128,19.0,1662.0,566.4103658536585,419.0,-167.0,11.0,12.0,7.0,10.0,7.0,2.0,13.0,13.0,1.0,0,5,1,0,0,1,0,0,0
2025-11-22 13:00:00,129,11.0,412.0,257.5530487804878,180.0,-309.0,8.0,8.0,3.0,7.0,3.0,1.0,14.1,14.8,1.0,0,5,1,0,0,1,0,0,0
2025-11-22 14:00:00,130,7.0,931.0,318.24329268292684,372.0,61.0,6.0,6.0,1.0,4.0,3.0,0.0,14.4,14.8,2.0,0,5,1,0,0,1,0,0,0
2025-11-22 15:00:00,131,11.0,1115.0,406.744512195122,554.0,89.0,11.0,9.0,2.0,6.0,5.0,0.0,14.0,13.0,2.0,0,5,1,0,0,1,0,0,0
2025-11-22 16:00:00,132,13.0,1340.0,356.6048780487805,189.0,-50.0,9.0,12.0,1.0,9.0,4.0,0.0,12.7,13.0,2.0,0,5,1,0,0,1,0,0,0
2025-11-22 17:00:00,133,14.0,1358.0,374.50975609756097,370.0,18.0,7.0,13.0,1.0,11.0,3.0,0.0,11.2,11.1,2.0,0,5,1,0,0,1,0,0,0
2025-11-22 18:00:00,134,18.0,2137.0,289.5939024390244,464.0,-85.0,11.0,14.0,4.0,12.0,4.0,2.0,9.2,11.1,2.0,0,5,1,0,0,1,0,0,0
2025-11-22 19:00:00,135,18.0,1321.0,361.2719512195122,181.0,72.0,11.0,15.0,3.0,12.0,3.0,3.0,8.6,11.1,2.0,0,5,1,0,0,1,0,0,0
2025-11-22 20:00:00,136,10.0,572.0,336.9615853658537,392.0,-24.0,5.0,9.0,1.0,6.0,3.0,1.0,7.7,11.1,2.0,0,5,1,0,0,0,1,0,0
2025-11-22 21:00:00,137,3.0,0.0,102.54268292682929,0.0,-234.0,1.0,2.0,1.0,1.0,2.0,0.0,7.4,13.0,1.0,0,5,1,0,0,0,1,0,0
2025-11-22 22:00:00,138,0.0,0.0,0.0,0.0,0.0,0.0,0.0,0.0,0.0,0.0,0.0,7.4,13.0,1.0,1,5,1,0,0,0,1,0,0
2025-11-22 23:00:00,139,0.0,0.0,0.0,0.0,0.0,0.0,0.0,0.0,0.0,0.0,0.0,7.4,13.0,1.0,1,5,1,0,0,0,1,0,0
2025-11-23 00:00:00,140,0.0,0.0,0.0,0.0,0.0,0.0,0.0,0.0,0.0,0.0,0.0,7.4,13.0,1.0,1,6,1,0,0,0,1,0,0
2025-11-23 01:00:00,141,0.0,0.0,0.0,0.0,0.0,0.0,0.0,0.0,0.0,0.0,0.0,7.4,13.0,1.0,1,6,1,0,0,0,1,0,0
2025-11-23 02:00:00,142,0.0,0.0,0.0,0.0,0.0,0.0,0.0,0.0,0.0,0.0,0.0,7.4,13.0,1.0,1,6,1,0,0,0,1,0,0
2025-11-23 03:00:00,143,0.0,0.0,0.0,0.0,0.0,0.0,0.0,0.0,0.0,0.0,0.0,7.4,13.0,1.0,1,6,1,0,0,0,1,0,0
2025-11-23 04:00:00,144,7.0,1230.0,123.5,164.0,21.0,6.0,6.0,1.0,6.0,1.0,0.0,6.0,10.0,2.0,0,6,1,0,1,0,0,0,0
2025-11-23 05:00:00,145,11.0,643.0,195.5,282.0,72.0,9.0,10.0,1.0,7.0,3.0,1.0,6.0,10.0,2.0,0,6,1,0,1,0,0,0,0
2025-11-23 06:00:00,146,10.0,1001.0,138.1689024390244,0.0,-57.0,4.0,9.0,1.0,6.0,2.0,2.0,6.3,17.0,2.0,0,6,1,0,1,0,0,0,0
2025-11-23 07:00:00,147,22.0,3016.0,268.8060975609756,227.0,131.0,10.0,16.0,6.0,18.0,1.0,3.0,5.0,8.0,2.0,0,6,1,0,1,0,0,0,0
2025-11-23 08:00:00,148,27.0,2044.0,512.3030487804878,841.0,243.0,17.0,19.0,8.0,19.0,6.0,2.0,7.0,9.0,2.0,0,6,1,0,1,0,0,0,0
2025-11-23 09:00:00,149,17.0,1003.0,385.6585365853658,179.0,-127.0,10.0,13.0,4.0,10.0,6.0,1.0,8.0,8.0,2.0,0,6,1,0,1,0,0,0,0
2025-11-23 10:00:00,150,14.0,1443.0,302.7859756097561,400.0,-83.0,8.0,10.0,4.0,8.0,3.0,3.0,10.0,7.0,1.0,0,6,1,0,1,0,0,0,0
2025-11-23 11:00:00,151,16.0,1454.0,423.2286585365854,336.0,120.0,10.0,12.0,4.0,9.0,4.0,3.0,12.7,13.0,2.0,0,6,1,0,1,0,0,0,0
2025-11-23 12:00:00,152,20.0,2075.0,441.0884146341463,546.0,18.0,8.0,12.0,8.0,13.0,5.0,2.0,14.1,13.0,2.0,0,6,1,0,0,1,0,0,0
2025-11-23 13:00:00,153,20.0,1492.0,262.41646341463417,165.0,-179.0,8.0,10.0,10.0,15.0,4.0,1.0,15.3,13.0,2.0,0,6,1,0,0,1,0,0,0
2025-11-23 14:00:00,154,13.0,880.0,307.9048780487805,359.0,45.0,8.0,8.0,5.0,10.0,3.0,0.0,15.8,14.8,2.0,0,6,1,0,0,1,0,0,0
2025-11-23 15:00:00,155,12.0,1234.0,423.6817073170732,328.0,116.0,9.0,6.0,6.0,7.0,4.0,1.0,15.8,14.8,2.0,0,6,1,0,0,1,0,0,0
2025-11-23 16:00:00,156,20.0,2270.0,385.6073170731708,530.0,-38.0,10.0,11.0,9.0,12.0,5.0,3.0,15.3,13.0,2.0,0,6,1,0,0,1,0,0,0
2025-11-23 17:00:00,157,28.0,2785.0,812.9115853658536,1304.0,427.0,10.0,17.0,11.0,16.0,10.0,2.0,14.5,11.1,2.0,0,6,1,0,0,1,0,0,0
2025-11-23 18:00:00,158,33.0,3373.0,985.4219512195124,720.0,173.0,10.0,19.0,14.0,21.0,11.0,1.0,13.7,11.1,2.0,0,6,1,0,0,1,0,0,0
2025-11-23 19:00:00,159,30.0,2235.0,850.2256097560976,885.0,-135.0,9.0,14.0,16.0,19.0,9.0,2.0,13.4,9.3,2.0,0,6,1,0,0,1,0,0,0
2025-11-23 20:00:00,160,15.0,643.0,524.8420731707317,227.0,-325.0,5.0,7.0,8.0,8.0,6.0,1.0,13.0,9.3,2.0,0,6,1,0,0,0,1,0,0
2025-11-23 21:00:00,161,4.0,166.0,234.45365853658535,166.0,-290.0,2.0,4.0,0.0,2.0,2.0,0.0,12.7,9.3,2.0,0,6,1,0,0,0,1,0,0
2025-11-23 22:00:00,162,1.0,0.0,55.89512195121952,0.0,-179.0,1.0,1.0,0.0,0.0,1.0,0.0,12.5,9.3,2.0,0,6,1,0,0,0,1,0,0
2025-11-23 23:00:00,163,0.0,0.0,0.0,0.0,0.0,0.0,0.0,0.0,0.0,0.0,0.0,12.5,9.3,2.0,1,6,1,0,0,0,1,0,0
2025-11-24 00:00:00,164,0.0,0.0,0.0,0.0,0.0,0.0,0.0,0.0,0.0,0.0,0.0,12.5,9.3,2.0,1,0,0,1,0,0,1,0,0
2025-11-24 01:00:00,165,0.0,0.0,0.0,0.0,0.0,0.0,0.0,0.0,0.0,0.0,0.0,12.5,9.3,2.0,1,0,0,1,0,0,1,0,0
2025-11-24 02:00:00,166,0.0,0.0,0.0,0.0,0.0,0.0,0.0,0.0,0.0,0.0,0.0,12.5,9.3,2.0,1,0,0,1,0,0,1,0,0
2025-11-24 03:00:00,167,0.0,0.0,0.0,0.0,0.0,0.0,0.0,0.0,0.0,0.0,0.0,12.5,9.3,2.0,1,0,0,1,0,0,1,0,0
2025-11-24 04:00:00,168,9.0,1554.0,195.0,476.0,139.0,7.0,8.0,1.0,6.0,3.0,0.0,14.0,2.0,2.0,0,0,0,1,1,0,0,0,0
2025-11-24 05:00:00,169,14.0,757.0,206.66341463414636,0.0,12.0,10.0,13.0,1.0,8.0,3.0,3.0,14.0,4.0,2.0,0,0,0,1,1,0,0,0,0
2025-11-24 06:00:00,170,9.0,713.0,119.58658536585368,0.0,-87.0,5.0,7.0,2.0,6.0,0.0,3.0,15.0,28.0,3.0,0,0,0,1,1,0,0,0,0
2025-11-24 07:00:00,171,21.0,2942.0,413.875,590.0,294.0,7.0,12.0,9.0,15.0,4.0,2.0,14.0,2.0,2.0,0,0,0,1,1,0,0,0,0
2025-11-24 08:00:00,172,31.0,2637.0,795.8042682926829,1072.0,382.0,12.0,20.0,11.0,19.0,10.0,2.0,14.0,9.0,2.0,0,0,0,1,1,0,0,0,0
2025-11-24 09:00:00,173,22.0,1422.0,902.1518292682928,680.0,106.0,11.0,17.0,5.0,12.0,10.0,0.0,15.3,16.7,2.0,0,0,0,1,1,0,0,0,0
2025-11-24 10:00:00,174,17.0,1579.0,618.8774390243902,534.0,-283.0,8.0,14.0,3.0,9.0,7.0,1.0,16.9,22.2,2.0,0,0,0,1,1,0,0,0,0
2025-11-24 11:00:00,175,23.0,2324.0,538.3975609756097,992.0,-80.0,9.0,13.0,10.0,13.0,9.0,1.0,18.1,24.1,2.0,0,0,0,1,1,0,0,0,0
2025-11-24 12:00:00,176,23.0,1535.0,629.9335365853658,180.0,92.0,6.0,11.0,12.0,15.0,7.0,1.0,18.6,29.6,2.0,0,0,0,1,0,1,0,0,0
2025-11-24 13:00:00,177,14.0,934.0,451.52073170731705,515.0,-178.0,3.0,8.0,6.0,9.0,4.0,1.0,19.0,31.5,2.0,0,0,0,1,0,1,0,0,0
2025-11-24 14:00:00,178,13.0,1444.0,489.1109756097561,365.0,38.0,8.0,9.0,4.0,7.0,5.0,1.0,18.6,31.5,2.0,0,0,0,1,0,1,0,0,0
2025-11-24 15:00:00,179,20.0,2148.0,559.675,711.0,71.0,11.0,16.0,4.0,12.0,6.0,2.0,18.1,29.6,2.0,0,0,0,1,0,1,0,0,0
2025-11-24 16:00:00,180,17.0,884.0,396.0609756097561,148.0,-164.0,8.0,15.0,2.0,10.0,5.0,2.0,17.6,25.9,2.0,0,0,0,1,0,1,0,0,0
2025-11-24 17:00:00,181,17.0,2273.0,557.9676829268293,894.0,162.0,9.0,12.0,5.0,9.0,6.0,2.0,17.0,20.4,2.0,0,0,0,1,0,1,0,0,0
2025-11-24 18:00:00,182,30.0,3355.0,800.9463414634147,588.0,243.0,15.0,16.0,14.0,20.0,8.0,2.0,16.5,18.5,2.0,0,0,0,1,0,1,0,0,0
2025-11-24 19:00:00,183,33.0,2693.0,722.1256097560976,1178.0,-79.0,17.0,13.0,20.0,21.0,10.0,2.0,16.0,18.5,2.0,0,0,0,1,0,1,0,0,0
2025-11-24 20:00:00,184,17.0,391.0,524.3701219512195,227.0,-198.0,9.0,6.0,11.0,8.0,8.0,1.0,15.6,16.7,2.0,0,0,0,1,0,0,1,0,0
2025-11-24 21:00:00,185,2.0,0.0,161.3378048780488,0.0,-363.0,1.0,2.0,0.0,1.0,1.0,0.0,15.2,16.7,2.0,0,0,0,1,0,0,1,0,0
2025-11-24 22:00:00,186,0.0,0.0,0.0,0.0,0.0,0.0,0.0,0.0,0.0,0.0,0.0,15.2,16.7,2.0,1,0,0,1,0,0,1,0,0
2025-11-24 23:00:00,187,0.0,0.0,0.0,0.0,0.0,0.0,0.0,0.0,0.0,0.0,0.0,15.2,16.7,2.0,1,0,0,1,0,0,1,0,0
2025-11-25 00:00:00,188,0.0,0.0,0.0,0.0,0.0,0.0,0.0,0.0,0.0,0.0,0.0,15.2,16.7,2.0,1,1,0,1,0,0,1,0,0
2025-11-25 01:00:00,189,0.0,0.0,0.0,0.0,0.0,0.0,0.0,0.0,0.0,0.0,0.0,15.2,16.7,2.0,1,1,0,1,0,0,1,0,0
2025-11-25 02:00:00,190,0.0,0.0,0.0,0.0,0.0,0.0,0.0,0.0,0.0,0.0,0.0,15.2,16.7,2.0,1,1,0,1,0,0,1,0,0
2025-11-25 03:00:00,191,0.0,0.0,0.0,0.0,0.0,0.0,0.0,0.0,0.0,0.0,0.0,15.2,16.7,2.0,1,1,0,1,0,0,1,0,0
2025-11-25 04:00:00,192,4.0,552.0,66.22500000000001,83.0,-95.0,3.0,4.0,0.0,3.0,1.0,0.0,12.5,14.8,2.0,0,1,0,1,1,0,0,0,0
2025-11-25 05:00:00,193,9.0,817.0,88.7,151.0,22.0,6.0,9.0,0.0,7.0,2.0,0.0,11.9,14.8,2.0,0,1,0,1,1,0,0,0,0
2025-11-25 06:00:00,194,7.0,364.0,123.12378048780488,0.0,34.0,4.0,6.0,1.0,6.0,1.0,0.0,12.4,14.8,2.0,0,1,0,1,1,0,0,0,0
2025-11-25 07:00:00,195,12.0,1970.0,251.35121951219512,460.0,128.0,3.0,5.0,7.0,9.0,3.0,0.0,12.4,16.7,2.0,0,1,0,1,1,0,0,0,0
2025-11-25 08:00:00,196,15.0,959.0,346.27378048780486,372.0,95.0,5.0,7.0,8.0,10.0,5.0,0.0,12.5,16.7,2.0,0,1,0,1,1,0,0,0,0
2025-11-25 09:00:00,197,8.0,488.0,275.7951219512195,167.0,-70.0,4.0,5.0,3.0,5.0,3.0,0.0,12.8,18.5,2.0,0,1,0,1,1,0,0,0,0
2025-11-25 10:00:00,198,9.0,1110.0,244.22560975609755,398.0,-32.0,4.0,8.0,1.0,6.0,3.0,0.0,13.6,18.5,2.0,0,1,0,1,1,0,0,0,0
2025-11-25 11:00:00,199,8.0,351.0,392.9317073170732,171.0,149.0,3.0,8.0,0.0,5.0,3.0,0.0,14.4,16.7,2.0,0,1,0,1,1,0,0,0,0
2025-11-25 12:00:00,200,6.0,760.0,369.1109756097561,573.0,-24.0,2.0,6.0,0.0,2.0,4.0,0.0,15.2,14.8,2.0,0,1,0,1,0,1,0,0,0
2025-11-25 13:00:00,201,4.0,0.0,223.64634146341464,0.0,-145.0,2.0,4.0,0.0,1.0,3.0,0.0,15.6,13.0,2.0,0,1,0,1,0,1,0,0,0
2025-11-25 14:00:00,202,2.0,386.0,112.84146341463416,197.0,-111.0,2.0,2.0,0.0,1.0,1.0,0.0,15.7,13.0,2.0,0,1,0,1,0,1,0,0,0
2025-11-25 15:00:00,203,5.0,588.0,58.61951219512195,0.0,-54.0,4.0,4.0,1.0,3.0,1.0,1.0,15.5,11.1,2.0,0,1,0,1,0,1,0,0,0
2025-11-25 16:00:00,204,9.0,1101.0,44.18048780487805,0.0,-14.0,6.0,8.0,1.0,8.0,0.0,1.0,14.9,11.1,2.0,0,1,0,1,0,1,0,0,0
2025-11-25 17:00:00,205,12.0,1151.0,194.0,336.0,150.0,5.0,10.0,2.0,10.0,2.0,0.0,14.0,11.1,2.0,0,1,0,1,0,1,0,0,0
2025-11-25 18:00:00,206,10.0,707.0,278.3920731707317,165.0,84.0,2.0,7.0,3.0,7.0,3.0,0.0,11.1,9.3,2.0,0,1,0,1,0,1,0,0,0
2025-11-25 19:00:00,207,7.0,595.0,131.1579268292683,195.0,-147.0,2.0,5.0,2.0,5.0,2.0,0.0,10.1,11.1,2.0,0,1,0,1,0,1,0,0,0
2025-11-25 20:00:00,208,4.0,158.0,48.75,0.0,-82.0,2.0,3.0,1.0,3.0,1.0,0.0,9.9,11.1,2.0,0,1,0,1,0,0,1,0,0
2025-11-25 21:00:00,209,1.0,0.0,0.0,0.0,0.0,1.0,1.0,0.0,1.0,0.0,0.0,9.7,11.1,2.0,0,1,0,1,0,0,1,0,0
2025-11-25 22:00:00,210,0.0,0.0,0.0,0.0,0.0,0.0,0.0,0.0,0.0,0.0,0.0,9.7,11.1,2.0,1,1,0,1,0,0,1,0,0
2025-11-25 23:00:00,211,0.0,0.0,0.0,0.0,0.0,0.0,0.0,0.0,0.0,0.0,0.0,9.7,11.1,2.0,1,1,0,1,0,0,1,0,0
2025-11-26 00:00:00,212,0.0,0.0,0.0,0.0,0.0,0.0,0.0,0.0,0.0,0.0,0.0,9.7,11.1,2.0,1,2,0,1,0,0,1,0,0
2025-11-26 01:00:00,213,0.0,0.0,0.0,0.0,0.0,0.0,0.0,0.0,0.0,0.0,0.0,9.7,11.1,2.0,1,2,0,1,0,0,1,0,0
2025-11-26 02:00:00,214,0.0,0.0,0.0,0.0,0.0,0.0,0.0,0.0,0.0,0.0,0.0,9.7,11.1,2.0,1,2,0,1,0,0,1,0,0
2025-11-26 03:00:00,215,0.0,0.0,0.0,0.0,0.0,0.0,0.0,0.0,0.0,0.0,0.0,9.7,11.1,2.0,1,2,0,1,0,0,1,0,0
2025-11-26 04:00:00,216,9.0,1177.0,294.425,535.0,0.0,7.0,8.0,1.0,3.0,4.0,2.0,8.0,13.0,2.0,0,2,0,1,1,0,0,0,0
2025-11-26 05:00:00,217,11.0,299.0,232.10121951219517,151.0,-62.0,7.0,10.0,1.0,4.0,5.0,2.0,7.7,18.5,2.0,0,2,0,1,1,0,0,0,0
2025-11-26 06:00:00,218,3.0,175.0,75.63048780487804,0.0,-156.0,0.0,3.0,0.0,2.0,1.0,0.0,8.7,18.5,2.0,0,2,0,1,1,0,0,0,0
2025-11-26 07:00:00,219,9.0,1530.0,140.69329268292682,162.0,65.0,3.0,7.0,2.0,8.0,1.0,0.0,8.7,18.5,2.0,0,2,0,1,1,0,0,0,0
2025-11-26 08:00:00,220,17.0,1638.0,366.2030487804878,677.0,226.0,6.0,14.0,3.0,12.0,5.0,0.0,8.9,20.4,2.0,0,2,0,1,1,0,0,0,0
2025-11-26 09:00:00,221,12.0,545.0,390.9786585365854,167.0,25.0,5.0,11.0,1.0,7.0,5.0,0.0,9.6,20.4,2.0,0,2,0,1,1,0,0,0,0
2025-11-26 10:00:00,222,5.0,408.0,306.4628048780488,227.0,-85.0,3.0,4.0,1.0,3.0,2.0,0.0,11.1,20.4,2.0,0,2,0,1,1,0,0,0,0
2025-11-26 11:00:00,223,8.0,948.0,407.3853658536585,528.0,101.0,3.0,7.0,1.0,4.0,4.0,0.0,12.5,18.5,2.0,0,2,0,1,1,0,0,0,0
2025-11-26 12:00:00,224,8.0,363.0,218.7969512195122,180.0,-189.0,2.0,7.0,1.0,4.0,4.0,0.0,13.6,18.5,2.0,0,2,0,1,0,1,0,0,0
2025-11-26 13:00:00,225,8.0,1140.0,173.23353658536584,209.0,-46.0,2.0,5.0,3.0,6.0,2.0,0.0,14.4,18.5,2.0,0,2,0,1,0,1,0,0,0
2025-11-26 14:00:00,226,10.0,725.0,205.1859756097561,0.0,32.0,5.0,7.0,3.0,9.0,1.0,0.0,14.7,16.7,2.0,0,2,0,1,0,1,0,0,0
2025-11-26 15:00:00,227,7.0,801.0,296.4286585365854,637.0,91.0,4.0,6.0,1.0,5.0,2.0,0.0,14.5,16.7,2.0,0,2,0,1,0,1,0,0,0
2025-11-26 16:00:00,228,6.0,500.0,348.975,0.0,53.0,2.0,6.0,0.0,4.0,2.0,0.0,14.0,14.8,2.0,0,2,0,1,0,1,0,0,0
2025-11-26 17:00:00,229,15.0,2179.0,374.675,502.0,26.0,7.0,11.0,4.0,10.0,3.0,2.0,12.6,13.0,2.0,0,2,0,1,0,1,0,0,0
2025-11-26 18:00:00,230,21.0,1715.0,444.6243902439024,748.0,70.0,8.0,14.0,7.0,12.0,7.0,2.0,8.3,11.1,1.0,0,2,0,1,0,1,0,0,0
2025-11-26 19:00:00,231,12.0,571.0,366.3689024390244,0.0,-78.0,2.0,8.0,4.0,8.0,4.0,0.0,7.9,13.0,1.0,0,2,0,1,0,1,0,0,0
2025-11-26 20:00:00,232,4.0,187.0,136.05670731707318,187.0,-230.0,1.0,3.0,1.0,3.0,1.0,0.0,7.7,14.8,1.0,0,2,0,1,0,0,1,0,0
2025-11-26 21:00:00,233,1.0,0.0,28.05,0.0,-108.0,1.0,1.0,0.0,0.0,1.0,0.0,7.6,14.8,1.0,0,2,0,1,0,0,1,0,0
2025-11-26 22:00:00,234,0.0,0.0,0.0,0.0,0.0,0.0,0.0,0.0,0.0,0.0,0.0,7.6,14.8,1.0,1,2,0,1,0,0,1,0,0
2025-11-26 23:00:00,235,0.0,0.0,0.0,0.0,0.0,0.0,0.0,0.0,0.0,0.0,0.0,7.6,14.8,1.0,1,2,0,1,0,0,1,0,0
2025-11-27 00:00:00,236,0.0,0.0,0.0,0.0,0.0,0.0,0.0,0.0,0.0,0.0,0.0,7.6,14.8,1.0,1,3,0,1,0,0,1,0,0
2025-11-27 01:00:00,237,0.0,0.0,0.0,0.0,0.0,0.0,0.0,0.0,0.0,0.0,0.0,7.6,14.8,1.0,1,3,0,1,0,0,1,0,0
2025-11-27 02:00:00,238,0.0,0.0,0.0,0.0,0.0,0.0,0.0,0.0,0.0,0.0,0.0,7.6,14.8,1.0,1,3,0,1,0,0,1,0,0
2025-11-27 03:00:00,239,0.0,0.0,0.0,0.0,0.0,0.0,0.0,0.0,0.0,0.0,0.0,7.6,14.8,1.0,1,3,0,1,0,0,1,0,0
2025-11-27 04:00:00,240,7.0,1052.0,257.725,501.0,230.0,5.0,7.0,0.0,3.0,3.0,1.0,4.9,20.4,1.0,0,3,0,1,1,0,0,0,0
2025-11-27 05:00:00,241,13.0,896.0,128.26951219512196,0.0,-129.0,8.0,13.0,0.0,8.0,3.0,2.0,4.5,20.4,1.0,0,3,0,1,1,0,0,0,0
2025-11-27 06:00:00,242,10.0,703.0,61.980487804878045,0.0,-66.0,7.0,9.0,1.0,9.0,0.0,1.0,6.2,20.4,1.0,0,3,0,1,1,0,0,0,0
2025-11-27 07:00:00,243,14.0,1944.0,195.75,295.0,134.0,7.0,12.0,2.0,12.0,2.0,0.0,6.2,22.2,1.0,0,3,0,1,1,0,0,0,0
2025-11-27 08:00:00,244,20.0,1948.0,458.3371951219512,529.0,263.0,7.0,18.0,2.0,14.0,5.0,1.0,6.4,22.2,1.0,0,3,0,1,1,0,0,0,0
2025-11-27 09:00:00,245,17.0,1222.0,708.1432926829268,691.0,250.0,9.0,13.0,4.0,8.0,7.0,2.0,7.2,22.2,1.0,0,3,0,1,1,0,0,0,0
2025-11-27 10:00:00,246,13.0,1080.0,512.9725609756098,705.0,-195.0,7.0,9.0,4.0,4.0,8.0,1.0,9.0,20.4,1.0,0,3,0,1,1,0,0,0,0
2025-11-27 11:00:00,247,16.0,1723.0,566.7792682926829,368.0,54.0,7.0,13.0,3.0,10.0,6.0,0.0,11.0,16.7,1.0,0,3,0,1,1,0,0,0,0
2025-11-27 12:00:00,248,18.0,1398.0,648.5993902439025,775.0,82.0,6.0,16.0,2.0,12.0,6.0,0.0,12.5,14.8,1.0,0,3,0,1,0,1,0,0,0
2025-11-27 13:00:00,249,11.0,597.0,388.6560975609757,176.0,-260.0,3.0,10.0,1.0,6.0,5.0,0.0,13.6,11.1,1.0,0,3,0,1,0,1,0,0,0
2025-11-27 14:00:00,250,10.0,1220.0,113.96219512195124,181.0,-275.0,6.0,8.0,2.0,6.0,2.0,2.0,13.9,11.1,1.0,0,3,0,1,0,1,0,0,0
2025-11-27 15:00:00,251,13.0,1049.0,109.0939024390244,0.0,-5.0,7.0,11.0,2.0,10.0,1.0,2.0,13.3,11.1,1.0,0,3,0,1,0,1,0,0,0
2025-11-27 16:00:00,252,15.0,1619.0,219.1310975609756,365.0,110.0,8.0,13.0,2.0,13.0,2.0,0.0,12.5,9.3,1.0,0,3,0,1,0,1,0,0,0
2025-11-27 17:00:00,253,21.0,2083.0,457.1182926829269,664.0,238.0,10.0,18.0,3.0,14.0,6.0,1.0,11.5,7.4,1.0,0,3,0,1,0,1,0,0,0
2025-11-27 18:00:00,254,21.0,1613.0,574.1731707317073,569.0,117.0,7.0,18.0,3.0,13.0,7.0,1.0,10.0,7.4,1.0,0,3,0,1,0,1,0,0,0
2025-11-27 19:00:00,255,18.0,1683.0,487.8262195121951,167.0,-86.0,6.0,15.0,3.0,14.0,4.0,0.0,8.9,9.3,1.0,0,3,0,1,0,1,0,0,0
2025-11-27 20:00:00,256,11.0,445.0,269.7573170731707,445.0,-218.0,4.0,8.0,3.0,8.0,3.0,0.0,8.0,11.1,1.0,0,3,0,1,0,0,1,0,0
2025-11-27 21:00:00,257,2.0,0.0,151.47560975609758,0.0,-118.0,0.0,1.0,1.0,0.0,2.0,0.0,7.9,14.8,1.0,0,3,0,1,0,0,1,0,0
2025-11-27 22:00:00,258,0.0,0.0,0.0,0.0,0.0,0.0,0.0,0.0,0.0,0.0,0.0,7.9,14.8,1.0,1,3,0,1,0,0,1,0,0
2025-11-27 23:00:00,259,0.0,0.0,0.0,0.0,0.0,0.0,0.0,0.0,0.0,0.0,0.0,7.9,14.8,1.0,1,3,0,1,0,0,1,0,0
2025-11-28 00:00:00,260,0.0,0.0,0.0,0.0,0.0,0.0,0.0,0.0,0.0,0.0,0.0,7.9,14.8,1.0,1,4,0,1,0,0,1,0,0
2025-11-28 01:00:00,261,0.0,0.0,0.0,0.0,0.0,0.0,0.0,0.0,0.0,0.0,0.0,7.9,14.8,1.0,1,4,0,1,0,0,1,0,0
2025-11-28 02:00:00,262,0.0,0.0,0.0,0.0,0.0,0.0,0.0,0.0,0.0,0.0,0.0,7.9,14.8,1.0,1,4,0,1,0,0,1,0,0
2025-11-28 03:00:00,263,0.0,0.0,0.0,0.0,0.0,0.0,0.0,0.0,0.0,0.0,0.0,7.9,14.8,1.0,1,4,0,1,0,0,1,0,0
2025-11-28 04:00:00,264,7.0,1150.0,129.2,180.0,-22.0,6.0,5.0,2.0,6.0,1.0,0.0,5.3,20.4,1.0,0,4,0,1,1,0,0,0,0
2025-11-28 05:00:00,265,10.0,373.0,204.9,151.0,76.0,7.0,8.0,2.0,7.0,2.0,1.0,5.1,22.2,2.0,0,4,0,1,1,0,0,0,0
2025-11-28 06:00:00,266,9.0,1040.0,331.5317073170732,339.0,127.0,5.0,8.0,1.0,5.0,3.0,1.0,8.0,22.2,2.0,0,4,0,1,1,0,0,0,0
2025-11-28 07:00:00,267,22.0,2956.0,612.6682926829269,847.0,281.0,9.0,15.0,7.0,13.0,7.0,2.0,8.1,22.2,2.0,0,4,0,1,1,0,0,0,0
2025-11-28 08:00:00,268,30.0,2619.0,1023.0841463414636,1264.0,410.0,10.0,20.0,10.0,16.0,12.0,2.0,8.3,22.2,2.0,0,4,0,1,1,0,0,0,0
2025-11-28 09:00:00,269,25.0,1890.0,716.3097560975609,489.0,-307.0,11.0,20.0,5.0,14.0,10.0,1.0,9.1,20.4,2.0,0,4,0,1,1,0,0,0,0
2025-11-28 10:00:00,270,19.0,1512.0,520.1256097560976,552.0,-196.0,10.0,13.0,6.0,12.0,6.0,1.0,10.4,18.5,2.0,0,4,0,1,1,0,0,0,0
2025-11-28 11:00:00,271,16.0,1434.0,543.6573170731707,660.0,24.0,6.0,8.0,8.0,9.0,7.0,0.0,12.7,14.8,2.0,0,4,0,1,1,0,0,0,0
2025-11-28 12:00:00,272,19.0,1894.0,430.1506097560976,174.0,-114.0,6.0,14.0,5.0,14.0,5.0,0.0,14.6,13.0,2.0,0,4,0,1,0,1,0,0,0
2025-11-28 13:00:00,273,17.0,1149.0,243.68231707317076,227.0,-186.0,7.0,13.0,4.0,13.0,2.0,2.0,15.7,13.0,2.0,0,4,0,1,0,1,0,0,0
2025-11-28 14:00:00,274,15.0,1559.0,270.6701219512195,178.0,27.0,8.0,11.0,4.0,9.0,2.0,4.0,16.1,14.8,2.0,0,4,0,1,0,1,0,0,0
2025-11-28 15:00:00,275,14.0,933.0,255.7201219512195,227.0,-15.0,7.0,11.0,3.0,9.0,2.0,3.0,15.9,14.8,2.0,0,4,0,1,0,1,0,0,0
2025-11-28 16:00:00,276,14.0,1545.0,393.675,661.0,138.0,6.0,11.0,3.0,8.0,5.0,1.0,15.1,13.0,2.0,0,4,0,1,0,1,0,0,0
2025-11-28 17:00:00,277,23.0,2595.0,611.1871951219513,550.0,218.0,10.0,17.0,6.0,16.0,7.0,0.0,14.0,11.1,2.0,0,4,0,1,0,1,0,0,0
2025-11-28 18:00:00,278,33.0,3558.0,923.673780487805,1073.0,312.0,15.0,20.0,13.0,23.0,9.0,1.0,10.4,9.3,2.0,0,4,0,1,0,1,0,0,0
2025-11-28 19:00:00,279,36.0,3029.0,1016.1121951219512,1327.0,92.0,18.0,23.0,13.0,19.0,14.0,3.0,10.3,9.3,2.0,0,4,0,1,0,1,0,0,0
2025-11-28 20:00:00,280,20.0,641.0,675.1640243902439,227.0,-341.0,10.0,16.0,4.0,8.0,9.0,3.0,10.1,9.3,2.0,0,4,0,1,0,0,1,0,0
2025-11-28 21:00:00,281,4.0,45.0,201.09268292682927,45.0,-474.0,2.0,4.0,0.0,1.0,2.0,1.0,9.9,11.1,2.0,0,4,0,1,0,0,1,0,0
2025-11-28 22:00:00,282,1.0,0.0,23.395121951219515,0.0,-178.0,1.0,1.0,0.0,0.0,1.0,0.0,9.7,13.0,2.0,0,4,0,1,0,0,1,0,0
2025-11-28 23:00:00,283,0.0,0.0,0.0,0.0,0.0,0.0,0.0,0.0,0.0,0.0,0.0,9.7,13.0,2.0,1,4,0,1,0,0,1,0,0
2025-11-29 00:00:00,284,0.0,0.0,0.0,0.0,0.0,0.0,0.0,0.0,0.0,0.0,0.0,9.7,13.0,2.0,1,5,1,0,0,0,1,0,0
2025-11-29 01:00:00,285,0.0,0.0,0.0,0.0,0.0,0.0,0.0,0.0,0.0,0.0,0.0,9.7,13.0,2.0,1,5,1,0,0,0,1,0,0
2025-11-29 02:00:00,286,0.0,0.0,0.0,0.0,0.0,0.0,0.0,0.0,0.0,0.0,0.0,9.7,13.0,2.0,1,5,1,0,0,0,1,0,0
2025-11-29 03:00:00,287,0.0,0.0,0.0,0.0,0.0,0.0,0.0,0.0,0.0,0.0,0.0,9.7,13.0,2.0,1,5,1,0,0,0,1,0,0
2025-11-29 04:00:00,288,6.0,999.0,0.0,0.0,0.0,5.0,6.0,0.0,5.0,0.0,1.0,8.0,9.0,2.0,0,5,1,0,1,0,0,0,0
2025-11-29 05:00:00,289,7.0,151.0,20.0,0.0,0.0,5.0,7.0,0.0,6.0,0.0,1.0,7.0,8.0,2.0,0,5,1,0,1,0,0,0,0
2025-11-29 06:00:00,290,6.0,893.0,157.2,160.0,137.0,4.0,6.0,0.0,4.0,1.0,1.0,6.9,18.0,1.0,0,5,1,0,1,0,0,0,0
2025-11-29 07:00:00,291,18.0,2474.0,475.0560975609756,469.0,318.0,10.0,13.0,5.0,12.0,4.0,2.0,6.0,8.0,2.0,0,5,1,0,1,0,0,0,0
2025-11-29 08:00:00,292,26.0,2320.0,807.3817073170732,1266.0,332.0,11.0,19.0,7.0,14.0,11.0,1.0,7.0,11.0,2.0,0,5,1,0,1,0,0,0,0
2025-11-29 09:00:00,293,18.0,874.0,831.310975609756,502.0,24.0,8.0,15.0,3.0,7.0,11.0,0.0,9.0,10.0,2.0,0,5,1,0,1,0,0,0,0
2025-11-29 10:00:00,294,10.0,955.0,595.0,545.0,-236.0,5.0,6.0,4.0,4.0,6.0,0.0,12.0,7.0,2.0,0,5,1,0,1,0,0,0,0
2025-11-29 11:00:00,295,15.0,1827.0,729.140243902439,932.0,134.0,6.0,8.0,7.0,6.0,8.0,1.0,14.0,5.0,2.0,0,5,1,0,1,0,0,0,0
2025-11-29 12:00:00,296,19.0,1625.0,551.5280487804878,382.0,-178.0,11.0,14.0,5.0,10.0,7.0,2.0,16.1,9.0,3.0,0,5,1,0,0,1,0,0,0
2025-11-29 13:00:00,297,11.0,412.0,245.4518292682927,180.0,-306.0,8.0,10.0,1.0,7.0,3.0,1.0,16.0,9.0,2.0,0,5,1,0,0,1,0,0,0
2025-11-29 14:00:00,298,7.0,931.0,317.70182926829267,372.0,72.0,6.0,6.0,1.0,4.0,3.0,0.0,16.0,14.0,2.0,0,5,1,0,0,1,0,0,0
2025-11-29 15:00:00,299,11.0,1115.0,458.044512195122,554.0,140.0,11.0,9.0,2.0,6.0,5.0,0.0,15.0,15.0,2.0,0,5,1,0,0,1,0,0,0
2025-11-29 16:00:00,300,14.0,1519.0,459.2048780487805,360.0,1.0,9.0,9.0,5.0,9.0,5.0,0.0,15.0,11.0,2.0,0,5,1,0,0,1,0,0,0
2025-11-29 17:00:00,301,17.0,1692.0,391.609756097561,370.0,-68.0,7.0,9.0,8.0,13.0,4.0,0.0,14.0,9.0,2.0,0,5,1,0,0,1,0,0,0
2025-11-29 18:00:00,302,20.0,2129.0,289.5939024390244,464.0,-102.0,11.0,14.0,6.0,14.0,4.0,2.0,12.5,8.0,3.0,0,5,1,0,0,1,0,0,0
2025-11-29 19:00:00,303,18.0,1321.0,361.2719512195122,181.0,72.0,11.0,15.0,3.0,12.0,3.0,3.0,12.0,5.0,2.0,0,5,1,0,0,1,0,0,0
2025-11-29 20:00:00,304,10.0,572.0,336.9615853658537,392.0,-24.0,5.0,8.0,2.0,6.0,3.0,1.0,11.4,9.3,2.0,0,5,1,0,0,0,1,0,0
2025-11-29 21:00:00,305,3.0,0.0,102.54268292682929,0.0,-234.0,1.0,2.0,1.0,1.0,2.0,0.0,11.2,7.4,2.0,0,5,1,0,0,0,1,0,0
2025-11-29 22:00:00,306,0.0,0.0,0.0,0.0,0.0,0.0,0.0,0.0,0.0,0.0,0.0,11.2,7.4,2.0,1,5,1,0,0,0,1,0,0
2025-11-29 23:00:00,307,0.0,0.0,0.0,0.0,0.0,0.0,0.0,0.0,0.0,0.0,0.0,11.2,7.4,2.0,1,5,1,0,0,0,1,0,0
2025-11-30 00:00:00,308,0.0,0.0,0.0,0.0,0.0,0.0,0.0,0.0,0.0,0.0,0.0,11.2,7.4,2.0,1,6,1,0,0,0,1,0,0
2025-11-30 01:00:00,309,0.0,0.0,0.0,0.0,0.0,0.0,0.0,0.0,0.0,0.0,0.0,11.2,7.4,2.0,1,6,1,0,0,0,1,0,0
2025-11-30 02:00:00,310,0.0,0.0,0.0,0.0,0.0,0.0,0.0,0.0,0.0,0.0,0.0,11.2,7.4,2.0,1,6,1,0,0,0,1,0,0
2025-11-30 03:00:00,311,0.0,0.0,0.0,0.0,0.0,0.0,0.0,0.0,0.0,0.0,0.0,11.2,7.4,2.0,1,6,1,0,0,0,1,0,0
2025-11-30 04:00:00,312,7.0,1237.0,135.65,174.0,33.0,6.0,7.0,0.0,6.0,1.0,0.0,8.0,9.0,2.0,0,6,1,0,1,0,0,0,0
2025-11-30 05:00:00,313,11.0,696.0,222.1817073170732,333.0,87.0,9.0,11.0,0.0,7.0,3.0,1.0,8.0,12.0,2.0,0,6,1,0,1,0,0,0,0
2025-11-30 06:00:00,314,10.0,1006.0,155.8939024390244,0.0,-66.0,4.0,10.0,0.0,6.0,2.0,2.0,7.3,22.0,2.0,0,6,1,0,1,0,0,0,0
2025-11-30 07:00:00,315,22.0,3066.0,275.22439024390246,218.0,119.0,10.0,16.0,6.0,18.0,1.0,3.0,8.0,11.0,2.0,0,6,1,0,1,0,0,0,0
2025-11-30 08:00:00,316,27.0,2113.0,540.809756097561,915.0,266.0,17.0,20.0,7.0,19.0,6.0,2.0,8.0,10.0,2.0,0,6,1,0,1,0,0,0,0
2025-11-30 09:00:00,317,18.0,1159.0,414.6280487804878,179.0,-126.0,10.0,16.0,2.0,11.0,6.0,1.0,9.0,11.0,2.0,0,6,1,0,1,0,0,0,0
2025-11-30 10:00:00,318,15.0,1438.0,304.234756097561,396.0,-110.0,8.0,14.0,1.0,9.0,3.0,3.0,11.0,10.0,2.0,0,6,1,0,1,0,0,0,0
2025-11-30 11:00:00,319,16.0,1447.0,420.3621951219512,336.0,116.0,10.0,15.0,1.0,9.0,4.0,3.0,12.0,11.0,2.0,0,6,1,0,1,0,0,0,0
2025-11-30 12:00:00,320,20.0,2071.0,439.8048780487805,547.0,19.0,8.0,19.0,1.0,13.0,5.0,2.0,13.3,17.0,2.0,0,6,1,0,0,1,0,0,0
2025-11-30 13:00:00,321,20.0,1494.0,265.44573170731707,165.0,-174.0,8.0,16.0,4.0,15.0,4.0,1.0,14.0,7.0,2.0,0,6,1,0,0,1,0,0,0
2025-11-30 14:00:00,322,13.0,908.0,314.6256097560976,365.0,49.0,8.0,9.0,4.0,10.0,3.0,0.0,15.0,3.0,2.0,0,6,1,0,0,1,0,0,0
2025-11-30 15:00:00,323,12.0,1238.0,437.25853658536585,343.0,123.0,9.0,8.0,4.0,7.0,4.0,1.0,16.0,4.0,2.0,0,6,1,0,0,1,0,0,0
2025-11-30 16:00:00,324,20.0,2269.0,391.705487804878,540.0,-46.0,10.0,15.0,5.0,12.0,5.0,3.0,15.0,4.0,2.0,0,6,1,0,0,1,0,0,0
2025-11-30 17:00:00,325,26.0,2472.0,765.6524390243902,1129.0,374.0,10.0,21.0,5.0,15.0,9.0,2.0,14.0,2.0,2.0,0,6,1,0,0,1,0,0,0
2025-11-30 18:00:00,326,31.0,3297.0,883.5530487804879,724.0,118.0,10.0,19.0,12.0,20.0,10.0,1.0,10.9,7.4,2.0,0,6,1,0,0,1,0,0,0
2025-11-30 19:00:00,327,31.0,2416.0,840.7512195121951,901.0,-43.0,9.0,20.0,11.0,20.0,9.0,2.0,10.8,9.3,2.0,0,6,1,0,0,1,0,0,0
2025-11-30 20:00:00,328,16.0,630.0,532.0621951219513,218.0,-309.0,5.0,12.0,4.0,9.0,6.0,1.0,10.6,11.1,2.0,0,6,1,0,0,0,1,0,0
2025-11-30 21:00:00,329,4.0,180.0,238.2317073170732,180.0,-294.0,2.0,3.0,1.0,2.0,2.0,0.0,10.2,13.0,2.0,0,6,1,0,0,0,1,0,0
2025-11-30 22:00:00,330,1.0,0.0,58.82439024390244,0.0,-179.0,1.0,1.0,0.0,0.0,1.0,0.0,10.0,13.0,2.0,0,6,1,0,0,0,1,0,0
2025-11-30 23:00:00,331,0.0,0.0,0.0,0.0,0.0,0.0,0.0,0.0,0.0,0.0,0.0,10.0,13.0,2.0,1,6,1,0,0,0,1,0,0
2025-12-01 00:00:00,332,0.0,0.0,0.0,0.0,0.0,0.0,0.0,0.0,0.0,0.0,0.0,10.0,13.0,2.0,1,0,0,1,0,0,1,0,0
2025-12-01 01:00:00,333,0.0,0.0,0.0,0.0,0.0,0.0,0.0,0.0,0.0,0.0,0.0,10.0,13.0,2.0,1,0,0,1,0,0,1,0,0
2025-12-01 02:00:00,334,0.0,0.0,0.0,0.0,0.0,0.0,0.0,0.0,0.0,0.0,0.0,10.0,13.0,2.0,1,0,0,1,0,0,1,0,0
2025-12-01 03:00:00,335,0.0,0.0,0.0,0.0,0.0,0.0,0.0,0.0,0.0,0.0,0.0,10.0,13.0,2.0,1,0,0,1,0,0,1,0,0
2025-12-01 04:00:00,336,9.0,1598.0,219.0,524.0,160.0,7.0,8.0,1.0,6.0,3.0,0.0,7.0,12.0,2.0,0,0,0,1,1,0,0,0,0
2025-12-01 05:00:00,337,14.0,706.0,220.94634146341463,0.0,2.0,10.0,13.0,1.0,8.0,3.0,3.0,7.0,11.0,2.0,0,0,0,1,1,0,0,0,0
2025-12-01 06:00:00,338,9.0,709.0,139.85365853658536,0.0,-81.0,5.0,8.0,1.0,6.0,0.0,3.0,7.1,22.0,2.0,0,0,0,1,1,0,0,0,0
2025-12-01 07:00:00,339,21.0,3021.0,497.325,660.0,357.0,7.0,16.0,5.0,15.0,4.0,2.0,7.0,13.0,2.0,0,0,0,1,1,0,0,0,0
2025-12-01 08:00:00,340,32.0,2795.0,894.6359756097561,1233.0,397.0,13.0,25.0,7.0,19.0,11.0,2.0,7.0,14.0,2.0,0,0,0,1,1,0,0,0,0
2025-12-01 09:00:00,341,23.0,1418.0,878.965243902439,678.0,-16.0,12.0,19.0,4.0,12.0,11.0,0.0,9.0,14.0,2.0,0,0,0,1,1,0,0,0,0
2025-12-01 10:00:00,342,16.0,1501.0,514.2073170731708,394.0,-365.0,8.0,12.0,4.0,9.0,6.0,1.0,11.0,13.0,1.0,0,0,0,1,1,0,0,0,0
2025-12-01 11:00:00,343,21.0,2236.0,508.1128048780488,891.0,-6.0,9.0,15.0,6.0,13.0,7.0,1.0,12.0,10.0,1.0,0,0,0,1,1,0,0,0,0
2025-12-01 12:00:00,344,23.0,1690.0,693.5939024390244,322.0,185.0,6.0,18.0,5.0,15.0,7.0,1.0,13.9,9.0,1.0,0,0,0,1,0,1,0,0,0
2025-12-01 13:00:00,345,16.0,1156.0,633.715243902439,739.0,-60.0,4.0,12.0,4.0,9.0,6.0,1.0,15.0,3.0,1.0,0,0,0,1,0,1,0,0,0
2025-12-01 14:00:00,346,14.0,1455.0,549.8658536585366,365.0,-84.0,9.0,8.0,6.0,7.0,6.0,1.0,16.0,2.0,2.0,0,0,0,1,0,1,0,0,0
2025-12-01 15:00:00,347,19.0,1928.0,559.0237804878049,707.0,9.0,10.0,13.0,6.0,11.0,6.0,2.0,15.0,2.0,2.0,0,0,0,1,0,1,0,0,0
2025-12-01 16:00:00,348,16.0,833.0,399.4121951219512,148.0,-160.0,7.0,12.0,4.0,9.0,5.0,2.0,14.1,16.7,2.0,0,0,0,1,0,1,0,0,0
2025-12-01 17:00:00,349,17.0,2235.0,565.3676829268293,910.0,166.0,9.0,10.0,7.0,9.0,6.0,2.0,13.1,14.8,2.0,0,0,0,1,0,1,0,0,0
2025-12-01 18:00:00,350,30.0,3339.0,807.6585365853658,584.0,242.0,15.0,20.0,10.0,20.0,8.0,2.0,10.9,13.0,2.0,0,0,0,1,0,1,0,0,0
2025-12-01 19:00:00,351,33.0,2789.0,754.2384146341464,1273.0,-53.0,17.0,22.0,11.0,21.0,10.0,2.0,10.8,11.1,2.0,0,0,0,1,0,1,0,0,0
2025-12-01 20:00:00,352,19.0,848.0,627.0829268292683,218.0,-127.0,9.0,13.0,6.0,10.0,8.0,1.0,10.6,9.3,2.0,0,0,0,1,0,0,1,0,0
2025-12-01 21:00:00,353,5.0,189.0,277.4707317073171,189.0,-350.0,2.0,5.0,0.0,3.0,2.0,0.0,10.4,9.3,2.0,0,0,0,1,0,0,1,0,0
2025-12-01 22:00:00,354,1.0,0.0,32.72439024390244,0.0,-245.0,1.0,1.0,0.0,0.0,1.0,0.0,10.2,9.3,2.0,0,0,0,1,0,0,1,0,0
2025-12-01 23:00:00,355,0.0,0.0,0.0,0.0,0.0,0.0,0.0,0.0,0.0,0.0,0.0,10.2,9.3,2.0,1,0,0,1,0,0,1,0,0
2025-12-02 00:00:00,356,0.0,0.0,0.0,0.0,0.0,0.0,0.0,0.0,0.0,0.0,0.0,10.2,9.3,2.0,1,1,0,1,0,0,1,0,0
2025-12-02 01:00:00,357,0.0,0.0,0.0,0.0,0.0,0.0,0.0,0.0,0.0,0.0,0.0,10.2,9.3,2.0,1,1,0,1,0,0,1,0,0
2025-12-02 02:00:00,358,0.0,0.0,0.0,0.0,0.0,0.0,0.0,0.0,0.0,0.0,0.0,10.2,9.3,2.0,1,1,0,1,0,0,1,0,0
2025-12-02 03:00:00,359,0.0,0.0,0.0,0.0,0.0,0.0,0.0,0.0,0.0,0.0,0.0,10.2,9.3,2.0,1,1,0,1,0,0,1,0,0
2025-12-02 04:00:00,360,5.0,870.0,115.05,176.0,82.0,4.0,5.0,0.0,4.0,1.0,0.0,8.9,9.3,2.0,0,1,0,1,1,0,0,0,0
2025-12-02 05:00:00,361,10.0,845.0,111.95,151.0,-3.0,7.0,10.0,0.0,8.0,2.0,0.0,8.6,11.1,2.0,0,1,0,1,1,0,0,0,0
2025-12-02 06:00:00,362,8.0,516.0,123.12378048780488,0.0,11.0,5.0,8.0,0.0,7.0,1.0,0.0,8.4,11.1,2.0,0,1,0,1,1,0,0,0,0
2025-12-02 07:00:00,363,13.0,1973.0,273.55121951219513,460.0,150.0,4.0,11.0,2.0,10.0,3.0,0.0,8.5,13.0,2.0,0,1,0,1,1,0,0,0,0
2025-12-02 08:00:00,364,17.0,1326.0,421.8737804878049,550.0,148.0,5.0,14.0,3.0,11.0,6.0,0.0,8.8,14.8,2.0,0,1,0,1,1,0,0,0,0
2025-12-02 09:00:00,365,10.0,492.0,375.5493902439025,167.0,-46.0,4.0,7.0,3.0,6.0,4.0,0.0,9.6,14.8,2.0,0,1,0,1,1,0,0,0,0
2025-12-02 10:00:00,366,10.0,1263.0,326.17134146341465,553.0,-49.0,4.0,6.0,4.0,6.0,4.0,0.0,11.3,14.8,2.0,0,1,0,1,1,0,0,0,0
2025-12-02 11:00:00,367,8.0,184.0,455.64573170731705,184.0,129.0,3.0,6.0,2.0,4.0,4.0,0.0,12.8,13.0,2.0,0,1,0,1,1,0,0,0,0
2025-12-02 12:00:00,368,5.0,780.0,418.8731707317073,593.0,-37.0,2.0,5.0,0.0,1.0,4.0,0.0,13.9,11.1,2.0,0,1,0,1,0,1,0,0,0
2025-12-02 13:00:00,369,6.0,360.0,277.9493902439024,185.0,-141.0,3.0,6.0,0.0,2.0,4.0,0.0,14.9,11.1,2.0,0,1,0,1,0,1,0,0,0
2025-12-02 14:00:00,370,3.0,185.0,76.95487804878049,0.0,-201.0,2.0,3.0,0.0,2.0,1.0,0.0,14.9,11.1,2.0,0,1,0,1,0,1,0,0,0
2025-12-02 15:00:00,371,5.0,763.0,2.707317073170732,0.0,-74.0,3.0,4.0,1.0,4.0,0.0,1.0,14.5,11.1,2.0,0,1,0,1,0,1,0,0,0
2025-12-02 16:00:00,372,8.0,747.0,45.1,0.0,42.0,4.0,6.0,2.0,7.0,0.0,1.0,13.8,11.1,2.0,0,1,0,1,0,1,0,0,0
2025-12-02 17:00:00,373,11.0,1385.0,197.8,344.0,153.0,4.0,9.0,2.0,8.0,2.0,1.0,12.9,11.1,2.0,0,1,0,1,0,1,0,0,0
2025-12-02 18:00:00,374,11.0,705.0,279.27500000000003,165.0,81.0,3.0,9.0,2.0,7.0,3.0,1.0,9.7,11.1,2.0,0,1,0,1,0,1,0,0,0
2025-12-02 19:00:00,375,7.0,587.0,127.075,187.0,-152.0,2.0,5.0,2.0,5.0,2.0,0.0,9.6,11.1,2.0,0,1,0,1,0,1,0,0,0
2025-12-02 20:00:00,376,4.0,181.0,46.75,0.0,-80.0,2.0,3.0,1.0,3.0,1.0,0.0,9.5,11.1,2.0,0,1,0,1,0,0,1,0,0
2025-12-02 21:00:00,377,1.0,0.0,0.0,0.0,0.0,1.0,1.0,0.0,1.0,0.0,0.0,9.4,13.0,2.0,0,1,0,1,0,0,1,0,0
2025-12-02 22:00:00,378,0.0,0.0,0.0,0.0,0.0,0.0,0.0,0.0,0.0,0.0,0.0,9.4,13.0,2.0,1,1,0,1,0,0,1,0,0
2025-12-02 23:00:00,379,0.0,0.0,0.0,0.0,0.0,0.0,0.0,0.0,0.0,0.0,0.0,9.4,13.0,2.0,1,1,0,1,0,0,1,0,0
2025-12-03 00:00:00,380,0.0,0.0,0.0,0.0,0.0,0.0,0.0,0.0,0.0,0.0,0.0,9.4,13.0,2.0,1,2,0,1,0,0,1,0,0
2025-12-03 01:00:00,381,0.0,0.0,0.0,0.0,0.0,0.0,0.0,0.0,0.0,0.0,0.0,9.4,13.0,2.0,1,2,0,1,0,0,1,0,0
2025-12-03 02:00:00,382,0.0,0.0,0.0,0.0,0.0,0.0,0.0,0.0,0.0,0.0,0.0,9.4,13.0,2.0,1,2,0,1,0,0,1,0,0
2025-12-03 03:00:00,383,0.0,0.0,0.0,0.0,0.0,0.0,0.0,0.0,0.0,0.0,0.0,9.4,13.0,2.0,1,2,0,1,0,0,1,0,0
2025-12-03 04:00:00,384,9.0,1359.0,373.225,677.0,0.0,7.0,9.0,0.0,3.0,4.0,2.0,9.0,13.0,2.0,0,2,0,1,1,0,0,0,0
2025-12-03 05:00:00,385,12.0,378.0,258.359756097561,151.0,-115.0,8.0,12.0,0.0,4.0,5.0,3.0,8.0,12.0,2.0,0,2,0,1,1,0,0,0,0
2025-12-03 06:00:00,386,5.0,340.0,76.3719512195122,0.0,-182.0,2.0,5.0,0.0,3.0,1.0,1.0,8.0,21.0,1.0,0,2,0,1,1,0,0,0,0
2025-12-03 07:00:00,387,11.0,1793.0,166.89329268292684,162.0,91.0,5.0,9.0,2.0,10.0,1.0,0.0,8.0,12.0,2.0,0,2,0,1,1,0,0,0,0
2025-12-03 08:00:00,388,20.0,1990.0,443.1030487804878,846.0,276.0,7.0,13.0,7.0,14.0,6.0,0.0,8.0,12.0,2.0,0,2,0,1,1,0,0,0,0
2025-12-03 09:00:00,389,14.0,549.0,451.4091463414634,167.0,8.0,5.0,8.0,6.0,8.0,6.0,0.0,9.0,13.0,2.0,0,2,0,1,1,0,0,0,0
2025-12-03 10:00:00,390,5.0,398.0,242.38231707317075,209.0,-209.0,3.0,4.0,1.0,3.0,2.0,0.0,11.0,13.0,2.0,0,2,0,1,1,0,0,0,0
2025-12-03 11:00:00,391,5.0,549.0,280.47682926829265,197.0,38.0,2.0,4.0,1.0,3.0,2.0,0.0,11.7,18.5,2.0,0,2,0,1,1,0,0,0,0
2025-12-03 12:00:00,392,7.0,676.0,202.67865853658537,322.0,-78.0,1.0,5.0,2.0,4.0,3.0,0.0,13.1,16.7,2.0,0,2,0,1,0,1,0,0,0
2025-12-03 13:00:00,393,11.0,1327.0,186.91036585365853,227.0,-16.0,2.0,9.0,2.0,8.0,3.0,0.0,14.2,16.7,2.0,0,2,0,1,0,1,0,0,0
2025-12-03 14:00:00,394,11.0,749.0,223.244512195122,0.0,36.0,5.0,10.0,1.0,10.0,1.0,0.0,14.7,16.7,2.0,0,2,0,1,0,1,0,0,0
2025-12-03 15:00:00,395,8.0,953.0,349.4701219512195,779.0,126.0,4.0,7.0,1.0,5.0,3.0,0.0,14.3,16.7,2.0,0,2,0,1,0,1,0,0,0
2025-12-03 16:00:00,396,9.0,808.0,427.0493902439025,0.0,78.0,4.0,7.0,2.0,5.0,3.0,1.0,13.6,14.8,2.0,0,2,0,1,0,1,0,0,0
2025-12-03 17:00:00,397,16.0,2035.0,401.3756097560976,545.0,-26.0,9.0,11.0,5.0,10.0,3.0,3.0,12.6,13.0,1.0,0,2,0,1,0,1,0,0,0
2025-12-03 18:00:00,398,20.0,1698.0,450.57743902439023,727.0,49.0,8.0,14.0,6.0,11.0,7.0,2.0,9.9,11.1,1.0,0,2,0,1,0,1,0,0,0
2025-12-03 19:00:00,399,12.0,577.0,359.81036585365854,0.0,-91.0,2.0,8.0,4.0,8.0,4.0,0.0,9.7,13.0,1.0,0,2,0,1,0,1,0,0,0
2025-12-03 20:00:00,400,4.0,189.0,136.38719512195124,189.0,-223.0,1.0,2.0,2.0,3.0,1.0,0.0,9.4,13.0,1.0,0,2,0,1,0,0,1,0,0
2025-12-03 21:00:00,401,1.0,0.0,28.35,0.0,-108.0,1.0,1.0,0.0,0.0,1.0,0.0,9.0,13.0,1.0,0,2,0,1,0,0,1,0,0
2025-12-03 22:00:00,402,0.0,0.0,0.0,0.0,0.0,0.0,0.0,0.0,0.0,0.0,0.0,9.0,13.0,1.0,1,2,0,1,0,0,1,0,0
2025-12-03 23:00:00,403,0.0,0.0,0.0,0.0,0.0,0.0,0.0,0.0,0.0,0.0,0.0,9.0,13.0,1.0,1,2,0,1,0,0,1,0,0
2025-12-04 00:00:00,404,0.0,0.0,0.0,0.0,0.0,0.0,0.0,0.0,0.0,0.0,0.0,9.0,13.0,1.0,1,3,0,1,0,0,1,0,0
2025-12-04 01:00:00,405,0.0,0.0,0.0,0.0,0.0,0.0,0.0,0.0,0.0,0.0,0.0,9.0,13.0,1.0,1,3,0,1,0,0,1,0,0
2025-12-04 02:00:00,406,0.0,0.0,0.0,0.0,0.0,0.0,0.0,0.0,0.0,0.0,0.0,9.0,13.0,1.0,1,3,0,1,0,0,1,0,0
2025-12-04 03:00:00,407,0.0,0.0,0.0,0.0,0.0,0.0,0.0,0.0,0.0,0.0,0.0,9.0,13.0,1.0,1,3,0,1,0,0,1,0,0
2025-12-04 04:00:00,408,6.0,886.0,271.825,526.0,243.0,4.0,5.0,1.0,2.0,3.0,1.0,6.0,9.0,2.0,0,3,0,1,1,0,0,0,0
2025-12-04 05:00:00,409,12.0,929.0,132.56951219512194,0.0,-139.0,7.0,11.0,1.0,7.0,3.0,2.0,6.0,9.0,2.0,0,3,0,1,1,0,0,0,0
2025-12-04 06:00:00,410,9.0,558.0,61.980487804878045,0.0,-71.0,6.0,9.0,0.0,8.0,0.0,1.0,5.1,17.0,1.0,0,3,0,1,1,0,0,0,0
2025-12-04 07:00:00,411,14.0,2179.0,214.3,295.0,152.0,6.0,9.0,5.0,12.0,2.0,0.0,5.0,5.0,2.0,0,3,0,1,1,0,0,0,0
2025-12-04 08:00:00,412,22.0,2017.0,521.7871951219512,653.0,307.0,7.0,16.0,6.0,15.0,6.0,1.0,7.0,9.0,2.0,0,3,0,1,1,0,0,0,0
2025-12-04 09:00:00,413,17.0,1108.0,773.8920731707317,720.0,252.0,8.0,15.0,2.0,7.0,8.0,2.0,9.0,11.1,2.0,0,3,0,1,1,0,0,0,0
2025-12-04 10:00:00,414,12.0,1132.0,533.8042682926829,734.0,-240.0,6.0,9.0,3.0,3.0,8.0,1.0,9.8,13.0,3.0,0,3,0,1,1,0,0,0,0
2025-12-04 11:00:00,415,15.0,1556.0,605.7371951219512,380.0,72.0,7.0,12.0,3.0,9.0,6.0,0.0,10.9,13.0,3.0,0,3,0,1,1,0,0,0,0
2025-12-04 12:00:00,416,19.0,1723.0,725.15,925.0,119.0,7.0,17.0,2.0,12.0,7.0,0.0,11.7,13.0,3.0,0,3,0,1,0,1,0,0,0
2025-12-04 13:00:00,417,11.0,185.0,452.49146341463415,185.0,-273.0,3.0,9.0,2.0,5.0,6.0,0.0,12.2,13.0,3.0,0,3,0,1,0,1,0,0,0
2025-12-04 14:00:00,418,8.0,1238.0,120.2378048780488,183.0,-332.0,5.0,6.0,2.0,4.0,2.0,2.0,12.5,14.8,3.0,0,3,0,1,0,1,0,0,0
2025-12-04 15:00:00,419,11.0,698.0,97.54024390243904,0.0,-23.0,6.0,10.0,1.0,8.0,1.0,2.0,12.2,14.8,3.0,0,3,0,1,0,1,0,0,0
2025-12-04 16:00:00,420,11.0,1308.0,159.88475609756097,195.0,62.0,5.0,9.0,2.0,10.0,1.0,0.0,11.6,13.0,2.0,0,3,0,1,0,1,0,0,0
2025-12-04 17:00:00,421,19.0,2262.0,392.1182926829269,712.0,232.0,8.0,15.0,4.0,13.0,5.0,1.0,10.8,13.0,2.0,0,3,0,1,0,1,0,0,0
2025-12-04 18:00:00,422,22.0,1938.0,585.9243902439025,569.0,194.0,7.0,18.0,4.0,14.0,7.0,1.0,10.3,11.1,2.0,0,3,0,1,0,1,0,0,0
2025-12-04 19:00:00,423,20.0,1939.0,491.35,167.0,-95.0,6.0,12.0,8.0,16.0,4.0,0.0,9.6,11.1,2.0,0,3,0,1,0,1,0,0,0
2025-12-04 20:00:00,424,12.0,454.0,273.1323170731707,454.0,-218.0,4.0,6.0,6.0,9.0,3.0,0.0,9.0,11.1,2.0,0,3,0,1,0,0,1,0,0
2025-12-04 21:00:00,425,2.0,0.0,155.85487804878048,0.0,-117.0,0.0,2.0,0.0,0.0,2.0,0.0,8.6,11.1,2.0,0,3,0,1,0,0,1,0,0
2025-12-04 22:00:00,426,0.0,0.0,0.0,0.0,0.0,0.0,0.0,0.0,0.0,0.0,0.0,8.6,11.1,2.0,1,3,0,1,0,0,1,0,0
2025-12-04 23:00:00,427,0.0,0.0,0.0,0.0,0.0,0.0,0.0,0.0,0.0,0.0,0.0,8.6,11.1,2.0,1,3,0,1,0,0,1,0,0
2025-12-05 00:00:00,428,0.0,0.0,0.0,0.0,0.0,0.0,0.0,0.0,0.0,0.0,0.0,8.6,11.1,2.0,1,4,0,1,0,0,1,0,0
2025-12-05 01:00:00,429,0.0,0.0,0.0,0.0,0.0,0.0,0.0,0.0,0.0,0.0,0.0,8.6,11.1,2.0,1,4,0,1,0,0,1,0,0
2025-12-05 02:00:00,430,0.0,0.0,0.0,0.0,0.0,0.0,0.0,0.0,0.0,0.0,0.0,8.6,11.1,2.0,1,4,0,1,0,0,1,0,0
2025-12-05 03:00:00,431,0.0,0.0,0.0,0.0,0.0,0.0,0.0,0.0,0.0,0.0,0.0,8.6,11.1,2.0,1,4,0,1,0,0,1,0,0
2025-12-05 04:00:00,432,7.0,1266.0,134.15,189.0,-22.0,6.0,7.0,0.0,6.0,1.0,0.0,9.0,10.0,2.0,0,4,0,1,1,0,0,0,1
2025-12-05 05:00:00,433,10.0,468.0,212.55,151.0,78.0,7.0,10.0,0.0,7.0,2.0,1.0,9.0,6.0,2.0,0,4,0,1,1,0,0,0,1
2025-12-05 06:00:00,434,10.0,1246.0,345.0067073170732,361.0,132.0,5.0,9.0,1.0,6.0,3.0,1.0,9.0,10.0,2.0,0,4,0,1,1,0,0,0,1
2025-12-05 07:00:00,435,23.0,3013.0,662.8432926829269,878.0,318.0,9.0,19.0,4.0,14.0,7.0,2.0,8.8,14.8,2.0,0,4,0,1,1,0,0,0,1
2025-12-05 08:00:00,436,31.0,2837.0,1143.8591463414634,1482.0,481.0,10.0,21.0,10.0,16.0,13.0,2.0,9.0,16.7,2.0,0,4,0,1,1,0,0,0,1
2025-12-05 09:00:00,437,27.0,2098.0,806.1170731707317,518.0,-338.0,12.0,18.0,9.0,15.0,11.0,1.0,9.8,16.7,2.0,0,4,0,1,1,0,0,0,1
2025-12-05 10:00:00,438,20.0,1554.0,559.9042682926829,573.0,-246.0,11.0,15.0,5.0,13.0,6.0,1.0,11.2,14.8,2.0,0,4,0,1,1,0,0,0,1
2025-12-05 11:00:00,439,17.0,1677.0,639.7274390243903,721.0,80.0,7.0,12.0,5.0,10.0,7.0,0.0,12.5,13.0,2.0,0,4,0,1,1,0,0,0,1
2025-12-05 12:00:00,440,22.0,2262.0,596.2695121951219,506.0,-43.0,8.0,18.0,4.0,15.0,7.0,0.0,13.7,13.0,2.0,0,4,0,1,0,1,0,0,1
2025-12-05 13:00:00,441,20.0,1344.0,364.344512195122,227.0,-232.0,8.0,16.0,4.0,13.0,4.0,3.0,14.8,11.1,2.0,0,4,0,1,0,1,0,0,1
2025-12-05 14:00:00,442,16.0,1582.0,278.5579268292683,174.0,-86.0,8.0,10.0,6.0,9.0,2.0,5.0,15.0,11.1,2.0,0,4,0,1,0,1,0,0,1
2025-12-05 15:00:00,443,14.0,947.0,229.4701219512195,227.0,-49.0,7.0,9.0,5.0,9.0,2.0,3.0,14.9,11.1,2.0,0,4,0,1,0,1,0,0,1
2025-12-05 16:00:00,444,13.0,1373.0,319.125,490.0,90.0,6.0,9.0,4.0,8.0,4.0,1.0,14.2,9.3,2.0,0,4,0,1,0,1,0,0,1
2025-12-05 17:00:00,445,23.0,2838.0,530.325,574.0,211.0,11.0,15.0,8.0,17.0,6.0,0.0,13.2,9.3,2.0,0,4,0,1,0,1,0,0,1
2025-12-05 18:00:00,446,33.0,3390.0,870.4817073170732,915.0,340.0,15.0,20.0,13.0,24.0,8.0,1.0,12.1,9.3,2.0,0,4,0,1,0,1,0,0,1
2025-12-05 19:00:00,447,36.0,3401.0,1114.0658536585363,1653.0,244.0,18.0,21.0,15.0,19.0,14.0,3.0,11.3,9.3,2.0,0,4,0,1,0,1,0,0,1
2025-12-05 20:00:00,448,23.0,1047.0,973.0243902439024,400.0,-141.0,11.0,13.0,10.0,9.0,11.0,3.0,10.6,9.3,2.0,0,4,0,1,0,0,1,0,1
2025-12-05 21:00:00,449,6.0,187.0,347.1329268292683,187.0,-626.0,2.0,3.0,3.0,2.0,3.0,1.0,10.2,9.3,2.0,0,4,0,1,0,0,1,0,1
2025-12-05 22:00:00,450,1.0,0.0,51.79512195121952,0.0,-295.0,1.0,1.0,0.0,0.0,1.0,0.0,10.0,9.3,2.0,0,4,0,1,0,0,1,0,1
2025-12-05 23:00:00,451,0.0,0.0,0.0,0.0,0.0,0.0,0.0,0.0,0.0,0.0,0.0,10.0,9.3,2.0,1,4,0,1,0,0,1,0,0
2025-12-06 00:00:00,452,0.0,0.0,0.0,0.0,0.0,0.0,0.0,0.0,0.0,0.0,0.0,10.0,9.3,2.0,1,5,1,0,0,0,1,0,0
2025-12-06 01:00:00,453,0.0,0.0,0.0,0.0,0.0,0.0,0.0,0.0,0.0,0.0,0.0,10.0,9.3,2.0,1,5,1,0,0,0,1,0,0
2025-12-06 02:00:00,454,0.0,0.0,0.0,0.0,0.0,0.0,0.0,0.0,0.0,0.0,0.0,10.0,9.3,2.0,1,5,1,0,0,0,1,0,0
2025-12-06 03:00:00,455,0.0,0.0,0.0,0.0,0.0,0.0,0.0,0.0,0.0,0.0,0.0,10.0,9.3,2.0,1,5,1,0,0,0,1,0,0
2025-12-06 04:00:00,456,7.0,1256.0,61.425,189.0,10.0,6.0,5.0,2.0,5.0,1.0,1.0,9.6,11.1,2.0,0,5,1,0,1,0,0,1,0
2025-12-06 05:00:00,457,8.0,151.0,126.2548780487805,0.0,65.0,6.0,6.0,2.0,6.0,1.0,1.0,9.6,11.1,2.0,0,5,1,0,1,0,0,1,0
2025-12-06 06:00:00,458,6.0,890.0,174.99512195121952,160.0,49.0,4.0,5.0,1.0,4.0,1.0,1.0,11.7,13.0,2.0,0,5,1,0,1,0,0,1,0
2025-12-06 07:00:00,459,19.0,2728.0,489.6810975609756,475.0,315.0,11.0,15.0,4.0,12.0,4.0,3.0,11.7,11.1,2.0,0,5,1,0,1,0,0,1,0
2025-12-06 08:00:00,460,30.0,3061.0,851.3920731707317,1374.0,362.0,13.0,25.0,5.0,17.0,11.0,2.0,12.1,13.0,2.0,0,5,1,0,1,0,0,1,0
2025-12-06 09:00:00,461,21.0,873.0,877.2743902439024,496.0,26.0,9.0,18.0,3.0,10.0,11.0,0.0,12.8,14.8,2.0,0,5,1,0,1,0,0,1,0
2025-12-06 10:00:00,462,14.0,1713.0,589.7262195121951,567.0,-288.0,8.0,13.0,1.0,7.0,6.0,1.0,14.4,13.0,2.0,0,5,1,0,1,0,0,1,0
2025-12-06 11:00:00,463,18.0,1643.0,678.365243902439,752.0,89.0,9.0,16.0,2.0,9.0,7.0,2.0,15.9,11.1,2.0,0,5,1,0,1,0,0,1,0
2025-12-06 12:00:00,464,19.0,1773.0,524.1621951219512,513.0,-154.0,11.0,17.0,2.0,10.0,7.0,2.0,17.2,11.1,2.0,0,5,1,0,0,1,0,1,0
2025-12-06 13:00:00,465,11.0,189.0,291.98841463414635,189.0,-232.0,8.0,10.0,1.0,6.0,4.0,1.0,17.9,11.1,2.0,0,5,1,0,0,1,0,1,0
2025-12-06 14:00:00,466,7.0,1121.0,316.8646341463415,335.0,25.0,6.0,5.0,2.0,4.0,3.0,0.0,18.2,11.1,2.0,0,5,1,0,0,1,0,1,0
2025-12-06 15:00:00,467,15.0,1629.0,500.6292682926829,706.0,184.0,12.0,12.0,3.0,8.0,6.0,1.0,18.0,11.1,2.0,0,5,1,0,0,1,0,1,0
2025-12-06 16:00:00,468,16.0,1304.0,534.7310975609756,367.0,34.0,10.0,13.0,3.0,9.0,6.0,1.0,17.4,9.3,2.0,0,5,1,0,0,1,0,1,0
2025-12-06 17:00:00,469,17.0,1815.0,372.1658536585366,307.0,-163.0,7.0,13.0,4.0,13.0,4.0,0.0,16.3,7.4,2.0,0,5,1,0,0,1,0,1,0
2025-12-06 18:00:00,470,21.0,2105.0,268.3298780487805,453.0,-104.0,11.0,15.0,6.0,15.0,4.0,2.0,13.1,7.4,2.0,0,5,1,0,0,1,0,1,0
2025-12-06 19:00:00,471,17.0,1181.0,355.30121951219513,189.0,87.0,10.0,11.0,6.0,12.0,3.0,2.0,13.0,7.4,2.0,0,5,1,0,0,1,0,1,0
2025-12-06 20:00:00,472,9.0,557.0,335.54329268292685,383.0,-20.0,4.0,6.0,3.0,6.0,3.0,0.0,12.8,9.3,2.0,0,5,1,0,0,0,1,1,0
2025-12-06 21:00:00,473,3.0,0.0,101.44512195121952,0.0,-234.0,1.0,3.0,0.0,1.0,2.0,0.0,12.5,11.1,2.0,0,5,1,0,0,0,1,1,0
2025-12-06 22:00:00,474,0.0,0.0,0.0,0.0,0.0,0.0,0.0,0.0,0.0,0.0,0.0,12.5,11.1,2.0,1,5,1,0,0,0,1,0,0
2025-12-06 23:00:00,475,0.0,0.0,0.0,0.0,0.0,0.0,0.0,0.0,0.0,0.0,0.0,12.5,11.1,2.0,1,5,1,0,0,0,1,0,0
2025-12-07 00:00:00,476,0.0,0.0,0.0,0.0,0.0,0.0,0.0,0.0,0.0,0.0,0.0,12.5,11.1,2.0,1,6,1,0,0,0,1,0,0
2025-12-07 01:00:00,477,0.0,0.0,0.0,0.0,0.0,0.0,0.0,0.0,0.0,0.0,0.0,12.5,11.1,2.0,1,6,1,0,0,0,1,0,0
2025-12-07 02:00:00,478,0.0,0.0,0.0,0.0,0.0,0.0,0.0,0.0,0.0,0.0,0.0,12.5,11.1,2.0,1,6,1,0,0,0,1,0,0
2025-12-07 03:00:00,479,0.0,0.0,0.0,0.0,0.0,0.0,0.0,0.0,0.0,0.0,0.0,12.5,11.1,2.0,1,6,1,0,0,0,1,0,0
2025-12-07 04:00:00,480,8.0,1404.0,160.15,189.0,59.0,7.0,7.0,1.0,7.0,1.0,0.0,10.0,14.8,2.0,0,6,1,0,1,0,0,0,1
2025-12-07 05:00:00,481,14.0,917.0,265.92926829268293,401.0,106.0,10.0,13.0,1.0,9.0,4.0,1.0,10.0,14.8,2.0,0,6,1,0,1,0,0,0,1
2025-12-07 06:00:00,482,11.0,810.0,181.1798780487805,0.0,-85.0,4.0,10.0,1.0,6.0,3.0,2.0,12.4,14.8,2.0,0,6,1,0,1,0,0,0,1
2025-12-07 07:00:00,483,22.0,3134.0,363.64085365853657,414.0,182.0,11.0,19.0,3.0,17.0,2.0,3.0,12.4,14.8,2.0,0,6,1,0,1,0,0,0,1
2025-12-07 08:00:00,484,30.0,2436.0,735.2890243902439,1012.0,372.0,18.0,25.0,5.0,20.0,8.0,2.0,12.6,14.8,2.0,0,6,1,0,1,0,0,0,1
2025-12-07 09:00:00,485,21.0,1324.0,610.7914634146341,354.0,-124.0,10.0,16.0,5.0,12.0,8.0,1.0,13.4,14.8,2.0,0,6,1,0,1,0,0,0,1
2025-12-07 10:00:00,486,17.0,1617.0,485.2420731707317,605.0,-126.0,9.0,15.0,2.0,9.0,5.0,3.0,14.6,13.0,2.0,0,6,1,0,1,0,0,0,1
2025-12-07 11:00:00,487,18.0,1636.0,527.4621951219513,509.0,42.0,11.0,15.0,3.0,9.0,6.0,3.0,16.3,13.0,2.0,0,6,1,0,1,0,0,0,1
2025-12-07 12:00:00,488,21.0,2016.0,506.8646341463415,549.0,-21.0,8.0,18.0,3.0,13.0,6.0,2.0,17.6,13.0,2.0,0,6,1,0,0,1,0,0,1
2025-12-07 13:00:00,489,20.0,1457.0,269.9359756097561,165.0,-237.0,8.0,20.0,0.0,15.0,4.0,1.0,18.6,14.8,2.0,0,6,1,0,0,1,0,0,1
2025-12-07 14:00:00,490,13.0,871.0,313.2256097560976,351.0,43.0,8.0,13.0,0.0,10.0,3.0,0.0,18.7,16.7,2.0,0,6,1,0,0,1,0,0,1
2025-12-07 15:00:00,491,12.0,1243.0,436.7396341463415,354.0,124.0,9.0,11.0,1.0,7.0,4.0,1.0,18.4,14.8,2.0,0,6,1,0,0,1,0,0,1
2025-12-07 16:00:00,492,20.0,2237.0,391.8993902439025,547.0,-45.0,10.0,17.0,3.0,12.0,5.0,3.0,17.8,13.0,2.0,0,6,1,0,0,1,0,0,1
2025-12-07 17:00:00,493,26.0,2467.0,767.6335365853658,1122.0,376.0,10.0,21.0,5.0,15.0,9.0,2.0,16.5,9.3,2.0,0,6,1,0,0,1,0,0,1
2025-12-07 18:00:00,494,31.0,3401.0,894.3701219512195,746.0,127.0,10.0,23.0,8.0,20.0,10.0,1.0,15.5,9.3,2.0,0,6,1,0,0,1,0,0,1
2025-12-07 19:00:00,495,32.0,2645.0,850.8658536585366,901.0,-44.0,9.0,26.0,6.0,21.0,9.0,2.0,14.5,9.3,1.0,0,6,1,0,0,1,0,0,1
2025-12-07 20:00:00,496,17.0,636.0,531.184756097561,218.0,-320.0,5.0,16.0,1.0,10.0,6.0,1.0,13.5,11.1,1.0,0,6,1,0,0,0,1,0,1
2025-12-07 21:00:00,497,4.0,181.0,238.17134146341465,181.0,-293.0,2.0,4.0,0.0,2.0,2.0,0.0,13.1,11.1,1.0,0,6,1,0,0,0,1,0,1
2025-12-07 22:00:00,498,1.0,0.0,59.07439024390244,0.0,-179.0,1.0,1.0,0.0,0.0,1.0,0.0,12.6,13.0,1.0,0,6,1,0,0,0,1,0,1
